source_id,title,requested_url,final_url,access_date,status,http_status,redirect_count,content_type,content_length_header,etag,last_modified,bytes_fingerprinted,fingerprint_sha256,fingerprint_scope,technical_change,substantive_equivalence,expected_result,expectation_met,error,review_reasons
LRS-001BA8B8F002E1,National Supervisory Authority for Personal Data Processing,https://www.dataprotection.ro/,https://www.dataprotection.ro/,2026-07-30,accessible,200,0,text/html;charset=ISO-8859-1,,,,32716,7f34ca6f0af9e28cd321d42c59e21f9c6df4983d9e9d106855dc8c005376ba9c,complete received body,initial baseline,not assessed,,true,,
LRS-0037628FDB905E,Ministry of Health,https://static-0.minzdrav.gov.ru/system/attachments/attaches/000/029/442/original/%D0%9E%D0%B1_%D1%83%D1%82%D0%B2%D0%B5%D1%80%D0%B6%D0%B4%D0%B5%D0%BD%D0%B8%D0%B8_%D0%9F%D0%BE%D0%BB%D0%BE%D0%B6%D0%B5%D0%BD%D0%B8%D1%8F_%D0%BE_%D0%A1%D0%BE%D0%B2%D0%B5%D1%82%D0%B5_%D0%BF%D0%BE_%D1%8D%D1%82%D0%B8%D0%BA%D0%B5.pdf?1456849157=,https://static-0.minzdrav.gov.ru/system/attachments/attaches/000/029/442/original/%D0%9E%D0%B1_%D1%83%D1%82%D0%B2%D0%B5%D1%80%D0%B6%D0%B4%D0%B5%D0%BD%D0%B8%D0%B8_%D0%9F%D0%BE%D0%BB%D0%BE%D0%B6%D0%B5%D0%BD%D0%B8%D1%8F_%D0%BE_%D0%A1%D0%BE%D0%B2%D0%B5%D1%82%D0%B5_%D0%BF%D0%BE_%D1%8D%D1%82%D0%B8%D0%BA%D0%B5.pdf?1456849157=,2026-07-30,network-error,,0,,,,,0,,none,initial unavailable baseline,not assessed,,true,fetch failed,network access failed
LRS-00B6B2637928C3,XIII session of the Ethics Committee,https://www.gov.me/clanak/xiii-sjednica-etickog-komiteta,https://www.gov.me/clanak/xiii-sjednica-etickog-komiteta,2026-07-30,accessible,200,0,text/html; charset=utf-8,535171,"W/""82a83-5gqVuWfo/zBOU5496acYBwLoH2I""",,535171,f883c8b855a21c83fa4ed5723a30d81d96cebc1b033d92814e0d2a6ac8f50f53,complete received body,initial baseline,not assessed,,true,,
LRS-00B87BB64D0E1C,Bosnia and Herzegovina participates in Horizon Europe as an associated country,https://mcp.gov.ba/en/about-eu-horizon-europe,https://mcp.gov.ba/en/about-eu-horizon-europe,2026-07-30,accessible,200,0,text/html; charset=utf-8,37686,,,146238,afa241fea0afc41470cad0aa916db4d29af78c1b1d9908335affb51835e9c426,complete received body,initial baseline,not assessed,,true,,
LRS-00C9883A2EF30E,Guidelines for Completing Ethics Self-Assessment for Grant Application 2025,https://etag.ee/wp-content/uploads/2025/02/Eetika_Tabel_ENG_v1_2025.pdf,https://etag.ee/wp-content/uploads/2025/02/Eetika_Tabel_ENG_v1_2025.pdf,2026-07-30,accessible,200,0,application/pdf,385725,,"Fri, 07 Feb 2025 13:38:53 GMT",385725,63c35fa73d622afb279e23bffeade2c486a41acf9e90be15b580bdf0e44b3770,complete received body,initial baseline,not assessed,,true,,
LRS-011F4CFB5D28F2,BAFA export control and academia,https://www.bafa.de/EN/Foreign_Trade/Export_Control/Academia/academia_node.html,https://www.bafa.de/EN/Foreign_Trade/Export_Control/Academia/academia_node.html,2026-07-30,http-error,404,0,text/html;charset=utf-8,,,,15261,d126f924e5677e5284d97f82387993a020cab564773311b08a396bb444a9b658,complete received body,initial baseline,not assessed,,true,,HTTP 404
LRS-0137D1A7B3D78A,NCBR Code of Ethics,https://www.gov.pl/web/ncbr-en/code-of-ethics-of-the-ncbr,https://www.gov.pl/web/ncbr-en/code-of-ethics-of-the-ncbr,2026-07-30,accessible,200,0,text/html;charset=UTF-8,,"W/""06f0f5a289b13cd52467fbf22f8a7ba80""",,29925,6f0f5a289b13cd52467fbf22f8a7ba803a0e7a013b11509b90c0386497e62aa8,complete received body,initial baseline,not assessed,,true,,
LRS-013A0FAC194D87,Imperial research misconduct page,https://www.imperial.ac.uk/research-and-innovation/about-imperial-research/research-integrity-investigations/misconduct,https://www.imperial.ac.uk/research-and-innovation/about-imperial-research/research-integrity-investigations/misconduct/,2026-07-30,redirected-accessible,200,1,text/html; charset=UTF-8,26032,,,174006,83860f2f7227a8e67fba37e6a402572dcc873dac8af1352c3caffe06ea5cda7c,complete received body,initial baseline,human review required,,true,,redirect requires equivalence review
LRS-017E6DDB128E88,Regional committees,https://tukija.fi/en/cooperation,https://tukija.fi/en/cooperation,2026-07-30,accessible,200,0,text/html;charset=UTF-8,,,,86258,6e7fdbdadda05c6a9e89322c8e6ccec9e047660e432db96c212f06f6611f8904,complete received body,initial baseline,not assessed,,true,,
LRS-019B14B9D2B094,Concordat on Openness on Animal Research,https://concordatopenness.org.uk/,https://concordatopenness.org.uk/,2026-07-30,accessible,200,0,text/html; charset=UTF-8,,,,75368,b5f8aba2568dc11fe26672aaa262b81e5443f5f67c6537e5aac9778ddca05c0a,complete received body,initial baseline,not assessed,,true,,
LRS-01C300989D16DD,Research ethics,https://www.gu.se/en/research/research-ethics,https://www.gu.se/en/research/research-ethics,2026-07-30,accessible,200,0,text/html; charset=UTF-8,45978,"W/""1785157181""","Mon, 27 Jul 2026 12:59:41 GMT",207502,a26fa615d482fd30ea0e68745f5999f91e5c87a41e86238af9f143805df3c260,complete received body,initial baseline,not assessed,,true,,
LRS-01D39CDDB129FD,CYQAA adopts appeals procedure,https://dipae.ac.cy/index.php/en/cyqaa-en/appeals-procedure-en,https://dipae.ac.cy/index.php/en/cyqaa-en/appeals-procedure-en,2026-07-30,accessible,200,0,text/html; charset=utf-8,,,"Thu, 30 Jul 2026 19:03:25 GMT",99275,4220bcb989eb99b3aeedb39b8b18703b6f1d7852c5e87738291086b903aaded3,complete received body,initial baseline,not assessed,,true,,
LRS-01DBFE74FAE77A,Lund Review Board annual report 2025,https://www.staff.lu.se/sites/staff.lu.se/files/2026-03/Annual%20Report%202025%20%E2%80%93%20Deviations%20from%20Good%20Research%20Practice%20Review%20Board.pdf,https://www.staff.lu.se/sites/staff.lu.se/files/2026-03/Annual%20Report%202025%20%E2%80%93%20Deviations%20from%20Good%20Research%20Practice%20Review%20Board.pdf,2026-07-30,accessible,200,0,application/pdf,1024066,,"Tue, 24 Mar 2026 13:28:00 GMT",1000000,d60ca9f995aa023450c59d6f00d0568af534b5d3021d1c0d6bc1a2919fd39e5d,first 1000000 bytes,initial baseline,not assessed,,true,,
LRS-0202528AEE5F77,UB Code of Conduct for Research Integrity news item,https://web.ub.edu/en/web/actualitat/w/the-ub-code-of-conduct-for-research-integrity-is-available-,https://web.ub.edu/en/web/actualitat/w/the-ub-code-of-conduct-for-research-integrity-is-available-,2026-07-30,http-error,403,0,text/html; charset=UTF-8,,,,5915,8b41673cf28c95020b222d9524980f68546ceaf3e86d1cd5180b204ca441576b,complete received body,initial baseline,not assessed,,true,,HTTP 403
LRS-02B81EABBDC64E,Bordeaux resource persons,https://www.u-bordeaux.fr/universite/organisation-et-fonctionnement/personnes-ressources,https://www.u-bordeaux.fr/universite/organisation-et-fonctionnement/personnes-ressources,2026-07-30,accessible,200,0,text/html; charset=UTF-8,,,,361114,db3ffbf757a2c3f7b716296413130e35a6368185cda81f62c91e0d6da1d27c25,complete received body,initial baseline,not assessed,,true,,
LRS-0306B102D3171A,University of Warwick annual statement on research integrity 2024-25,https://warwick.ac.uk/services/ris/research-integrity/annual-statements/research_integrity_eleventh_annual_statement_2024-25.pdf,https://warwick.ac.uk/services/ris/research-integrity/annual-statements/research_integrity_eleventh_annual_statement_2024-25.pdf,2026-07-30,accessible,200,0,application/pdf;charset=UTF-8,195280,"""85b2415ba7954988165c124e037ad3f75e987b3f""","Wed, 16 Jul 2025 16:21:14 GMT",195280,c78e08128302a6423f5baff73212b5b4ad1d3936ca415839f2d719dfcc3a804f,complete received body,initial baseline,not assessed,,true,,
LRS-031105279E884D,CYQAA reports page,https://www.dipae.ac.cy/index.php/en/publications-en/reports-en,https://www.dipae.ac.cy/index.php/en/publications-en/reports-en,2026-07-30,accessible,200,0,text/html; charset=utf-8,,,"Thu, 30 Jul 2026 19:03:26 GMT",102225,db4b02b097d2788571c6fc484eecbef42a7b9e5303df4b95da0c9bf633f66ce2,complete received body,initial baseline,not assessed,,true,,
LRS-031ECBD4FC997D,Medical University Plovdiv Scientific Ethics Commission,https://mu-plovdiv.bg/nauchna-deynost/komisiya-po-nauchna-etika,https://mu-plovdiv.bg/nauchna-deynost/komisiya-po-nauchna-etika/,2026-07-30,redirected-accessible,200,1,text/html; charset=UTF-8,,,,124199,c5bd208a1d0c45bc19455ee656b4b1c16320f4828fb18f75b4c55b516fa669e9,complete received body,initial baseline,human review required,,true,,redirect requires equivalence review
LRS-033CEEF25F7873,2025 draft committee-house staffing amendments,https://samradapi.island.is/api/Documents/8c1587a1-bf97-f011-9bcf-005056bcce7e,https://samradapi.island.is/api/Documents/8c1587a1-bf97-f011-9bcf-005056bcce7e,2026-07-30,accessible,200,0,application/pdf,237378,,,237378,5f2688a5bb1595f47fa3d7b2995ed5d4e5bda3cf3cc5c13cb03d7a6806685563,complete received body,initial baseline,not assessed,,true,,
LRS-03467D699553F0,HRA research summaries,https://www.hra.nhs.uk/planning-and-improving-research/application-summaries/research-summaries,https://www.hra.nhs.uk/planning-and-improving-research/application-summaries/research-summaries/,2026-07-30,redirected-accessible,200,1,text/html; charset=utf-8,,,,56234,25807ab073f7ca7951ef87f9e054bf9cf9439d2512907fc095c614f34982cd88,complete received body,initial baseline,human review required,,true,,redirect requires equivalence review
LRS-03948E58AC8D99,Ethics and Management Council regulation approved,https://mec.gov.md/en/content/consiliului-de-etica-si-management-0,https://mec.gov.md/en/content/consiliului-de-etica-si-management-0,2026-07-30,accessible,200,0,text/html; charset=utf-8,,"""1785438207-1""","Thu, 30 Jul 2026 19:03:27 GMT",51920,ba8fd402c39a6d9e966db5d454e2b1f4458b2274cd0bbca32804ea75157cfac8,complete received body,initial baseline,not assessed,,true,,
LRS-039C83732D5524,Scientific Research Ethics Committee rulebook,https://untz.ba/wp-content/uploads/2021/01/Pravilnik_o_radu_Etickog_komiteta_za_NIR_08_11_2017.pdf,https://untz.ba/wp-content/uploads/2021/01/Pravilnik_o_radu_Etickog_komiteta_za_NIR_08_11_2017.pdf,2026-07-30,accessible,200,0,application/pdf,120230,"""1d5a6-5eae7610844ee""","Thu, 13 Oct 2022 09:46:09 GMT",120230,ebd881f14fa0ec06aab9b06661158a66fb241da2666a5ce89129b34f49d260c3,complete received body,initial baseline,not assessed,,true,,
LRS-03B0E2A540270A,UNSA revised HRS4R action plan 2024-2027,https://unsa.ba/sites/default/files/dodatak/2024-09/UNSA%20Action%20Plan%20Gantt%20Chart_revised%202024_2027.pdf,https://unsa.ba/sites/default/files/dodatak/2024-09/UNSA%20Action%20Plan%20Gantt%20Chart_revised%202024_2027.pdf,2026-07-30,accessible,200,0,application/pdf,655198,"""9ff5e-62145ebc06f0d""","Wed, 04 Sep 2024 07:14:11 GMT",655198,95072151d78d3edc55b2afc31672f2d0bff5374bd875b244b5811712fa10e3ad,complete received body,initial baseline,not assessed,,true,,
LRS-03B5761EC4FFC5,AAK plagiarism deprivation and court-reversal notice,https://aak.gov.az/news/229,https://aak.gov.az/news/229,2026-07-30,accessible,200,0,text/html; charset=UTF-8,,,,79145,86c0b862eb620c5ef29921d92824876283d95ced399774bdc67f68a4944b141d,complete received body,initial baseline,not assessed,,true,,
LRS-03BBDDDA475391,Clinical trials on medicinal products under Regulation 536/2014,https://bioetika.lrv.lt/en/biomedical-research/authorisation-of-clinical-trials-on-medicinal-products-according-to-the-requirements-of-the-regulation-eu-no-5362014,https://bioetika.lrv.lt/en/biomedical-research/authorisation-of-clinical-trials-on-medicinal-products-according-to-the-requirements-of-the-regulation-eu-no-5362014,2026-07-30,http-error,403,0,text/html; charset=UTF-8,,,,6215,cb6f065e2018f3866aad3e79b47259ad1ce4c137f37a804ae3f90c9a98f854a6,complete received body,initial baseline,not assessed,,true,,HTTP 403
LRS-03BCE877797B87,Rulebook on professional and scientific titles amended,https://www.nacionalensovetzavoinid.com.mk/images/dokumenti/SLUBEN%20VESNIK%20NA%20RSM%20br.%20125%20od%2015.06.2023%20-%20Pravilnik.pdf,https://www.nacionalensovetzavoinid.com.mk/images/dokumenti/SLUBEN%20VESNIK%20NA%20RSM%20br.%20125%20od%2015.06.2023%20-%20Pravilnik.pdf,2026-07-30,accessible,200,0,application/pdf,336768,,"Thu, 24 Aug 2023 13:21:43 GMT",336768,0416f2ccda28f334c2e7b94c21ad1fc3e7a9c9a29d1866c43786e8e49285f7c3,complete received body,initial baseline,not assessed,,true,,
LRS-03C4D310B2755E,Research Ireland Open Research,https://www.researchireland.ie/funding-policies/open-research,https://www.researchireland.ie/funding-policies/open-research,2026-07-30,accessible,200,0,text/html,,"W/""d2d95d12f682949a33ca32f0bbc95dc3""","Thu, 30 Jul 2026 13:04:26 GMT",110652,47b280dea2adbb1289a87f87a1c5eafdf713026b80c6e073183918df09b18a54,complete received body,initial baseline,not assessed,,true,,
LRS-03CFBDD3D245B3,Sorbonne annual report documents a local integrity route,https://www.sorbonne-universite.fr/sites/default/files/media/2025-12/integrite_scientifique_rapport_activite_2025.pdf,https://www.sorbonne-universite.fr/sites/default/files/media/2025-12/integrite_scientifique_rapport_activite_2025.pdf,2026-07-30,accessible,200,0,application/pdf,350320,"W/""692edfb8-55870""","Tue, 02 Dec 2025 12:46:48 GMT",350320,fb5cd3659bc2ee0b89bb62fe8d77fd2a42f018ef2ef1f67ef1a290df8cee7b98,complete received body,initial baseline,not assessed,,true,,
LRS-03D19358889590,Bioethics Law 150(I)/2001,https://www.bioethics.gov.cy/MOH/cnbc/cnbc.nsf/All/98250101CC184B0BC2257CCA003B6288/%24file/The%20Bioethics%20Establishment%20and%20Function%20of%20the%20National%20Bioethics%20Committee%20Law%20-%20English%20Translation.pdf,https://www.gov.cy/bioethics/,2026-07-30,http-error,403,1,text/html,,,,7909,65fe06cd0ae3dc093d636e2723a7f56e17fdac099f7c58f80b22a3c3f35d16aa,complete received body,initial baseline,human review required,,true,,redirect requires equivalence review | HTTP 403
LRS-03DC4B6A03AF45,HESC orders,https://degrees.hesc.am/en/orders,https://degrees.hesc.am/en/orders,2026-07-30,accessible,200,0,text/html; charset=UTF-8,,,,49422,e4c0a22e0490b5fe6eb5d22356906a55e03c17237a1d290cb883b6c9589c3dff,complete received body,initial baseline,not assessed,,true,,
LRS-03F3223E1D0D69,Role and remit,https://ukrio.org/research-integrity/role-and-remit,https://ukrio.org/research-integrity/role-and-remit/,2026-07-30,redirected-accessible,200,1,text/html; charset=UTF-8,,"""7e80f79099c37e2fa4861de54e8049cd""","Thu, 30 Jul 2026 19:03:28 GMT",55023,8c4cf1dd977e3d480fbf4d834a67f7f5512e063c1863275141586f49a0e45e9a,complete received body,initial baseline,human review required,,true,,redirect requires equivalence review
LRS-042AC2F793FC19,UAK ethics page,https://www.uak.gov.tr/page/etik-xPDl4,https://www.uak.gov.tr/page/etik-xPDl4,2026-07-30,network-error,,0,,,,,0,,none,initial unavailable baseline,not assessed,,true,fetch failed,network access failed
LRS-04392CBBD15117,RCSI Guidelines on Good Research Practice,https://www.rcsi.com/dublin/-/media/feature/media/download-document/dublin/postgraduate/policies/guidelines-on-good-research-practice.pdf,https://www.rcsi.com/sitecore/service/notfound.aspx,2026-07-30,http-error,404,1,text/html; charset=utf-8,3175,,,3175,21ef4716ced75229ae4d283d1716ecb015b87ce72dd49b4b801114c6aa23d494,complete received body,initial baseline,human review required,,true,,redirect requires equivalence review | HTTP 404
LRS-0439342F0DD286,SEEU Senate,https://www.seeu.edu.mk/en/about/organization-management/senate,https://www.seeu.edu.mk/en/about/organization-management/senate,2026-07-30,accessible,200,0,text/html; charset=utf-8,,,,29310,44abec6607dba809223fe5a1af265dbbc4cf926b501f6a838366b1aba617b01f,complete received body,initial baseline,not assessed,,true,,
LRS-044D32C06080D9,Despacho 4576/2024,https://diariodarepublica.pt/dr/detalhe/despacho/4576-2024-859106264,https://diariodarepublica.pt/dr/detalhe/despacho/4576-2024-859106264,2026-07-30,accessible,200,0,text/html; charset=utf-8,,,,2346,043b1ab50ac43d1f14ac425f913d3255819d737cc44d6f2e0f13b672237bb4d5,complete received body,initial baseline,not assessed,,true,,
LRS-04672513C8B9E8,Edinburgh annual research ethics and integrity reports,https://research-office.ed.ac.uk/research-integrity/annual-research-ethics-and-integrity-reports,https://research-office.ed.ac.uk/research-integrity/annual-research-integrity-statements,2026-07-30,redirected-accessible,200,1,text/html; charset=UTF-8,11190,"W/""1785438114""","Thu, 30 Jul 2026 19:01:54 GMT",63816,fa6677cc77bf3c67281ec49f8aef1b8618074037c29d25af7964d99a3bab14ce,complete received body,initial baseline,human review required,,true,,redirect requires equivalence review
LRS-046EDEE93D37E6,SRII2025 national survey announcement,https://www.tudublin.ie/research-innovation/news/archive-2025/nationwide-survey-on-research-integrity-in-ireland---now-open.html,https://www.tudublin.ie/research-innovation/news/archive-2025/nationwide-survey-on-research-integrity-in-ireland---now-open.php,2026-07-30,redirected-accessible,200,1,text/html; charset=UTF-8,8760,,,34621,ebe5434027117e536e06a40ce342fd9b21055d16060303108305304df4393d77,complete received body,initial baseline,human review required,,true,,redirect requires equivalence review
LRS-0480201DB2D40C,National Council document page,https://nvvoztr.gov.hr/izvjesca/10,https://nvvoztr.gov.hr/izvjesca/10,2026-07-30,accessible,200,0,text/html; charset=utf-8,5393,,,17540,4de67e6cc6fb2bde1036df61a89db4818cdcb755f596a132e059a6a1e257471d,complete received body,initial baseline,not assessed,,true,,
LRS-0488350BC7A6BF,EKKE REC page,https://www.ekke.gr/en/centre/ehde,https://www.ekke.gr/en/centre/ehde,2026-07-30,accessible,200,0,text/html; charset=utf-8,,,,109000,c51cf49aed8c3d9054d24abeae7c28f58bc26aa80248ed556aeed7d8c40e7bf1,complete received body,initial baseline,not assessed,,true,,
LRS-04A55B72E55C49,Faculty of Medicine self-evaluation report example,https://medf.ukim.edu.mk/wp-content/uploads/2024/12/%D0%98%D0%B7%D0%B2%D0%B5%D1%88%D1%82%D0%B0%D1%98-%D0%BE%D0%B4-%D1%81%D0%B0%D0%BC%D0%BE%D0%B5%D0%B2%D0%B0%D0%BB%D1%83%D0%B0%D1%86%D0%B8%D1%98%D0%B0-2023-2024.pdf,https://medf.ukim.edu.mk/wp-content/uploads/2024/12/%D0%98%D0%B7%D0%B2%D0%B5%D1%88%D1%82%D0%B0%D1%98-%D0%BE%D0%B4-%D1%81%D0%B0%D0%BC%D0%BE%D0%B5%D0%B2%D0%B0%D0%BB%D1%83%D0%B0%D1%86%D0%B8%D1%98%D0%B0-2023-2024.pdf,2026-07-30,accessible,200,0,application/pdf,1421090,"""15af22-689caabf-14c0220;;;""","Wed, 13 Aug 2025 15:09:51 GMT",1000000,08e5f6d3d14c6bc6003183e996b1b48c5dd43c672d702646c3c36c0bb43d6937,first 1000000 bytes,initial baseline,not assessed,,true,,
LRS-04BEDCB12613ED,CPS RKS Gov,https://cps.rks-gov.net/wp-content/uploads/2020/08/Law-on-Scientific-Research-Activities.pdf,https://cps.rks-gov.net/wp-content/uploads/2020/08/Law-on-Scientific-Research-Activities.pdf,2026-07-30,accessible,200,0,application/pdf,305355,"""4a8cb-5ae2bddd36a00""","Mon, 31 Aug 2020 12:51:52 GMT",305355,a06f3d364d623095f980a07aea2d86bb8bde1c956331a58b90c4f12d4e1f584c,complete received body,initial baseline,not assessed,,true,,
LRS-05021CA55F9436,Institute of Bulgarian Language,https://ibl.bas.bg/en/informatsiya/dokumenti,https://ibl.bas.bg/en/informatsiya/dokumenti/,2026-07-30,redirected-accessible,200,1,text/html; charset=UTF-8,,,,328337,31fa5c835e2b9b8e9af84aef5e67c3a0507fc5dc44ef0466668d79360b12380f,complete received body,initial baseline,human review required,,true,,redirect requires equivalence review
LRS-0518E14F34C805,FWB CIS directory,https://pindare.cref.be/fr/integrite-scientifique/les-comites-dintegrite-scientifique-en-federation-wallonie-bruxelles,https://pindare.cref.be/fr/integrite-scientifique/les-comites-dintegrite-scientifique-en-federation-wallonie-bruxelles/,2026-07-30,redirected-accessible,200,1,text/html; charset=utf-8,,,,38002,6b10c991ffb9971b917592f2d07026d5e1a237e9978e4bdd26ded7f606dd6279,complete received body,initial baseline,human review required,,true,,redirect requires equivalence review
LRS-0520BB3990671A,UTM Code of Ethics and Professional Deontology,https://repository.utm.md/handle/5014/9688,https://repository.utm.md/handle/5014/9688,2026-07-30,accessible,200,0,text/html;charset=utf-8,20737,,,20737,07bbed4ce4fa4e44987f61800b3045fdb81d20587b1e04e24e5c2c5662b801f0,complete received body,initial baseline,not assessed,,true,,
LRS-052D2213D2D24B,Board decisions,https://ufm.dk/en/research-and-innovation/councils-and-commissions/The-Danish-Board-on-Research-Misconduct/decisions,https://ufm.dk/en/research-and-innovation/councils-and-commissions/The-Danish-Board-on-Research-Misconduct/decisions,2026-07-30,http-error,404,0,text/html; charset=utf-8,,,,48420,c80da85436a215d102bb78b31c28366b01bb860f2cfbe728a1ff0422e9dcfdb1,complete received body,initial baseline,not assessed,,true,,HTTP 404
LRS-056170B598268E,NFDI is founded,https://www.nfdi.de/?lang=en,https://www.nfdi.de/?lang=en,2026-07-30,accessible,200,0,text/html; charset=UTF-8,,,,108139,29ba724a8636e70b0ec156060bb0e274e7c2752c5dea1c36705fda3b03817af1,complete received body,initial baseline,not assessed,,true,,
LRS-05721705EBF33E,CNREEA created,https://www.enseignementsup-recherche.gouv.fr/fr/comite-national-de-reflexion-ethique-sur-l-experimentation-animale-cnreea-51275,https://www.enseignementsup-recherche.gouv.fr/fr/comite-national-de-reflexion-ethique-sur-l-experimentation-animale-cnreea-51275,2026-07-30,http-error,403,0,text/html; charset=UTF-8,,,,6015,a5b3544f3b74ca3f3319d0b05fedd306447cd5a69ad61ffe3577b446076bf375,complete received body,initial baseline,not assessed,,true,,HTTP 403
LRS-05743B018E574A,Investigations,https://lari.lu/investigation,https://lari.lu/investigation/,2026-07-30,redirected-accessible,200,1,text/html; charset=UTF-8,22883,,,109718,00536b650fb18d73ade0b5b1565eaab6318951d9c04b5f69eef252f39cc8a09a,complete received body,initial baseline,human review required,,true,,redirect requires equivalence review
LRS-05D526CEBFFB30,FNR updated Open Access policy takes effect,https://www.fnr.lu/update-to-fnr-open-access-policy,https://www.fnr.lu/update-to-fnr-open-access-policy,2026-07-30,accessible,200,0,text/html; charset=UTF-8,,,,232997,b0336fe0d2af93a50a525e487b3d12438ca9c95b0ad9337f9e66e9b39cba4843,complete received body,initial baseline,not assessed,,true,,
LRS-061D2F4BD6BF1D,RUG scientific integrity,https://www.rug.nl/about-ug/organization/rules-and-regulations/integrity/wetenschappelijke-integriteit,https://www.rug.nl/about-ug/organization/rules-and-regulations/integrity/wetenschappelijke-integriteit/,2026-07-30,redirected-accessible,200,1,text/html;charset=UTF-8,,"W/""2116|275457|275480|300973|301151|301153|454497|863083|5064126|11472632|15460789|15460790@guest""","Thu, 30 Jul 2026 19:03:32 GMT",47817,b0bb65906ad4f75644d1932c20f9ec7e633aeb5669bc71f9110fb875b8a34f42,complete received body,initial baseline,human review required,,true,,redirect requires equivalence review
LRS-06312EFAC8A084,Research misconduct chapter,https://www.amsterdamumc.org/en/research/research-code/chapters/research-misconduct/dealing-with-suspected-violations-of-research-integrity.htm,https://www.amsterdamumc.org/en/research/research-code/chapters/research-misconduct/dealing-with-suspected-violations-of-research-integrity,2026-07-30,redirected-accessible,200,1,text/html;charset=utf-8,,,"Thu, 30 Jul 2026 19:03:32 GMT",53264,2558728f6cf9747f55b4fa8c94be4327c4f298aec98eecd058ee837abcdf30ab,complete received body,initial baseline,human review required,,true,,redirect requires equivalence review
LRS-064557753E5471,Handling research misconduct,https://www.uni-lj.si/en/research/ethics-and-integrity-in-research/handling-research-misconduct,https://www.uni-lj.si/en/research/ethics-and-integrity-in-research/handling-research-misconduct,2026-07-30,accessible,200,0,text/html; charset=utf-8,,"W/""35684fc2d4c0106f8161944896001af7""",,36087,0c4a7e83f5ac936fa6b3e35a9651997939f6976e95e7e11c6d9738668bcc8024,complete received body,initial baseline,not assessed,,true,,
LRS-065310B1121D97,Industrial research and innovation support law cited by USBM route,https://www.usbm.sm/on-line/en/home/innovations.html,https://www.usbm.sm/on-line/en/home/innovations.html,2026-07-30,accessible,200,0,text/html;charset=ISO-8859-1,7502,,,7502,11d52d072c9f4a2afdb1f919c357e3610b1cb314ccff5a15b31721966fc83723,complete received body,initial baseline,not assessed,,true,,
LRS-0678551D137A25,Academic Integrity Committee,https://mef.unizg.hr/en/znanost-2/eticka-povjerenstva/povjerenstvo-za-akademski-integritet,https://mef.unizg.hr/en/znanost-2/eticka-povjerenstva/povjerenstvo-za-akademski-integritet/,2026-07-30,redirected-accessible,200,1,text/html; charset=UTF-8,,,,63938,0eae47e62fc894c8383f47014293a90539f122f8d75be0e176591e5fa33cb2a9,complete received body,initial baseline,human review required,,true,,redirect requires equivalence review
LRS-06877AACC59638,Bioethics MSU,https://bioethics.msu.ru/,https://bioethics.msu.ru/,2026-07-30,network-error,,0,,,,,0,,none,initial unavailable baseline,not assessed,,true,fetch failed,network access failed
LRS-069F4E1305D017,Trinity research integrity support page,https://www.tcd.ie/research/support/integrity.php,https://www.tcd.ie/research/support/integrity.php,2026-07-30,accessible,200,0,text/html; charset=utf-8,,"""1db954d656fe59d55360da1b8a5a734a""",,33135,8724094d9450417c1ec0f06439f5f1315c351365fd4dedb68d8acdbaaa611fa4,complete received body,initial baseline,not assessed,,true,,
LRS-06A0067FC8F29C,ETAG publishes the national misconduct reporting route,https://etag.ee/en/research-culture/research-integrity/research-misconduct,https://etag.ee/en/research-culture/research-integrity/research-misconduct/,2026-07-30,redirected-accessible,200,1,text/html; charset=UTF-8,27366,,"Thu, 30 Jul 2026 09:10:41 GMT",111615,a3915435aff826ef9ee6f76d1caec27a00299e588c26b600d08869d54ed71979,complete received body,initial baseline,human review required,,true,,redirect requires equivalence review
LRS-070CD96F3D620D,University of the Arts The Hague research integrity,https://www.hogeschoolderkunsten.nl/en/rules-of-conduct/research-integrity,https://www.hogeschoolderkunsten.nl/en/rules-of-conduct/research-integrity,2026-07-30,accessible,200,0,text/html; charset=UTF-8,,,,55575,de38e79351240a5ab0e6c919964a589021dd43909f51cca52305454be93cf32b,complete received body,initial baseline,not assessed,,true,,
LRS-070E1D89F9E7FA,OeAWI about page,https://oeawi.at/ueber-die-oeawi,https://oeawi.at/ueber-die-oeawi/,2026-07-30,redirected-accessible,200,1,text/html; charset=UTF-8,,,,110536,c04eba76092e3bf9717499f8478a7e85aae3424b1f374be76a2cdeb1259fc0c6,complete received body,initial baseline,human review required,,true,,redirect requires equivalence review
LRS-071BDA3A4A6F35,Model regulation on the Ethics Committee,https://moz.gov.ua/storage/uploads/62cc3807-fb9b-48dc-967a-7cab1ddf5829/%D0%A2%D0%B8%D0%BF%D0%BE%D0%B2%D0%B5-%D0%BF%D0%BE%D0%BB%D0%BE%D0%B6%D0%B5%D0%BD%D0%BD%D1%8F-%D0%BA%D0%BE%D0%BC%D1%96%D1%81%D1%96%D1%97-%D0%B7-%D0%BF%D0%B8%D1%82%D0%B0%D0%BD%D1%8C-%D0%B5%D1%82%D0%B8%D0%BA%D0%B8.pdf,https://moz.gov.ua/storage/uploads/62cc3807-fb9b-48dc-967a-7cab1ddf5829/%D0%A2%D0%B8%D0%BF%D0%BE%D0%B2%D0%B5-%D0%BF%D0%BE%D0%BB%D0%BE%D0%B6%D0%B5%D0%BD%D0%BD%D1%8F-%D0%BA%D0%BE%D0%BC%D1%96%D1%81%D1%96%D1%97-%D0%B7-%D0%BF%D0%B8%D1%82%D0%B0%D0%BD%D1%8C-%D0%B5%D1%82%D0%B8%D0%BA%D0%B8.pdf,2026-07-30,http-error,403,0,text/html; charset=UTF-8,,,,6626,c2568cc7816b7fb26e82993201c98c71bd665d0dba697380e9f9369d62a72209,complete received body,initial baseline,not assessed,,true,,HTTP 403
LRS-072DC29A1F89B8,Alix report,https://www.ofis-france.fr/les-textes-de-reference,https://www.ofis-france.fr/les-textes-de-reference/,2026-07-30,redirected-accessible,200,1,text/html; charset=UTF-8,,,,235450,73bc81e7c027ce86e9c06ca5d262a715047d8fe8f9dccd46427254877cb02cd0,complete received body,initial baseline,human review required,,true,,redirect requires equivalence review
LRS-0788240AB831F5,MFHEA National Quality Assurance Framework,https://mfhea.mt/national-quality-assurance-framework,https://mfhea.mt/national-quality-assurance-framework,2026-07-30,http-error,403,0,text/html; charset=UTF-8,,,,5784,417705d2f9277f0a80acee7ef131c410c926bbaa6f5f9f13e6f903cb568cb445,complete received body,initial baseline,not assessed,,true,,HTTP 403
LRS-079549010F0E56,Ministry National Council document page,https://mon.gov.mk/mk-MK/dokumenti/dokumenti-na-akvo-i-ns/nacionalen-sovet-za-visoko-obrazovanie-i-naucno-istrazuvacka-dejnost,https://mon.gov.mk/mk-MK/dokumenti/dokumenti-na-akvo-i-ns/nacionalen-sovet-za-visoko-obrazovanie-i-naucno-istrazuvacka-dejnost,2026-07-30,accessible,200,0,text/html; charset=utf-8,,,,154999,341f1c500e98e69df53dfc7511b0e13c02305f3073ae0b5b34f617724a6ac269,complete received body,initial baseline,not assessed,,true,,
LRS-07AA157E4F03C6,University of Crete REC page,https://ehde.uoc.gr/en,https://ehde.uoc.gr/en,2026-07-30,network-error,,0,,,,,0,,none,initial unavailable baseline,not assessed,,true,fetch failed,network access failed
LRS-07B6DE9CAAE179,Principles and recommendations for research-based collaboration and consultancy,https://dkuni.dk/wp-content/uploads/2021/02/principles-and-recommendations-for-research-based-collaboration-and-consultancy.pdf,https://dkuni.dk/wp-content/uploads/2021/02/principles-and-recommendations-for-research-based-collaboration-and-consultancy.pdf,2026-07-30,accessible,200,0,application/pdf,288640,"""6024f33a-46780""","Thu, 11 Feb 2021 09:04:58 GMT",288640,d8c58a5835acd4cbf19572f76fb8d70c00879245db35458e7cd079c062d2dac3,complete received body,initial baseline,not assessed,,true,,
LRS-07B8BEB4DD1F53,International University of Monaco ethics policy and code of conduct,https://www.monaco.edu/en/about-us/who-we-are/ethics-policy-and-code-of-conduct,https://www.monaco.edu/en/about-us/who-we-are/ethics-policy-and-code-of-conduct/,2026-07-30,redirected-accessible,200,1,text/html; charset=UTF-8,,,,94621,eb874c07c675e62891395abdab981869926c86d49dda933afe030d5b09cb08d8,complete received body,initial baseline,human review required,,true,,redirect requires equivalence review
LRS-07DF6FD4EFB690,Prinses Maxima scientific integrity,https://research.prinsesmaximacentrum.nl/nl/onderzoek/wetenschappelijke-integriteit,https://research.prinsesmaximacentrum.nl/nl/onderzoek/wetenschappelijke-integriteit,2026-07-30,accessible,200,0,text/html; charset=utf-8,,,,135034,262212ac630211c944c88b94d695a152e0d06c4bf72b70e969a1073973d56a79,complete received body,initial baseline,not assessed,,true,,
LRS-0875172CA34BA9,Hukuk Ethics Division,https://etikkurul.ankara.edu.tr/yonerge,https://etikkurul.ankara.edu.tr/yonerge/,2026-07-30,redirected-accessible,200,1,text/html; charset=UTF-8,,,,96796,0431a0e0a7e5808cb6f31342627b517ddc3c1c352e91ba6c575fccc467b6bfbe,complete received body,initial baseline,human review required,,true,,redirect requires equivalence review
LRS-088DF7D56132C9,BSU Ethical Code,https://ffsn.bsu.by/ru/fakultet/sotrudnikam/eticheskij-kodeks-bgu.html,https://ffsn.bsu.by/ru/fakultet/sotrudnikam/eticheskij-kodeks-bgu.html,2026-07-30,network-error,,0,,,,,0,,none,initial unavailable baseline,not assessed,,true,fetch failed,network access failed
LRS-08C5CF5EC96234,AQUA evaluations and institutional legal frame,https://www.aqua.ad/avaluacions-0,https://www.aqua.ad/avaluacions-0,2026-07-30,accessible,200,0,text/html; charset=UTF-8,,"W/""1785332936""","Wed, 29 Jul 2026 13:48:56 GMT",51077,eca010a2c1d6c27fda2a543e9dfae4a233c89b6bdc4630a34fada7cc6debc833,complete received body,initial baseline,not assessed,,true,,
LRS-08CCCC1442622E,Data Protection Services for research,https://sikt.no/en/data-protection-services,https://sikt.no/en/data-protection-services,2026-07-30,accessible,200,0,text/html; charset=utf-8,,"W/""106sqzg2v643skb""",,177416,bdeaf778a3be563ec2f244e69536716b228b066293aae86caaf904fa8fd01062,complete received body,initial baseline,not assessed,,true,,
LRS-08F94AF2BF2149,Animaux d'experience,https://bienetreanimal.wallonie.be/home/animaux/animaux-dexperience.html,https://bienetreanimal.wallonie.be/home/animaux/animaux-dexperience.html,2026-07-30,accessible,200,0,text/html;charset=UTF-8,,,,89704,6637b45165183a74c9f0811f926b8cedb95fff811ea6517b9c8bf7115031378a,complete received body,initial baseline,not assessed,,true,,
LRS-0955B5DCF79DFF,Council of Europe Armenian REC training,https://www.coe.int/en/web/yerevan/news1/-/asset_publisher/wWTBvPqHlz8x/content/members-of-armenian-research-ethics-committees-have-strengthened-their-capacities-in-line-with-the-main-principles-and-standards-of-european-recs,https://www.coe.int/en/web/yerevan/news1/-/asset_publisher/wWTBvPqHlz8x/content/members-of-armenian-research-ethics-committees-have-strengthened-their-capacities-in-line-with-the-main-principles-and-standards-of-european-recs,2026-07-30,accessible,200,0,text/html;charset=UTF-8,,,,117832,349c6a47d4b4c16f90ec596581047626da14970f47437f308c3126386a0bdc96,complete received body,initial baseline,not assessed,,true,,
LRS-0966B05DA05A77,Integrity in Research,https://ufsn.dk/english/research-and-innovation/framework-for-research-and-innovation/integrity-in-research,https://ufsn.dk/english/research-and-innovation/framework-for-research-and-innovation/integrity-in-research,2026-07-30,accessible,200,0,text/html; charset=utf-8,,,,47549,cd6d82ff477a813b0eed7aa9cd774561c27f1744aa177518d501302f6ff078a3,complete received body,initial baseline,not assessed,,true,,
LRS-09AE301C611BA8,National Repository of Theses,https://polon.nauka.gov.pl/en/faq/the-polish-national-repository-of-theses,https://polon.nauka.gov.pl/en/faq/the-polish-national-repository-of-theses/,2026-07-30,redirected-accessible,200,1,text/html; charset=UTF-8,5995,,,20812,f6e11536e9235b425f9e1f558947f3acf6ed8b4f147e5d70103f25adccf47b97,complete received body,initial baseline,human review required,,true,,redirect requires equivalence review
LRS-0A20104E0EB665,Consultation report on the 2022 reform law,https://esavjetovanja.gov.hr/ECon/EconReport?Order=Descending&SortBy=SliceSortOrder&UserIdFilter=2969&entityId=20457,https://esavjetovanja.gov.hr/ECon/EconReport?Order=Descending&SortBy=SliceSortOrder&UserIdFilter=2969&entityId=20457,2026-07-30,http-error,404,0,,0,,,0,,complete received body,initial baseline,not assessed,,true,,HTTP 404
LRS-0A2591DAF895EE,Public research funding general terms,https://www.businessfinland.fi/4a9cbf/globalassets/finnish-customers/01-funding/08-guidelines--terms/funding-terms/gf2020-publicresearchfunding-generalterms.docx,https://www.businessfinland.fi/globalassets/finnish-customers/01-funding/08-guidelines--terms/funding-terms/gf2020-publicresearchfunding-generalterms.docx,2026-07-30,http-error,404,1,text/html; charset=utf-8,,,,206241,013cffdbe856370c47d6ce611792e2193a6de0223aea61fd8239f2c220ee8ddf,complete received body,initial baseline,human review required,,true,,redirect requires equivalence review | HTTP 404
LRS-0A557D3D90F624,Laws page,https://azlp.mk/en/pdpa/regulations-and-documents/laws,https://azlp.mk/en/pdpa/regulations-and-documents/laws/,2026-07-30,redirected-accessible,200,1,text/html; charset=UTF-8,41946,"""a3da-65738464e4de0""","Wed, 22 Jul 2026 19:37:49 GMT",335671,b05b2464f58f64f71e8732ba5c538a5019dc9768b3ab9ca426ad31011717a00d,complete received body,initial baseline,human review required,,true,,redirect requires equivalence review
LRS-0A840F796A0285,Rome Statement on Research Integrity,https://www.cnr.it/sites/default/files/public/media/doc_istituzionali/ethics/Rome-Statement-on-Research-Integrity-CNR-National-Congress-2025.pdf,https://www.cnr.it/sites/default/files/public/media/doc_istituzionali/ethics/Rome-Statement-on-Research-Integrity-CNR-National-Congress-2025.pdf,2026-07-30,accessible,200,0,application/pdf,1592253,,"Thursday, 30-Jul-2026 19:03:38 UTC",1000000,274df6ef9f9d30af1dc0d375250015ed98c4d510022c7a4e44275623367608a3,first 1000000 bytes,initial baseline,not assessed,,true,,
LRS-0AA7179FA0BC08,MUR publishes the national model and linee guida for research security and integrity,https://www.sicurezzaricerca.mur.gov.it/argomenti/nazionali,https://www.sicurezzaricerca.mur.gov.it/argomenti/nazionali/,2026-07-30,redirected-accessible,200,1,text/html; charset=UTF-8,14744,,,75276,e6615d0b784acff55b8ee0cb96e353d0d8bb70ef035622d81cba3640af0ba1d2,complete received body,initial baseline,human review required,,true,,redirect requires equivalence review
LRS-0AE221E00BB9AB,ESFRI,https://www.esfri.eu/sites/default/files/usvoena-e-revizija-na-patokazot-za-istrazuvackata-infrastruktura-na-republika-severna-makedonija-2022-2024-file-zYs0.pdf,https://www.esfri.eu/sites/default/files/usvoena-e-revizija-na-patokazot-za-istrazuvackata-infrastruktura-na-republika-severna-makedonija-2022-2024-file-zYs0.pdf,2026-07-30,accessible,200,0,application/pdf,1000134,"""69431cfc-f42c6""","Wed, 17 Dec 2025 21:13:32 GMT",1000000,d8c6f6aa807d174464dcef173780f81cfec1368197583d4caa1d82daa1ef9c05,first 1000000 bytes,initial baseline,not assessed,,true,,
LRS-0B1598A6B02AF1,Eesti Kirjandusmuuseumi Eetikakomitee statuut,https://www.kirmus.ee/sites/default/files/2025-11/EKM%20Eetikakomitee%20statuut.pdf,https://www.kirmus.ee/sites/default/files/2025-11/EKM%20Eetikakomitee%20statuut.pdf,2026-07-30,accessible,200,0,application/pdf,36041,"""8cc9-6438e64a3e889""","Fri, 14 Nov 2025 13:58:33 GMT",36041,d6749b6875de906ef7660f8daeec29051b5568e148ef9e70ee46a0ec2d3b67f2,complete received body,initial baseline,not assessed,,true,,
LRS-0B221D051F8B15,Decree on the improvement of public administration in science is listed in NASB's normative base,https://nasb.gov.by/eng/about/normativnaya-baza,https://nasb.gov.by/eng/about/normativnaya-baza/,2026-07-30,redirected-accessible,200,1,text/html; charset=UTF-8,,,,34084,ad71e4a2182768a1011f78273cb2bcad202ebca349aa1f3a28dd971f3f15ea9e,complete received body,initial baseline,human review required,,true,,redirect requires equivalence review
LRS-0B3BE492DC1199,GRU representative statement case 2024/132,https://www.forskningsetikk.no/om-oss/komiteer-og-utvalg/granskingsutvalget/uttalelser/uttalelse-2024-132,https://www.forskningsetikk.no/om-oss/komiteer-og-utvalg/granskingsutvalget/uttalelser/uttalelse-2024-132,2026-07-30,accessible,200,0,text/html; charset=utf-8,,,,52831,0eb914595fca7a150023559c017dfba0c5749b109d358c6d163dc2e7b903138e,complete received body,initial baseline,not assessed,,true,,
LRS-0B988048E16175,University of Macedonia EHDE page,https://www.uom.gr/ethics,https://www.uom.gr/ethics,2026-07-30,accessible,200,0,text/html; charset=UTF-8,,,,57398,7055a90603c461140ba4856f9d53991110a5a46235996a9872a52591efdf7784,complete received body,initial baseline,not assessed,,true,,
LRS-0B9E43E4877A63,CEEI issues recommendations on integrity-conflict procedures,https://www.ciencia.gob.es/dam/jcr%3A2e6a424e-1e32-4d9c-918a-3f9da7ca47e8/Recomendaciones%20procedimientos%20en%20conflictos%20de%20integridad%20Final.pdf,https://www.ciencia.gob.es/dam/jcr%3A2e6a424e-1e32-4d9c-918a-3f9da7ca47e8/Recomendaciones%20procedimientos%20en%20conflictos%20de%20integridad%20Final.pdf,2026-07-30,network-error,,0,,,,,0,,none,initial unavailable baseline,not assessed,,true,fetch failed,network access failed
LRS-0BA5E104DCD0DA,Fraunhofer FOKUS ombudsperson,https://www.fokus.fraunhofer.de/en/fokus/organisation/ombudsperson-science.html,https://www.fokus.fraunhofer.de/en/fokus/organisation/ombudsperson-science.html,2026-07-30,accessible,200,0,text/html;charset=utf-8,6088,,,27029,8dc19919f5e6ab33252f4cfe8e61fb9704ba91162badc219182de4e6ff445158,complete received body,initial baseline,not assessed,,true,,
LRS-0BBE9595054791,Human Research Switzerland,https://www.humanforschung-schweiz.ch/en/about-us,https://www.humanforschung-schweiz.ch/en/about-us,2026-07-30,accessible,200,0,text/html; charset=utf-8,6796,,,30434,e18cf3650a9aae1fcc65fc5b13a62e69c167ff4043427a3a51f31ab85977985d,complete received body,initial baseline,not assessed,,true,,
LRS-0BD99E79F4F64A,National statistics on formal investigations 2018,https://www.iua.ie/wp-content/uploads/2020/07/National-Stats-on-Formal-Investigations-of-Research-Misconduct-2018.pdf,https://www.iua.ie/wp-content/uploads/2020/07/National-Stats-on-Formal-Investigations-of-Research-Misconduct-2018.pdf,2026-07-30,accessible,200,0,application/pdf,787323,"""5f02ee23-c037b""","Mon, 06 Jul 2020 09:25:55 GMT",787323,de9cf30e1bb112a63b18fa2d7e23c4590a141caa66429d861b8da8c979b35d51,complete received body,initial baseline,not assessed,,true,,
LRS-0BDFD6B3E461A7,EUREKA in Bosnia and Herzegovina,https://mcp.gov.ba/en/about-eu-eureka,https://mcp.gov.ba/en/about-eu-eureka,2026-07-30,accessible,200,0,text/html; charset=utf-8,43323,,,159385,cb49c3c8a5b3a2353e341b82bc63b96d50598e7eecd2f5c393ad989b93ebff4a,complete received body,initial baseline,not assessed,,true,,
LRS-0BE1406FB9FB7E,Law on Veterinary Medicine,https://www.arlis.am/hy/acts/193641,https://www.arlis.am/hy/acts/193641,2026-07-30,accessible,200,0,text/html; charset=UTF-8,,,,153696,ed39438c1663eecebd783a672d8580a288c39c2a4171909b0d0ed6f398ebc154,complete received body,initial baseline,not assessed,,true,,
LRS-0BE6D89EA6BE2A,Ethics Committee functioning regulation,https://www.unimi.it/sites/default/files/regolamenti/REGOLAMENTO%20DI%20FUNZIONAMENTO%20COMITATO%20ETICO.pdf,https://www.unimi.it/sites/default/files/regolamenti/REGOLAMENTO%20DI%20FUNZIONAMENTO%20COMITATO%20ETICO.pdf,2026-07-30,http-error,403,0,text/html; charset=UTF-8,,,,6056,9e507c23029e63677e20f42e1d84220f36d4bddc8fd52eab98f90219b23b54d1,complete received body,initial baseline,not assessed,,true,,HTTP 403
LRS-0C5B73BBCF2860,Guidelines in the event of violations of research ethics standards,https://mf.no/en/library/resources-faculty/information-researchers/guidelines-event-violations-research-ethics,https://mf.no/en/library/resources-faculty/information-researchers/guidelines-event-violations-research-ethics,2026-07-30,accessible,200,0,text/html; charset=UTF-8,57597,,,57597,25c0731c290f277249a0d98fbe9e328a9d4d3a33d3537fe5e31a19291165e104,complete received body,initial baseline,not assessed,,true,,
LRS-0C951F3EB2D87F,Basel scientific integrity,https://www.unibas.ch/en/Research/Values-Ethics/Scientific-Integrity.html,https://www.unibas.ch/en/Research/Values-Ethics/Scientific-Integrity.html,2026-07-30,accessible,200,0,text/html;charset=UTF-8,,,"Thu, 30 Jul 2026 19:03:40 GMT",416813,a8ac78b6408eebf45ebd8620159710dceb1ab8f0790031eec564a6237b55c841,complete received body,initial baseline,not assessed,,true,,
LRS-0C9EBE3AC0AA91,Accessible Research Integrity Landscape,https://ukrio.org/research-integrity/research-integrity-landscape-in-the-uk/accessible-research-integrity-landscape,https://ukrio.org/research-integrity/research-integrity-landscape-in-the-uk/accessible-research-integrity-landscape/,2026-07-30,redirected-accessible,200,1,text/html; charset=UTF-8,,"""432de22a3132556cf41caacaaff0d49b""","Thu, 30 Jul 2026 19:03:41 GMT",60519,b5d4feb6b4f85f978e7cdf2dad80a848d9ec3a1ab4a39fb60ff98df77bd3140b,complete received body,initial baseline,human review required,,true,,redirect requires equivalence review
LRS-0CB067C7731793,Office joins GAIN,https://etikostarnyba.lt/en/the-office-joins-the-global-academic-integrity-network-gain,https://etikostarnyba.lt/en/the-office-joins-the-global-academic-integrity-network-gain/,2026-07-30,redirected-accessible,200,1,text/html; charset=UTF-8,,,"Thu, 30 Jul 2026 19:03:44 GMT",174510,6a356424f2427da45fe25dfd8859a5521cd62c3ea3389a503595d0447d90626c,complete received body,initial baseline,human review required,,true,,redirect requires equivalence review
LRS-0CBF8B83E89B8B,2025 activity report presented to Seimas committee,https://etikostarnyba.lt/en/academic-ethics-a-shared-responsibility-of-the-academic-community,https://etikostarnyba.lt/en/academic-ethics-a-shared-responsibility-of-the-academic-community/,2026-07-30,redirected-accessible,200,1,text/html; charset=UTF-8,,,"Thu, 30 Jul 2026 19:03:44 GMT",175638,3efeaa005c60a8d0d68794fdb7b800506a12cee22c647dc79086b0bc1ad3da8d,complete received body,initial baseline,human review required,,true,,redirect requires equivalence review
LRS-0CD0AFE65A3155,University of Malta Open Science,https://www.um.edu.mt/library/openscience,https://www.um.edu.mt/library/openscience/,2026-07-30,redirected-accessible,200,1,text/html,10306,"""aee2-657447c79a08f-gzip""","Thu, 23 Jul 2026 10:11:58 GMT",44770,1c4e81936f0b84bc96cdf5306e1f4cb6aa4d4348b1712520d71696a82c25ddf8,complete received body,initial baseline,human review required,,true,,redirect requires equivalence review
LRS-0CDD58116B70DC,CEEI official page,https://www.ciencia.gob.es/site-web/Ministerio/Mision-y-organizacion/Organismos-consultivos/CEEI.html,https://www.ciencia.gob.es/site-web/Ministerio/Mision-y-organizacion/Organismos-consultivos/CEEI.html,2026-07-30,network-error,,0,,,,,0,,none,initial unavailable baseline,not assessed,,true,fetch failed,network access failed
LRS-0D003F4C267CE9,Babes-Bolyai ethics report 2022-2023,https://www.ubbcluj.ro/ro/despre/organizare/files/etica/raport_Etica_2022_2023.pdf,https://www.ubbcluj.ro/ro/despre/organizare/files/etica/raport_Etica_2022_2023.pdf,2026-07-30,accessible,200,0,application/pdf,408647,"""63c47-61f13baf2fca4""","Wed, 07 Aug 2024 08:31:01 GMT",408647,bae5b0631960bb195cf9fbaa6faca038b95e0b9b71f2fe8b0578377b427e7a6c,complete received body,initial baseline,not assessed,,true,,
LRS-0D4DB679F65B21,ASM scientific sections,https://asm.md/en/structure/scientific-sections,https://asm.md/en/structure/scientific-sections,2026-07-30,accessible,200,0,text/html; charset=UTF-8,,,,34753,641ec86f3d714cd3439586148beb0d8d7e2117f21d66dd74368e47e879604ae1,complete received body,initial baseline,not assessed,,true,,
LRS-0D9454EFFADA3C,University whistleblowing,https://www.uni.lu/en/about/ethics-integrity/whistleblowing,https://www.uni.lu/en/about/ethics-integrity/whistleblowing,2026-07-30,accessible,202,0,text/html; charset=UTF-8,2087,,,2087,a8d987371b99430623a625aa66852df46f3792084e8a6e5df07c053b76824588,complete received body,initial baseline,not assessed,,true,,
LRS-0DADB0A549846D,Authorisation of non-interventional studies,https://ogyei.gov.hu/authorisation_of_non_interventional_studies,https://ogyei.gov.hu/authorisation_of_non_interventional_studies,2026-07-30,accessible,200,0,text/html; charset=UTF-8,,,,42340,adde58f6789636a4ffcbe2d3efc9559db408efda6f05fedc7559141182839e46,complete received body,initial baseline,not assessed,,true,,
LRS-0DB34755C86980,Integrity and ethics at UP,https://www.upr.si/en/about-the-university/integrity-and-ethics,https://www.upr.si/en/about-the-university/integrity-and-ethics,2026-07-30,http-error,404,0,text/html; charset=utf-8,,,,61471,83a41cc89b66ed3f33fbbce7abe87c947ad993da44a6bac6ef4697630d8e252e,complete received body,initial baseline,not assessed,,true,,HTTP 404
LRS-0DD206CF800436,UMinho Code of Ethics and Conduct enters into force,https://sou.uminho.pt/pt/Sou-Candidato/A-UMinho/Servicos/Etica/Paginas/Etica.aspx,https://sou.uminho.pt/pt/Sou-Candidato/A-UMinho/Servicos/Etica/Paginas/Etica.aspx,2026-07-30,accessible,200,0,text/html; charset=utf-8,20517,,"Thu, 30 Jul 2026 19:03:44 GMT",82655,8b819802ed4a5a3b1723f18646b04f00a1f76bc1c106e6247e7c796b9674a90e,complete received body,initial baseline,not assessed,,true,,
LRS-0E078998347ABA,Research integrity and handling of alleged RI violations,https://www.jyu.fi/en/research/responsible-science/research-integrity,https://www.jyu.fi/en/research/responsible-science/research-integrity,2026-07-30,accessible,200,0,text/html; charset=UTF-8,,"W/""1785417915""","Thu, 30 Jul 2026 13:25:15 GMT",100591,0d4e4792bd6283bc636d80637571b8a62d78d93d347ac4dd3f52bf0a3b412303,complete received body,initial baseline,not assessed,,true,,
LRS-0E0844654DD6F4,Doctoral Courses Regulation,https://www.univpm.it/Entra/Assicurazione_qualita_1/Sistema_AQ_Corsi_di_Dottorato_di_Ricerca/Regolamento_Dottorato_di_Ricerca/Regolamento_in_materia_di_Dottorato_di_Ricerca_in_vigore_dal_31_10_2025/L/1,https://www.univpm.it/Entra/Assicurazione_qualita_1/Sistema_AQ_Corsi_di_Dottorato_di_Ricerca/Regolamento_Dottorato_di_Ricerca/Regolamento_in_materia_di_Dottorato_di_Ricerca_in_vigore_dal_31_10_2025/L/1,2026-07-30,http-error,500,0,text/html; charset=ISO-8859-15,0,,,0,,complete received body,initial baseline,not assessed,,true,,HTTP 500
LRS-0E0C8096D844E3,Fraunhofer IPK scientific integrity,https://www.ipk.fraunhofer.de/en/about-us/scientific-integrity.html,https://www.ipk.fraunhofer.de/en/about-us/scientific-integrity.html,2026-07-30,accessible,200,0,text/html;charset=utf-8,10600,,,61844,6eb1365a2f9c2c94f60111b08576014ebb18d6d1cdb4ba2c1bbf055e6d4130a4,complete received body,initial baseline,not assessed,,true,,
LRS-0E126FF7924A44,AFMN Biomedicine author instructions,https://publisher.medfak.ni.ac.rs/AFMN_1/Instructions.htm,https://publisher.medfak.ni.ac.rs/AFMN_1/Instructions.htm,2026-07-30,accessible,200,0,text/html,52497,"""cd11-6451c70be79f5""","Thu, 04 Dec 2025 08:51:53 GMT",52497,104affa41418e4fe1d4261bea8ca479e56fe4b7795543f718ac0af4c38ff5e9a,complete received body,initial baseline,not assessed,,true,,
LRS-0E1C797B69DEE5,CEMU legislation page,https://www.cemu.ro/index.php/legislatie,https://www.cemu.ro/index.php/legislatie/,2026-07-30,redirected-accessible,200,1,text/html; charset=UTF-8,,,,88251,18fe5db1335a3bf0284add9dd7b7c9dc6cc470a83021f1387d539777b3f87921,complete received body,initial baseline,human review required,,true,,redirect requires equivalence review
LRS-0E2551B75FB28A,UKIM Ethical Code,https://ukim.edu.mk/en/univerzitet/dokumenti-2/normativni-akti-2/drugi-akti/etichki-kodeks,https://ukim.edu.mk/en/univerzitet/dokumenti-2/normativni-akti-2/drugi-akti/etichki-kodeks/,2026-07-30,redirected-accessible,200,1,text/html; charset=UTF-8,,,,273958,64332ae9b34a60b7ec4f23282a05ee3534a8bf9945e3b501f892fe28d68b996b,complete received body,initial baseline,human review required,,true,,redirect requires equivalence review
LRS-0E44DD24D0632D,Ombuds Committee official site,https://ombudsgremium.de/?lang=en,https://ombudsgremium.de/?lang=en,2026-07-30,accessible,200,0,text/html; charset=UTF-8,,,,456333,37b18bf67750a5532125ca2f091f1ea35eafe06a9a3af12f52e24763e425938d,complete received body,initial baseline,not assessed,,true,,
LRS-0E46E8DA478C58,Fitr,https://fitr.mk/wp-content/uploads/2021/11/Law-on-Innovation-Activity.pdf,https://fitr.mk/wp-content/uploads/2021/11/Law-on-Innovation-Activity.pdf,2026-07-30,network-error,,0,,,,,0,,none,initial unavailable baseline,not assessed,,true,fetch failed,network access failed
LRS-0E54AAAB87E7BE,Support regarding unethical behaviour,https://lsmu.lt/en/for-students/studies/student-well-being-and-wellness/support-regarding-unethical-behaviour,https://lsmu.lt/en/for-students/studies/student-well-being-and-wellness/support-regarding-unethical-behaviour/,2026-07-30,redirected-accessible,200,1,text/html; charset=UTF-8,,,,85511,6a682ac8b07cf4e06c8a76406720bfcae148fbc9ad947b1c492f0566bca75a46,complete received body,initial baseline,human review required,,true,,redirect requires equivalence review
LRS-0E7762A0B46621,Animals (Scientific Procedures) Act creates the animal research statutory boundary,https://www.gov.uk/government/collections/animals-in-science-regulation-unit,https://www.gov.uk/government/collections/animals-in-science-regulation-unit,2026-07-30,accessible,200,0,text/html; charset=utf-8,14035,"W/""7eb8c84528489acd35e31e349302e59b""",,89098,7eb8c84528489acd35e31e349302e59b218f47f70ffdb7005d0e2c40b232a2da,complete received body,initial baseline,not assessed,,true,,
LRS-0E789463DA4E0E,Gulhane HADYEK page,https://sbu.edu.tr/arastirma/etik-kurullar/gulhane-hayvan-deneyleri-yerel-etik-kurulu,https://sbu.edu.tr/arastirma/etik-kurullar/gulhane-hayvan-deneyleri-yerel-etik-kurulu/,2026-07-30,redirected-accessible,200,1,text/html; charset=utf-8,84082,"""11kf8brzqi48ali""",,390820,368874e6a6248bc1aa35e4fe017ab21744d6e6f04401935b91639a19be8bfd39,complete received body,initial baseline,human review required,,true,,redirect requires equivalence review
LRS-0E99E37FF08DD6,DTU good scientific conduct,https://www.inside.dtu.dk/en/research/good-scientific-conduct,https://www.inside.dtu.dk/en/research/good-scientific-conduct,2026-07-30,accessible,200,0,text/html; charset=utf-8,186236,,,186236,b865a6f10d402a9b76d7d675ada08d8727398eb553eac77ac022361eca22debb,complete received body,initial baseline,not assessed,,true,,
LRS-0EA378EEFF66B3,Research Integrity in Norway RINO report,https://www.forskningsetikk.no/globalassets/dokumenter/4-publikasjoner-som-pdf/rino-report-no-1---research-integrity-in-norway---results-from-a-nationwide-survey-on-research-ethics.pdf,https://www.forskningsetikk.no/globalassets/dokumenter/4-publikasjoner-som-pdf/rino-report-no-1---research-integrity-in-norway---results-from-a-nationwide-survey-on-research-ethics.pdf,2026-07-30,accessible,200,0,application/pdf,512844,"""1db41e09ffe26cc""","Thu, 28 Nov 2024 21:58:15 GMT",512844,067206b4a056b1055348265c76707859f4ede86ef9a51adaf7700c10a6d8f72b,complete received body,initial baseline,not assessed,,true,,
LRS-0EB5A86620C8B1,LARI annual report 2019,https://lari.lu/wp-content/uploads/2024/08/2019-ANNUAL-REPORT-LARI.pdf,https://lari.lu/wp-content/uploads/2024/08/2019-ANNUAL-REPORT-LARI.pdf,2026-07-30,accessible,200,0,application/pdf,1292626,"""672f43d8-13b952""","Sat, 09 Nov 2024 11:13:28 GMT",1000000,3b3e30373a87c500501dd3fd7c4809d48928b080bbe00a5e780c71aa9e687db6,first 1000000 bytes,initial baseline,not assessed,,true,,
LRS-0EC6F05E153576,Code of Ethics for Teachers and Employees,https://www.uni-ruse.bg/en/university/Documents/Etichen%20kodeks%20RU-EN_EditedMP.pdf,https://www.uni-ruse.bg/en/university/Documents/Etichen%20kodeks%20RU-EN_EditedMP.pdf,2026-07-30,accessible,200,0,application/pdf,213682,"""{CF4689FD-B7AC-41DA-ADA9-AD3945862CE2},2""","Tue, 05 Sep 2023 06:43:06 GMT",213682,16056de912a92a769aa5117a8e8a9e2001d69bb499d361080dbe3eba8b9693b2,complete received body,initial baseline,not assessed,,true,,
LRS-0EE527CC2B38FF,Rulebook on non-academic behavior,https://web1.grf.bg.ac.rs/p/docs/ostalo/rulebook_on_the_procedure_for_determining_non_academic_behavior_1721030901840.pdf,https://web1.grf.bg.ac.rs/p/docs/ostalo/rulebook_on_the_procedure_for_determining_non_academic_behavior_1721030901840.pdf,2026-07-30,accessible,200,0,application/pdf,24766,rulebook_on_the_procedure_for_determining_non_academic_behavior_1721030901840.pdf_24766_1721030901000,"Mon, 15 Jul 2024 08:08:21 GMT",24766,210bc3d023c4a07e66b45e7a5923fbb9db79e151b547f8007edfb585927ddf7f,complete received body,initial baseline,not assessed,,true,,
LRS-0EF575DA0EADFE,Theological University Apeldoorn scientific integrity,https://www.tua.nl/nl/onderzoek/wetenschappelijke-integriteit,https://www.tua.nl/nl/onderzoek/wetenschappelijke-integriteit,2026-07-30,accessible,200,0,text/html; charset=utf-8,7692,,,51008,6aa42678700d384c6bf3c8d152cb7d593b2d0b03e607a893e9200d9a7a121d6d,complete received body,initial baseline,not assessed,,true,,
LRS-0EF6592DE90843,Ethics Committee XII session page,https://www.gov.me/clanak/odrzana-xii-sjednica-etickog-komiteta,https://www.gov.me/clanak/odrzana-xii-sjednica-etickog-komiteta,2026-07-30,http-error,404,0,text/html; charset=utf-8,477004,"W/""7474c-OKTp7RnEbUfWwTIzgU1QnXnSJxw""",,477004,55667ce1323a0f1905fa5c75957c0885fd8c28ea686488b2d54d04d1fb104379,complete received body,initial baseline,not assessed,,true,,HTTP 404
LRS-0F46B1CA548174,Requests to disclose data and research permission,https://www.tuni.fi/en/research/responsible-science-and-research/research-integrity/requests-to-disclose-data-and-applying-for-a-research-permission-at-tampere-university,https://www.tuni.fi/en/tau/responsible-research/data-disclosure-research-permission,2026-07-30,redirected-accessible,200,2,text/html; charset=utf-8,,"""10uux501bfm4fil""",,206857,67cf50df6797f5de603f1581710e05890d4e0857ce776826000cad32ecc361fb,complete received body,initial baseline,human review required,,true,,redirect requires equivalence review
LRS-0F691D0C7100E0,ISCIII code,https://repisalud.isciii.es/entities/publication/9a2f300c-6521-478f-9496-40771a27d2be,https://repisalud.isciii.es/entities/publication/9a2f300c-6521-478f-9496-40771a27d2be,2026-07-30,accessible,200,0,text/html; charset=utf-8,117509,"W/""75e71-KPbWzKKBuT3hMbJbq4tYTLaQaZQ""",,482929,6a2e1aa6ec7f917ef3d9d2c5cb2506c6211135cd383719330046e388820d6f38,complete received body,initial baseline,not assessed,,true,,
LRS-0F939EC82C8AF1,Ethics Council page,https://www.unizg.hr/o-sveucilistu/sveucilisna-tijela-i-sluzbe/ostala-sveucilisna-tijela/eticki-savjet,https://www.unizg.hr/o-sveucilistu/sveucilisna-tijela-i-sluzbe/ostala-sveucilisna-tijela/eticki-savjet/,2026-07-30,redirected-accessible,200,1,text/html; charset=utf-8,11499,,,52981,7b93a853963d6060064a9be5581395a24abf98571e24fce16adb309f18b9a2a2,complete received body,initial baseline,human review required,,true,,redirect requires equivalence review
LRS-0FA0274FB86BFC,NASRI research and publishing ethics regulation,https://nasri.gov.al/dokumenta/RregullorjaKerkimit.pdf,https://nasri.gov.al/dokumenta/RregullorjaKerkimit.pdf,2026-07-30,accessible,200,0,application/pdf,394519,,"Wed, 05 Dec 2012 12:50:54 GMT",394519,a89e3faea25dbf8c39042428ef59754096722521be474a9de9ead9f754065f21,complete received body,initial baseline,not assessed,,true,,
LRS-0FA65435F6D7A6,Health Ethics Committee mission and terms of reference,https://healthethicscommittee.gov.mt/en/the-committee/our-mission,https://healthethicscommittee.gov.mt/en/the-committee/our-mission,2026-07-30,http-error,403,0,text/html; charset=UTF-8,,,,5801,ee03287c8452e2e1800094c79e49e12c51af813e4ba40c52d39ee916ffedd3be,complete received body,initial baseline,not assessed,,true,,HTTP 403
LRS-0FAB9BA2E40A51,AAK 2019-2022 statistics and plagiarism deprivation note,https://aak.gov.az/news/144,https://aak.gov.az/news/144,2026-07-30,accessible,200,0,text/html; charset=UTF-8,,,,123241,e102d817d83cc7d94678b8f4a13b424e89f9a128b89dddb0e31739ffd1178507,complete received body,initial baseline,not assessed,,true,,
LRS-0FAF0FCC5C3E9D,Report on research ethics in the biological sciences,https://bioethics.gr/api/files/download/1533/reseth-rep-en.pdf?attachment=false,https://bioethics.gr/api/files/download/1533/reseth-rep-en.pdf?attachment=false,2026-07-30,accessible,200,0,application/pdf,335425,"W/""51e41-1970bdfebfb""","Mon, 26 May 2025 09:15:13 GMT",335425,c2867db19ff672de5c4008f0e96356514229e34157df199d97ca852f2a056fee,complete received body,initial baseline,not assessed,,true,,
LRS-0FBCD92387FAEA,Plagiarism and fraud procedure,https://www.uda.ad/wp-content/uploads/2024/05/PlagiFrauAcademic042024.pdf,https://www.uda.ad/wp-content/uploads/2024/05/PlagiFrauAcademic042024.pdf,2026-07-30,accessible,200,0,application/pdf,87636,"""15654-617de4e85f826""","Tue, 07 May 2024 14:50:27 GMT",87636,7286382a2e979928e1f2872d1826aec03afac7f389d9d25614ac67450e27f938,complete received body,initial baseline,not assessed,,true,,
LRS-0FD63311E76508,Action Plan for Open Science,https://www.gov.si/assets/ministrstva/MVZI/Znanost/Nacionalne-strategije-in-dokumenti/2023-Action-Plan-Open-Science-Slovenia.pdf,https://www.gov.si/assets/ministrstva/MVZI/Znanost/Nacionalne-strategije-in-dokumenti/2023-Action-Plan-Open-Science-Slovenia.pdf,2026-07-30,accessible,200,0,application/pdf,345210,"""5447a-5fe24c4c07bd3""","Thu, 15 Jun 2023 05:59:16 GMT",345210,68cb6e5d30e41154b5581f73dc6ad365ec69d6eea10fc12767f37af9711f3cc5,complete received body,initial baseline,not assessed,,true,,
LRS-0FDC19B54979B9,I Local Ethical Committee for Animal Experiments in Warsaw,https://www.biol.uw.edu.pl/en/i-local-ethical-committee-for-animal-experiments-in-warsaw,https://www.biol.uw.edu.pl/en/i-local-ethical-committee-for-animal-experiments-in-warsaw/,2026-07-30,redirected-accessible,200,1,text/html; charset=UTF-8,15394,,,64393,c3e6b1200ea1b88452e4a657520cdfe97c703e2245c832e4a338607d19f137dd,complete received body,initial baseline,human review required,,true,,redirect requires equivalence review
LRS-100DABA871135B,CEMU audit procedure,https://www.cemu.ro/wp-content/uploads/2021/01/Procedura-CEMU-privind-auditarea_final.pdf,https://www.cemu.ro/wp-content/uploads/2021/01/Procedura-CEMU-privind-auditarea_final.pdf,2026-07-30,accessible,200,0,application/pdf,151550,"""1000eb-24ffe-5b9cd7dfa6b6a""","Tue, 26 Jan 2021 13:18:36 GMT",151550,7a519058df2b2af78c99f3e7cc1ed95d022e5f211454a3a2c55cc7d60d39268a,complete received body,initial baseline,not assessed,,true,,
LRS-1021886EDB57A4,Activity status PDF,https://titck.gov.tr/storage/Archive/2026/dynamicModulesAttachment/EtikKurulFaaliyetDurumu09.03.2026_615047de-f51e-468e-9245-64569f8b77e9.pdf,https://titck.gov.tr/storage/Archive/2026/dynamicModulesAttachment/EtikKurulFaaliyetDurumu09.03.2026_615047de-f51e-468e-9245-64569f8b77e9.pdf,2026-07-30,http-error,404,0,text/html; charset=UTF-8,,,,54563,740e917a2179a2ae69de4e31c7edd6d71aa1275ba7133a6f3707a8c85497068d,complete received body,initial baseline,not assessed,,true,,HTTP 404
LRS-103D1B111AC2DF,IMY research and data protection,https://www.imy.se/en/organisations/data-protection/this-applies-accordning-to-gdpr/research,https://www.imy.se/en/organisations/data-protection/this-applies-accordning-to-gdpr/research,2026-07-30,http-error,404,0,text/html; charset=utf-8,,,,341263,8fd6046e6029d59d15a17dc7cfd33910a8273c14da59a3b5113b60fbe9947600,complete received body,initial baseline,not assessed,,true,,HTTP 404
LRS-10666D3531C4BC,Rezonanca College institutional evaluation report,https://akreditimi.rks-gov.net/wp-content/uploads/2020/10/FR-Rezonanca-College_Institutional-Evaluation.pdf,https://akreditimi.rks-gov.net/wp-content/uploads/2020/10/FR-Rezonanca-College_Institutional-Evaluation.pdf,2026-07-30,accessible,200,0,application/pdf,711441,"""adb11-5d5772d74b100""","Thu, 13 Jan 2022 14:05:24 GMT",711441,ac296a74627255ef23914004ae467a4083b7917ee3d724c42ce49f052147058e,complete received body,initial baseline,not assessed,,true,,
LRS-10673939D23FDF,TAI ends external-project review and narrows its human-research ethics committee to TAI projects,https://www.tai.ee/et/instituudist/tai-inimuuringute-eetikakomitee,https://www.tai.ee/et/instituudist/tai-inimuuringute-eetikakomitee,2026-07-30,accessible,200,0,text/html; charset=UTF-8,15840,,,171877,b829e2a008f2ecbe099a63721c961f0b7efa7fba1b3b24622036d67cb2ee2445,complete received body,initial baseline,not assessed,,true,,
LRS-1074E45C3F1285,Minobrnauki,https://vak.minobrnauki.gov.ru/main,https://vak.minobrnauki.gov.ru/main,2026-07-30,network-error,,0,,,,,0,,none,initial unavailable baseline,not assessed,,true,fetch failed,network access failed
LRS-1086195DCDFB03,What the State Intellectual Property Office does,https://dziv.hr/en/about-sipo/what-is-sipo/what-we-do,https://dziv.hr/en/about-sipo/what-is-sipo/what-we-do,2026-07-30,accessible,200,0,text/html; charset=utf-8,8006,,,25293,2cbb8fce2bd46b9fb52535995d948a511de7af9a61640c1dc797a7f989840804,complete received body,initial baseline,not assessed,,true,,
LRS-10AEFD19C28104,Accreditation documents page,https://www.hea.gov.ba/Content/Read/dokumenti-akreditacije,https://www.hea.gov.ba/Content/Read/dokumenti-akreditacije,2026-07-30,accessible,200,0,text/html; charset=utf-8,,,,74525,be9421b04b2e614310cf0811b46e5649077c006974c7764f694accf9c03a6606,complete received body,initial baseline,not assessed,,true,,
LRS-10C67107217957,CroRIS official records page,https://www.croris.hr/upisnici?lang=en,https://www.croris.hr/upisnici/?lang=en,2026-07-30,redirected-accessible,200,2,text/html;charset=UTF-8,,,,112817,7d53af77fc473922d62699e0e7b870d3489d3c8e5b5a636292b5f97906dd5fc5,complete received body,initial baseline,human review required,,true,,redirect requires equivalence review
LRS-10F69B1619ABDF,Animal treatment law,https://legimonaco.mc/tnc/loi/1989/11-07-1.128,https://legimonaco.mc/tnc/loi/1989/11-07-1.128/,2026-07-30,redirected-accessible,200,1,text/html,,,"Wed, 27 May 2026 10:06:47 GMT",31432,db419aa434b8875edb9310a99e3c3a987fae24ac7fe4b66fce8e5de2d1267fdd,complete received body,initial baseline,human review required,,true,,redirect requires equivalence review
LRS-112083EC6A1F72,TA CR founded as a state organisational unit,https://tacr.gov.cz/en/technology-agency-of-the-czech-republic,https://tacr.gov.cz/en/technology-agency-of-the-czech-republic/,2026-07-30,redirected-accessible,200,1,text/html; charset=UTF-8,,,,89072,597d8a75de5f1981d97e4abbd07c62ae10ef9c5342eb50c734947f35eeba193c,complete received body,initial baseline,human review required,,true,,redirect requires equivalence review
LRS-11209613F429F9,Annual Report 2024 questionable research practice,https://ufsn.dk/media/0rwfozt2/arsberetning-2024-qrp-web-090525.pdf,https://ufsn.dk/media/0rwfozt2/arsberetning-2024-qrp-web-090525.pdf,2026-07-30,accessible,200,0,application/pdf,283508,"""1dc4a6a3c2471f4""","Fri, 31 Oct 2025 13:28:25 GMT",283508,e4683b6d47c5fb05c89d3bee070ac0e1fa2de8481e4840a77be0c2a9ec0ccd54,complete received body,initial baseline,not assessed,,true,,
LRS-11224A9606A149,NACID,https://nacid.bg/en,https://nacid.bg/en/,2026-07-30,redirected-accessible,200,1,text/html; charset=UTF-8,,,,27318,657325760341265d70c8420522f5ab91324c5755f7db47bf33009c1e709849ab,complete received body,initial baseline,human review required,,true,,redirect requires equivalence review
LRS-1122D45EE6FE2C,SNSF Commission and Plagiarism Control Group report 2024,https://www.snf.ch/media/de/vzaHaBcJudF3hRtz/Annual_report_2024_IK.pdf,https://www.snf.ch/media/de/vzaHaBcJudF3hRtz/Annual_report_2024_IK.pdf,2026-07-30,accessible,200,0,application/pdf,237235,"""6a149c4c61f210bedc7fa36cc9e2361c""","Mon, 08 Sep 2025 19:36:25 GMT",237235,8cc7c509316765ab1e47175b8112738aea0e100bff0f48e034c45516d5e2fdb5,complete received body,initial baseline,not assessed,,true,,
LRS-1126BCCDEC7A3C,Administrative services and bodies,https://www.bg.ac.rs/administrative-services-and-bodies,https://www.bg.ac.rs/administrative-services-and-bodies/,2026-07-30,redirected-accessible,200,1,text/html; charset=UTF-8,,,,209263,bd6ad976d8d6a0e1b404202b0439e2db49a43e310e2f020a1cd85e23a3d1485d,complete received body,initial baseline,human review required,,true,,redirect requires equivalence review
LRS-11533D886255EB,ABM Agenda for 2025,https://abm.gov.pl/download/1/8758/PlandzialalnosciABMnarok2025EN.pdf,https://abm.gov.pl/download/1/8758/PlandzialalnosciABMnarok2025EN.pdf,2026-07-30,accessible,200,0,application/pdf,1161443,,,1000000,7a50dafdceaa5046b19ac7892b95209463286a9f41f11bd8436ccdbe0c7b8f01,first 1000000 bytes,initial baseline,not assessed,,true,,
LRS-1168C1D5B945E0,ENRIO Switzerland country report,https://www.enrio.eu/country-reports/switzerland,https://www.enrio.eu/country-reports/switzerland/,2026-07-30,redirected-accessible,200,1,text/html; charset=UTF-8,15291,,,54759,e04b1de8b80551f65a7780618f8414686e25966d72a4fb59a3e289138d2dce03,complete received body,initial baseline,human review required,,true,,redirect requires equivalence review
LRS-117768BCECF19D,UP Faculty of Medicine Ethics Committee,https://mjekesia.uni-pr.edu/page.aspx?=&id=2%2C56,https://mjekesia.uni-pr.edu/page.aspx?=&id=2%2C56,2026-07-30,accessible,200,0,text/html; charset=utf-8,,,,40175,b40f82cca2f6235c1096ce16170038682913d6a7406f282379ababd350e72b5a,complete received body,initial baseline,not assessed,,true,,
LRS-11885F7673C979,Agency for Personal Data Protection,https://azlp.mk/en/pdpa,https://azlp.mk/en/pdpa/,2026-07-30,redirected-accessible,200,1,text/html; charset=UTF-8,41382,"""a1a6-65736b74bbe92""","Wed, 22 Jul 2026 17:46:15 GMT",324770,a6716c647efcd011c30f6431cdc98236256f0fd37e82db94e9e26dc9f73329e2,complete received body,initial baseline,human review required,,true,,redirect requires equivalence review
LRS-11D3973264D2C1,RGNiSW disciplinary commission page,https://rgnisw.nauka.gov.pl/komisja-dyscyplinarna,https://rgnisw.nauka.gov.pl/komisja-dyscyplinarna/,2026-07-30,redirected-accessible,200,1,text/html; charset=UTF-8,15705,,,69736,3c6f723c6dd519648931e2f5151eef83c14834c7aeddd9f735336ed4dfcc0718,complete received body,initial baseline,human review required,,true,,redirect requires equivalence review
LRS-11F1D9DB28E300,UKRIO Case study pack No. 1,https://ukrio.org/wp-content/uploads/UKRIO-Case-study-pack-No.-1.pdf,https://ukrio.org/wp-content/uploads/UKRIO-Case-study-pack-No.-1.pdf,2026-07-30,accessible,200,0,application/pdf,,"""4a63e-60107dd3331e0-gzip""","Fri, 21 Jul 2023 23:45:47 GMT",304702,7fa6adde43b94040fb497f25ef5fd01abb404cd93c0c6cb26dfe9a84a062a478,complete received body,initial baseline,not assessed,,true,,
LRS-129059CD278037,KiM independence and scientific integrity,https://english.kimnet.nl/about-kim/independence-and-scientific-integrity,https://english.kimnet.nl/about-kim/independence-and-scientific-integrity,2026-07-30,accessible,200,0,text/html; charset=utf-8,43277,,,199438,e9ed0763344ca76c6ed769db923e4862796201f3233147325a2f5b665227f118,complete received body,initial baseline,not assessed,,true,,
LRS-12CF9501BA9FD2,Yerevan State Medical University Ethics Committee,https://ysmu.am/en/research/ethics-committee,https://ysmu.am/en/research/ethics-committee/,2026-07-30,redirected-accessible,200,1,text/html; charset=UTF-8,,"""37167-1785438234;br""",,54511,54ba8ffe8d428194946709a3270d34b713be323f2366e1f9424ad97ca8de7a8c,complete received body,initial baseline,human review required,,true,,redirect requires equivalence review
LRS-12E65CA1550E5D,ISSP UL documents,https://www.cfi.lu.lv/en/about-us/documents,https://www.cfi.lu.lv/en/about-us/documents,2026-07-30,accessible,200,0,text/html; charset=utf-8,7955,"""c4908d667cbeca131fff92e2ddce2182-gzip""",,52003,df9f22be26017f8220eb7c03374280d7911c6994785b2ed9209347940b18cc30,complete received body,initial baseline,not assessed,,true,,
LRS-12FB4C1E04C2D1,TITCK ethics committee page,https://www.titck.gov.tr/dinamikmodul/84,https://www.titck.gov.tr/dinamikmodul/84,2026-07-30,accessible,200,0,text/html; charset=UTF-8,59536,,,59536,438b8cf2b41edb7263d9eff98fd0ca5b793c9ade9b54b23df828774fcdcdbfd3,complete received body,initial baseline,not assessed,,true,,
LRS-13199DFC61FF51,Ufficio Segreteria Tecnico-Amministrativa,https://www.gov.sm/pub1/GovSM/Dipartimenti/Dipartimento-Sanit%C3%A0-e-Sicurezza-Sociale/Ufficio-Segreteria-Tecnico---Amministrativa-per-le-pari-opportunit%C3%A0%2C-la-bioetica-e-l-inclusione-sociale.html,https://www.gov.sm/pub1/GovSM/Dipartimenti/Dipartimento-Sanit%C3%A0-e-Sicurezza-Sociale/Ufficio-Segreteria-Tecnico---Amministrativa-per-le-pari-opportunit%C3%A0%2C-la-bioetica-e-l-inclusione-sociale.html,2026-07-30,accessible,200,0,text/html;charset=UTF-8,5408,,"Thu, 30 Jul 2026 16:20:16 GMT",22573,b1ebaddd855b81d4b248516a37869447a23eac75f7588b4f1ff414fdb627e635,complete received body,initial baseline,not assessed,,true,,
LRS-135422A40BD924,Minobrnauki subordinate normative acts page,https://minobrnauki.gov.ru/about/podvedomstvennye-organizatsii/podvedy_npa,https://minobrnauki.gov.ru/about/podvedomstvennye-organizatsii/podvedy_npa,2026-07-30,network-error,,0,,,,,0,,none,initial unavailable baseline,not assessed,,true,fetch failed,network access failed
LRS-13A72C13F68C97,Do I need to apply?,https://hrcdc.ie/do-i-need-to-apply,https://hrcdc.ie/do-i-need-to-apply/,2026-07-30,redirected-accessible,200,1,text/html; charset=UTF-8,,,"Thu, 30 Jul 2026 19:03:55 GMT",59692,cdb0a559622dc775516b61856acae6ab2e6d5c9a745c2d62eed2605effa17ae3,complete received body,initial baseline,human review required,,true,,redirect requires equivalence review
LRS-14036192AE2AA7,CNBC 2023 research-proposal decision/register page,https://www.bioethics.gov.cy/moh/cnbc/cnbc.nsf/09b538d0121cdc06c2257cbb0034be47/32b46c409d34cf6fc2258bb3002ec79b?OpenDocument,https://www.gov.cy/bioethics/,2026-07-30,http-error,403,1,text/html,,,,7945,79ffac2d3b1c2d0bf32b9f4b682f7989c9a5186f09fb92e35b485793002dc56f,complete received body,initial baseline,human review required,,true,,redirect requires equivalence review | HTTP 403
LRS-143C7A86A97596,Law on Research and Innovation Promotion,https://european-research-area.ec.europa.eu/documents/law-research-and-innovation-promotion-republic-bulgaria,https://european-research-area.ec.europa.eu/documents/law-research-and-innovation-promotion-republic-bulgaria,2026-07-30,accessible,200,0,text/html; charset=UTF-8,7121,"""1785438235-gzip""","Thu, 30 Jul 2026 19:03:55 GMT",33313,321506d27b9cd5092a5daa0494915035193dfab9b0085f0edb3ac5ca85c3fa88,complete received body,initial baseline,not assessed,,true,,
LRS-143F8C0A284D47,Gottingen annual report 2025,https://www.uni-goettingen.de/de/document/download/e503a3bed84435c6ab9161a13034fc64.pdf/OGWP-Bericht_2025_Layout.pdf,https://www.uni-goettingen.de/de/document/download/e503a3bed84435c6ab9161a13034fc64.pdf/OGWP-Bericht_2025_Layout.pdf,2026-07-30,accessible,200,0,application/pdf,2182152,"""69bc029d-214c08""","Thu, 19 Mar 2026 14:05:17 GMT",1000000,2ab76fcdf845c9612c5e5c4312d81649b0d60e9ebfc3299c0041ea23fe537939,first 1000000 bytes,initial baseline,not assessed,,true,,
LRS-1462406085EB19,Ethics Review Panel,https://www.uni.lu/en/about/organisation/administration/ethics-review-panel,https://www.uni.lu/en/about/organisation/administration/ethics-review-panel,2026-07-30,accessible,202,0,text/html; charset=UTF-8,2087,,,2087,37961673d1e0af052884a25588a12ec3be84b56e9cb1806d6bb9abfe7d264026,complete received body,initial baseline,not assessed,,true,,
LRS-14947BB8E40176,Commission for the Prevention of Corruption integrity plan,https://www.kpk-rs.si/en/integrity-plan,https://www.kpk-rs.si/en/integrity-plan,2026-07-30,accessible,200,0,text/html; charset=UTF-8,,,,59261,c7e04fd56f735b465394fbfde89b6c060940842956ad3634935202c55eeb8537,complete received body,initial baseline,not assessed,,true,,
LRS-14B03E902BBA71,BfDI tasks page,https://www.bfdi.bund.de/DE/BfDI/Inhalte/BfDI/AufgabenBFDI.html,https://www.bfdi.bund.de/DE/BfDI/Inhalte/BfDI/AufgabenBFDI.html,2026-07-30,accessible,200,0,text/html;charset=utf-8,,,,144442,a71b5b5528677d4541cc07a0d7a5e1d4f9d2188e0376bd85e1d7defc5ee86547,complete received body,initial baseline,not assessed,,true,,
LRS-14C021E32A6616,Research-institute second-instance commission,https://www.gov.pl/web/nauka/komisja-dyscyplinarna-ii-instancji-ds-pracownikow-naukowych-i-badawczo-technicznych-w-instytutach-badawczych-przy-ministrze-nauki,https://www.gov.pl/web/nauka/komisja-dyscyplinarna-ii-instancji-ds-pracownikow-naukowych-i-badawczo-technicznych-w-instytutach-badawczych-przy-ministrze-nauki,2026-07-30,accessible,200,0,text/html;charset=UTF-8,,"W/""04301b46a6f3fd8f398c9592a0cb673c4""",,26681,4301b46a6f3fd8f398c9592a0cb673c40c44729145c48f0e5a60384b0c741114,complete received body,initial baseline,not assessed,,true,,
LRS-14EB5EDFDC6650,STU ethics committee opinions,https://www.stuba.sk/sk/stu/akademicke-a-samospravne-organy/eticka-komisia-stu/stanoviska-ek-stu.html?month=1&page_id=14371&year=2025,https://www.stuba.sk/sk/organizacna-struktura/univerzita/eticka-komisia-stu/stanoviska-ek-stu.html?month=1&page_id=14371&year=2025,2026-07-30,redirected-accessible,200,1,text/html; charset=UTF-8,,,,225370,4cccb55ac1940ac8817b58fb02e4f718a1f88dfab71ce475e38c95584f42722b,complete received body,initial baseline,human review required,,true,,redirect requires equivalence review
LRS-150389AD25F565,ENRIO Slovenia member page,https://www.enrio.eu/members/slovenia,https://www.enrio.eu/members/slovenia/,2026-07-30,redirected-accessible,200,1,text/html; charset=UTF-8,10041,,,39177,ce259060335bcc50d5ef76c673600297d9e76f719dfe12f003c112e94d9f65aa,complete received body,initial baseline,human review required,,true,,redirect requires equivalence review
LRS-1536F7D700A762,Vereniging Hogescholen complaint publications 2025,https://www.vereniginghogescholen.nl/kennisbank/praktijk-en-onderzoek/artikelen/publicatie-klachten-wetenschappelijke-integriteit-2025,https://www.vereniginghogescholen.nl/kennisbank/praktijk-en-onderzoek/artikelen/publicatie-klachten-wetenschappelijke-integriteit-2025,2026-07-30,accessible,200,0,text/html; charset=utf-8,,"W/""8b5513429c36e96e3032a9f3ca8d7185""",,18588,8b5513429c36e96e3032a9f3ca8d7185b05ce1c5980163615f41b518e9c7af24,complete received body,initial baseline,not assessed,,true,,
LRS-15560F9B152A18,Responsible conduct guideline before the RI 2023 reform,https://tenk.fi/en/advice-and-materials/RCR-Guidelines-2012,https://tenk.fi/en/advice-and-materials/RCR-Guidelines-2012,2026-07-30,accessible,200,0,text/html; charset=UTF-8,,"""1785405977""","Thu, 30 Jul 2026 10:06:17 GMT",58778,73de9c719167176f6d989c993907f36384aa5019d5fc134e75c3b3175fac7272,complete received body,initial baseline,not assessed,,true,,
LRS-15836D77408FB4,Parlament.ba,https://www.parlament.ba/law/LawDetails?lawId=890,https://www.parlament.ba/law/LawDetails?lawId=890,2026-07-30,accessible,200,0,text/html; charset=utf-8,,,,34184,6278c1e7b68d83e2f80444c252b9803edd6fcd3c278a6553eb9f4de4a7a4bc41,complete received body,initial baseline,not assessed,,true,,
LRS-15862A33453109,Medicines Authority good clinical practice,https://medicinesauthority.gov.mt/goodclinicalpractice,https://medicinesauthority.gov.mt/goodclinicalpractice,2026-07-30,accessible,200,0,text/html; charset=utf-8,101071,,,101071,c89d2139ac99a6698b6ee5b51a2a706191990d3b2520169fcb7b7951a498408c,complete received body,initial baseline,not assessed,,true,,
LRS-15A4CC5A4E1564,Agreement on the ethics of publications,https://sudexpert.gov.by/en/seb_agr.html,https://sudexpert.gov.by/en/seb_agr.html,2026-07-30,accessible,200,0,text/html; charset=utf-8,6625,,,25649,a27d3e672750d2ae0ddbb95999f8db9caeb20522dfd21d3b98bcb6c3bd9752f7,complete received body,initial baseline,not assessed,,true,,
LRS-15A818D37AF955,Research England supporting research integrity,https://www.ukri.org/who-we-are/research-england/research-excellence/supporting-research-integrity,https://www.ukri.org/who-we-are/research-england/research-excellence/supporting-research-integrity/,2026-07-30,redirected-accessible,200,1,text/html; charset=UTF-8,17682,,,81032,be38eec4981cda7bc1f28a603b0cc95b654e415b862a5235ce7f5b9a2ca886de,complete received body,initial baseline,human review required,,true,,redirect requires equivalence review
LRS-15CFF9AC39D6B7,Necmettin Erbakan University ethics review and precedent hub,https://erbakan.edu.tr/tr/birim/hukuk-musavirligi/sayfa/etik-kurul-inceleme-islemleri-emsal-mahkeme-kararlari-ve-yonergeler,https://erbakan.edu.tr/tr/birim/hukuk-musavirligi/sayfa/etik-kurul-inceleme-islemleri-emsal-mahkeme-kararlari-ve-yonergeler,2026-07-30,accessible,200,0,text/html; charset=utf-8,,,,45849,1ccfb3084f5211fa0c811ba927816534bdfd89b0e9216f17f9f3f7d9e6462d6e,complete received body,initial baseline,not assessed,,true,,
LRS-15D6F73B0B8612,Agency for Personal Data Protection and Free Access to Information,https://www.azlp.me/en/about-agency,https://www.azlp.me/en/about-agency,2026-07-30,accessible,200,0,text/html; charset=UTF-8,,,,23591,69f300ac520eef3ffde342b050303b3a99932cb7965987624d3c9d2dc90ae60c,complete received body,initial baseline,not assessed,,true,,
LRS-15D6FDA8308773,Sakpatenti,https://www.sakpatenti.gov.ge/en,https://www.sakpatenti.gov.ge/en/,2026-07-30,redirected-accessible,200,1,text/html; charset=utf-8,52253,,,52253,7a9974adc0e68e4754457709ff7f8478556c9c9f02f112942fa80e32cef4c70d,complete received body,initial baseline,human review required,,true,,redirect requires equivalence review
LRS-15EA7F8CF0AB59,Smart Specialisation Strategy 2024-2027 adopted,https://mon.gov.mk/en-GB/odnosi-so-javnost/novosti/usvoena-e-strategija-za-pametna-specijalizacija-na-republika-severna-makedonija-2024-2027-so-akciski-plan-2024-2025,https://mon.gov.mk/en-GB/odnosi-so-javnost/novosti/usvoena-e-strategija-za-pametna-specijalizacija-na-republika-severna-makedonija-2024-2027-so-akciski-plan-2024-2025,2026-07-30,accessible,200,0,text/html; charset=utf-8,,,,163402,978a817ac1561ed4762a52143cba4d29330b71f22a37813fa5a029ff6edc4739,complete received body,initial baseline,not assessed,,true,,
LRS-1632A2C1891317,NASB Code of Professional Ethics of an Employee,https://nasb.gov.by/rus/information/the_code.pdf,https://nasb.gov.by/rus/information/the_code.pdf,2026-07-30,accessible,200,0,application/pdf,181332,"""2c454-5f90c7263554d""","Tue, 11 Apr 2023 09:52:17 GMT",181332,66e39b7e69eec642fa1529902ae875afe5831f72e9c7f4ee15ad57da06d8deb9,complete received body,initial baseline,not assessed,,true,,
LRS-1668F0F4C9D674,Semmelweis RKEB page,https://semmelweis.hu/rkeb,https://semmelweis.hu/rkeb/,2026-07-30,redirected-accessible,200,1,text/html; charset=UTF-8,15355,,,64666,1ef897de8f050b73972daae812efed8f7c03a796ef1f90d03686e35a75ee9313,complete received body,initial baseline,human review required,,true,,redirect requires equivalence review
LRS-1680730A69A79B,Committee page,https://en.uw.edu.pl/rectors-committee-for-the-ethics-of-research-involving-human-participants,https://en.uw.edu.pl/rectors-committee-for-the-ethics-of-research-involving-human-participants/,2026-07-30,redirected-accessible,200,1,text/html; charset=UTF-8,,,,48121,2f078b33cc6e2edb090761bbc43f087aa6c05f7b0753663d397f1c9ef511ef14,complete received body,initial baseline,human review required,,true,,redirect requires equivalence review
LRS-16AE00942C3EF6,Eligibility,https://www.aka.fi/en/research-funding/apply-for-funding/how-to-apply-for-funding/az-index-of-application-guidelines2/eligibility,https://www.aka.fi/en/research-funding/apply-for-funding/how-to-apply-for-funding/az-index-of-application-guidelines2/eligibility,2026-07-30,http-error,404,0,text/html; charset=utf-8,4900,,,4900,63443724eb46abe4e639915ae95940f815306257d8df8721b232df859555c364,complete received body,initial baseline,not assessed,,true,,HTTP 404
LRS-16E0FB818D8268,UKIM Archive,https://archive.ukim.edu.mk/dokumenti_m/Open_Science_Policy_UKIM_March_2022-en.pdf,https://archive.ukim.edu.mk/dokumenti_m/Open_Science_Policy_UKIM_March_2022-en.pdf,2026-07-30,accessible,200,0,application/pdf,588527,"""8faef-5f62dd447f4c0""","Sun, 05 Mar 2023 21:26:19 GMT",588527,1ca723ab37ce390cc2c5ab3043d41a043cef8fb80aba2ec699b5617968bd9403,complete received body,initial baseline,not assessed,,true,,
LRS-16F107CC164C6F,SCCSI home,https://scientific-integrity.ch/,https://scientific-integrity.ch/,2026-07-30,accessible,200,0,text/html;charset=utf-8,,,,117501,fd9c320ff733990bfe9ea26b843a5fa6608d6b95a90c168da2623acc20e8724a,complete received body,initial baseline,not assessed,,true,,
LRS-171992246035DE,Ghent University research integrity,https://www.ugent.be/plone_portal/en/research/research-integrity,https://www.ugent.be/plone_portal/en/research/research-integrity,2026-07-30,accessible,200,0,text/html;charset=utf-8,,"""||4006492|en|Plone Default|0|-gzip""",,32534,6d21ad3eaa1a1b6c4616d914eea6578c20d7f7d310acca082afc9c43d7f6afcc,complete received body,initial baseline,not assessed,,true,,
LRS-171C6BCF22B3F7,Masaryk University Research Ethics Committee documents and recommendations,https://www.muni.cz/o-univerzite/fakulty-a-pracoviste/rady-a-komise/eticka-komise-pro-vyzkum/dokumenty,https://www.muni.cz/o-univerzite/fakulty-a-pracoviste/rady-a-komise/eticka-komise-pro-vyzkum/dokumenty,2026-07-30,accessible,200,0,text/html; charset=utf-8,21016,,,92909,ea3865f2a7e4d0569842d1d58a70f9d90a6de911ce85ae278375736ee67cacbf,complete received body,initial baseline,not assessed,,true,,
LRS-171ED832786712,2025 permits page,https://ett.okfo.gov.hu/eng2025,https://ett.okfo.gov.hu/eng2025/,2026-07-30,redirected-accessible,200,1,text/html; charset=UTF-8,38627,,,154997,87ee269764bd6375fd5ba06fe236de4341faa79184b0465163aa6d935f0ad9bb,complete received body,initial baseline,human review required,,true,,redirect requires equivalence review
LRS-172F7177516583,ANACEC Governing Board decisions,https://anacec.md/en/content/governing-board,https://anacec.md/en/content/governing-board,2026-07-30,accessible,200,0,text/html; charset=utf-8,,"""1785438239-1""","Thu, 30 Jul 2026 19:03:59 GMT",869861,2bc9113af582d4e953463d30f1dfc8fd88fa46d4c83f4cc45748ca26dd3b5d58,complete received body,initial baseline,not assessed,,true,,
LRS-17765CD99FA346,EPFL research misconduct,https://www.epfl.ch/research/ethic-statement/research-misconduct,https://www.epfl.ch/research/ethic-statement/research-misconduct/,2026-07-30,redirected-accessible,200,1,text/html; charset=UTF-8,,,"Thu, 30 Jul 2026 19:03:59 GMT",80299,a2681f80d1976f4f031f01745c9731d8d05c4fd334de42ca2299ae937b1fe959,complete received body,initial baseline,human review required,,true,,redirect requires equivalence review
LRS-17B349304486CD,Board of Academic Ethics,https://en.ktu.edu/university/academic-ethics,https://en.ktu.edu/university/academic-ethics/,2026-07-30,redirected-accessible,200,1,text/html; charset=UTF-8,,,,60705,8ce9fac4c065f859afbbcf9e361e20a3577d82bee0b4bbe9967894ceb015b191,complete received body,initial baseline,human review required,,true,,redirect requires equivalence review
LRS-17DEE9B2E05047,Law No. 04/L-135 page,https://masht.rks-gov.net/en/alldocuments/law-no-04-l-135-on-scientific-research-activities,https://mash.rks-gov.net/,2026-07-30,redirected-accessible,200,1,text/html; charset=UTF-8,49627,,"Thu, 30 Jul 2026 12:39:31 GMT",296151,36dd14a14f566635b78e63aa5b188fb12737490e29c91f8520dbcb2aa5c7a9d7,complete received body,initial baseline,human review required,,true,,redirect requires equivalence review
LRS-17F09EB3CC210C,Academie des sciences integrity working group,https://www.academie-sciences.fr/les-groupes-de-travail-de-lacademie-des-sciences,https://www.academie-sciences.fr/les-groupes-de-travail-de-lacademie-des-sciences,2026-07-30,accessible,200,0,text/html; charset=UTF-8,,,,163952,b0f6f1c95cd39c4b4ff3e3f34e946619637668d60f927a92c68e062e5f826ab3,complete received body,initial baseline,not assessed,,true,,
LRS-18022A6A06B551,Corvinus specific research ethics approval procedure,https://www.uni-corvinus.hu/main-page/about-the-university/senate-university-committees/kutatasetikai-bizottsag/the-specific-research-ethics-approval-procedure?lang=en,https://www.uni-corvinus.hu/main-page/about-the-university/senate-university-committees/kutatasetikai-bizottsag/the-specific-research-ethics-approval-procedure/?lang=en,2026-07-30,redirected-accessible,200,1,text/html; charset=UTF-8,,,,134755,7bd28f4e473059a3b91ad4e8b6ca5058db6b982ef8c6c814bba1eae2e6df7dc7,complete received body,initial baseline,human review required,,true,,redirect requires equivalence review
LRS-181062F974A9F7,UHasselt procedure regulation,https://www.uhasselt.be/media/itqguqyp/2023-cwi-reglement.pdf,https://www.uhasselt.be/media/itqguqyp/2023-cwi-reglement.pdf,2026-07-30,accessible,200,0,application/pdf,138948,"""1db9ceb39488544""","Mon, 24 Mar 2025 18:33:23 GMT",138948,9bdf2fea9ecfec2c1a7bcf0d96ede1fd8a0c8cac74b799e4e3e43c9119dde801,complete received body,initial baseline,not assessed,,true,,
LRS-182E6859573286,First Research Ethics Act and GRU misconduct commission,https://www.forskningsetikk.no/en/guidelines/menneskelige-levninger/guidelines-for-research-ethics-on-human-remains,https://www.forskningsetikk.no/en/guidelines/menneskelige-levninger/guidelines-for-research-ethics-on-human-remains,2026-07-30,accessible,200,0,text/html; charset=utf-8,,,,54427,c126eaa4dd1cc4212e8c81b60d4732efd65c7bb6c29a98bc881b914f0ce1be69,complete received body,initial baseline,not assessed,,true,,
LRS-1837B272961B8F,Code update committee completes its work,https://ufsn.dk/om-os/om-styrelsen/raad-naevn-udvalg-og-fonde/udvalg-for-opdatering-af-kodeks-for-integritet-i-forskning,https://ufsn.dk/om-os/om-styrelsen/raad-naevn-udvalg-og-fonde/udvalg-for-opdatering-af-kodeks-for-integritet-i-forskning,2026-07-30,accessible,200,0,text/html; charset=utf-8,,,,53879,9512ceef362900a0818e02b1f4cc9f7cc6d81f4f055ba74619a00f64f3fe9b37,complete received body,initial baseline,not assessed,,true,,
LRS-18678D2FED5986,CNER secondary use,https://cner.gouvernement.lu/en/procedures/utilisation-secondaire-echantillons.html,https://cner.gouvernement.lu/en/procedures/utilisation-secondaire-echantillons.html,2026-07-30,accessible,200,0,text/html; charset=utf-8,113268,,,113268,a9a406a27754b62f96822b351e1a312fbd037fc7d97df644704fd1d2091f16ed,complete received body,initial baseline,not assessed,,true,,
LRS-18969C93DFC021,UKIM self-evaluation report 2023-2024,https://ukim.edu.mk/wp-content/uploads/2025/06/se-2023_2024-ukim-mk.pdf,https://ukim.edu.mk/wp-content/uploads/2025/06/se-2023_2024-ukim-mk.pdf,2026-07-30,accessible,200,0,application/pdf,2480992,"""25db60-6369db48ae960""","Mon, 02 Jun 2025 21:47:07 GMT",1000000,3177ca16dc2e112f30d72a818de21f97920762378b0fbbd99ae6b9ccd6ec8015,first 1000000 bytes,initial baseline,not assessed,,true,,
LRS-18B6E659DE372B,GOV.UK Concordat implementation within government,https://www.gov.uk/government/publications/implementing-the-concordat-to-support-research-integrity-within-government,https://www.gov.uk/government/publications/implementing-the-concordat-to-support-research-integrity-within-government,2026-07-30,accessible,200,0,text/html; charset=utf-8,17392,"W/""287dc3ce97ae24f009d58f9a4cfa5afa""",,129738,287dc3ce97ae24f009d58f9a4cfa5afa9db9109af885a99f3f176d54e0794641,complete received body,initial baseline,not assessed,,true,,
LRS-18BD2BDAE32313,AKBPM mission page,https://akbpm.gov.al/akbpm/misioni,https://akbpm.gov.al/akbpm/misioni/,2026-07-30,redirected-accessible,200,1,text/html; charset=UTF-8,,,,44364,a3cb40a91ee0f6b487eb575b68043fd762945a47f8e6c128eb378b7400a92174,complete received body,initial baseline,human review required,,true,,redirect requires equivalence review
LRS-18E88D920779E9,Article D.211-2,https://www.legifrance.gouv.fr/codes/article_lc/LEGIARTI000048770022,https://www.legifrance.gouv.fr/codes/article_lc/LEGIARTI000048770022,2026-07-30,http-error,403,0,text/html; charset=UTF-8,,,,5844,5af068451e3624e12d348ce62c20e4a29a22061e9faaf599aad6a2afa1c01d65,complete received body,initial baseline,not assessed,,true,,HTTP 403
LRS-190FFD6CB8F060,SDPI home,https://vdai.lrv.lt/en,https://vdai.lrv.lt/en,2026-07-30,http-error,403,0,text/html; charset=UTF-8,,,,5608,ec39a7282a5c7455391de7218ba2e39f3f75a13ed884e9b65da5fe8da28f17cc,complete received body,initial baseline,not assessed,,true,,HTTP 403
LRS-1923123DCE59EA,Institutes directory,https://lukasiewicz.gov.pl/en/institutes,https://lukasiewicz.gov.pl/en/institutes/,2026-07-30,redirected-accessible,200,1,text/html; charset=UTF-8,,,,250085,aa26ea2d1fb9e7053fc4bbd16a4164bafd13677dc065c05ee65071a20df93dc1,complete received body,initial baseline,human review required,,true,,redirect requires equivalence review
LRS-19503A642B8384,Utrecht University Annual Report 2024,https://www.uu.nl/sites/default/files/UU-Jaarverslag-2024-EN.pdf,https://www.uu.nl/sites/default/files/UU-Jaarverslag-2024-EN.pdf,2026-07-30,accessible,200,0,application/pdf,8049686,,"Mon, 08 Sep 2025 11:19:33 GMT",1000000,518e1e65a3d911634452603af57ea8510aec8ed797f86c981a6a2e197dbf19b4,first 1000000 bytes,initial baseline,not assessed,,true,,
LRS-197379B490ADD4,CEEI ethical recommendations for AI research,https://www.ciencia.gob.es/dam/jcr%3Acedef913-3842-4f90-9ffc-032d256125f0/CEEI_InformeRecomendacionesIA2023.pdf,https://www.ciencia.gob.es/dam/jcr%3Acedef913-3842-4f90-9ffc-032d256125f0/CEEI_InformeRecomendacionesIA2023.pdf,2026-07-30,network-error,,0,,,,,0,,none,initial unavailable baseline,not assessed,,true,fetch failed,network access failed
LRS-198CCA7CEE009B,UODO home page,https://uodo.gov.pl/en,https://uodo.gov.pl/en,2026-07-30,accessible,200,0,text/html; charset=UTF-8,,,,115770,80d888080413fc1372972e221e51c0dbc7e11b4733f8ceab2b4bc748ca7e32f5,complete received body,initial baseline,not assessed,,true,,
LRS-199B1E98F21074,HSE code of conduct,https://www.hse.ru/en/info/code-of-conduct,https://www.hse.ru/en/info/code-of-conduct,2026-07-30,network-error,,0,,,,,0,,none,initial unavailable baseline,not assessed,,true,fetch failed,network access failed
LRS-19B56CF6312EC4,Commencement Order,https://www.irishstatutebook.ie/eli/2024/si/373/made/en,https://www.irishstatutebook.ie/eli/2024/si/373/made/en,2026-07-30,accessible,200,0,text/html,6434,"""72ea-652411a3d528e-gzip""","Wed, 20 May 2026 15:03:46 GMT",29418,609f0b637f22738708524ab5c4fabf32aa59cd6f619fd56d8a459f1686f90b4f,complete received body,initial baseline,not assessed,,true,,
LRS-19D419659229E9,UCD SRII2025 page,https://www.ucd.ie/researchintegrity/resources/srii2025,https://www.ucd.ie/researchintegrity/resources/srii2025,2026-07-30,http-error,403,0,text/html,919,,,919,95515b78a3dff54429e28c41f2d526a23353e8c93f1d48d80c7d5f8e2fc8601d,complete received body,initial baseline,not assessed,,true,,HTTP 403
LRS-19F6BFDC553E4E,R&I Programmes,https://xjenzamalta.mt/services/ri-programmes,https://xjenzamalta.mt/services/ri-programmes/,2026-07-30,redirected-accessible,200,1,text/html; charset=UTF-8,27837,,,192968,e42c2e1deb981c509cb4fbd4b66f8b5cc68003b5b7aee6c978c569847d5e82e0,complete received body,initial baseline,human review required,,true,,redirect requires equivalence review
LRS-19FA3E96016368,Research ethics and integrity,https://www.jcu.cz/en/science-and-research/research-ethics-and-integrity,https://www.jcu.cz/en/science-and-research/research-ethics-and-integrity,2026-07-30,accessible,200,0,text/html; charset=utf-8,,,"Thu, 30 Jul 2026 19:04:02 GMT",304922,b0a93f8362cca6c4368734c7c9a2a0cc1e4546256c71556f1800644b0a899a02,complete received body,initial baseline,not assessed,,true,,
LRS-1A0DDFA13D0593,Ministry legal-base entry,https://minzdrav.gov.by/ru/dlya-spetsialistov/normativno-pravovaya-baza/baza-npa.php?ELEMENT_ID=332368,https://minzdrav.gov.by/ru/dlya-spetsialistov/normativno-pravovaya-baza/baza-npa.php?ELEMENT_ID=332368,2026-07-30,accessible,200,0,text/html; charset=UTF-8,,,,51486,61509e2a1911a6ff6648fe8efb5ade03dcd637d10d2674d451d7cb61d82ac2ee,complete received body,initial baseline,not assessed,,true,,
LRS-1A233BD98D2F7C,AQHE about page,https://www.akvo.mk/index.php/za-nas/za-agencijata,https://www.akvo.mk/index.php/za-nas/za-agencijata,2026-07-30,http-error,500,0,text/html; charset=UTF-8,,,,20879,a6b3f4913fdfb574da46d0a68d3486a5d5724640c43d5ad9f9a1a975d01af96a,complete received body,initial baseline,not assessed,,true,,HTTP 500
LRS-1A2BC1E1990ED2,OeAWI statutes page,https://oeawi.at/en/statutes-3,https://oeawi.at/en/statutes-3/,2026-07-30,redirected-accessible,200,1,text/html; charset=UTF-8,,,,91712,55daf9cb6a3de91eadbcf9d4dceb688647bd451e688a94e812e2f8ccb387ba76,complete received body,initial baseline,human review required,,true,,redirect requires equivalence review
LRS-1A380339F13F05,University of Prishtina new ethics code and regulation notice,https://uni-pr.edu/page.aspx?id=2%2C38%2C3450,https://uni-pr.edu/page.aspx?id=2%2C38%2C3450,2026-07-30,accessible,200,0,text/html; charset=utf-8,,,,62640,bb353fbf6bf3a0c47126806e04d254bb76e1469a571f99c6194f9a0b858859eb,complete received body,initial baseline,not assessed,,true,,
LRS-1A38D5C99EBD27,Good Scientific Practice at Medical University of Graz,https://www.medunigraz.at/en/good-scientific-practice,https://www.medunigraz.at/en/good-scientific-practice,2026-07-30,accessible,200,0,text/html; charset=utf-8,9956,"""87846fb77f42b70b51033ce6c998c053-gzip""",,99207,932e11995f723445c2ddd4738a256bc5ca03e1d11cb48e19a1612b3c3aa8d158,complete received body,initial baseline,not assessed,,true,,
LRS-1A5397D67F3663,Danish health research ethics committee system,https://en-komite.regionsyddanmark.dk/the-danish-health-research-ethics-committee-system,https://en-komite.regionsyddanmark.dk/the-danish-health-research-ethics-committee-system,2026-07-30,accessible,200,0,text/html; charset=utf-8,,,,42708,d05e2f82020da27e8d11374cd0544dce11927f559994f3236f8973eaf0ff5bc1,complete received body,initial baseline,not assessed,,true,,
LRS-1A6010F62048B8,Glasgow annual statement hub,https://www.gla.ac.uk/myglasgow/ris/researchintegrity/misconduct/annualstatementonresearchintegrity,https://www.gla.ac.uk/myglasgow/ris/researchintegrity/misconduct/annualstatementonresearchintegrity/,2026-07-30,redirected-accessible,200,1,text/html; charset=UTF-8,9643,,,29709,4c95b1d2ebeaf27e9298816ee33959c2c915858712b27943cbe9c26bfe5bfa7b,complete received body,initial baseline,human review required,,true,,redirect requires equivalence review
LRS-1A65CD01FC37B9,DFG press release 23/2025,https://www.dfg.de/en/service/press/press_releases/2025/press_release_no_23,https://www.dfg.de/en/service/press/press_releases/2025/press_release_no_23,2026-07-30,http-error,404,0,text/html;charset=UTF-8,,,,314567,33e9b51572643cf2f2d9ca5b3d6bbedd9eb1728a601651191d4832fef7357cb8,complete received body,initial baseline,not assessed,,true,,HTTP 404
LRS-1A8234EF0BA782,ISTA Responsible Research,https://www.ista.ac.at/en/research/responsible-research,https://www.ista.ac.at/en/research/responsible-research/,2026-07-30,redirected-accessible,200,1,text/html; charset=UTF-8,26154,,,122417,57d97b0360103d05b4fa522d1d9c869db3551a959ceba0be82bf1c6939dd8528,complete received body,initial baseline,human review required,,true,,redirect requires equivalence review
LRS-1A83AAD7152258,OeAWI members page,https://oeawi.at/mitglieder,https://oeawi.at/mitglieder/,2026-07-30,redirected-accessible,200,1,text/html; charset=UTF-8,,,,215031,c06b5d0b007c26c0b095125a50636bdbb985322892edcf5978d0285399ecf68c,complete received body,initial baseline,human review required,,true,,redirect requires equivalence review
LRS-1AC667D13CBA99,UL Regulations for Academic Integrity,https://www.lu.lv/fileadmin/user_upload/lu_portal/eng/general-information/documents/regulations/Regulations_for_Academic_Integrity_at_the_University_of_Latvia.pdf,https://www.lu.lv/fileadmin/user_upload/lu_portal/eng/general-information/documents/regulations/Regulations_for_Academic_Integrity_at_the_University_of_Latvia.pdf,2026-07-30,accessible,200,0,application/pdf,151227,"""24ebb-5048047688853""","Fri, 03 Oct 2014 08:11:23 GMT",151227,1c2826b71e39cc31a2e821fdc4dec23b299e91b5c181e81fe8f53012c975ed8b,complete received body,initial baseline,not assessed,,true,,
LRS-1ACAA0F1058E6C,EPM,https://etikprovningsmyndigheten.se/en,https://etikprovningsmyndigheten.se/en/,2026-07-30,redirected-accessible,200,1,text/html; charset=UTF-8,,,"Thu, 30 Jul 2026 10:33:03 GMT",135812,35d132102610aebce3ad3c7ff1b74d3c59440837c62d6ae6498c30e9c04b7ba3,complete received body,initial baseline,human review required,,true,,redirect requires equivalence review
LRS-1ADA20BFBA6379,External review report for University of Ferizaj,https://akreditimi.rks-gov.net/wp-content/uploads/2020/10/External-Review-Report-for-University-of-Ferizaj_Final-Report.pdf,https://akreditimi.rks-gov.net/wp-content/uploads/2020/10/External-Review-Report-for-University-of-Ferizaj_Final-Report.pdf,2026-07-30,accessible,200,0,application/pdf,941513,"""e5dc9-5d58780936d80""","Fri, 14 Jan 2022 09:33:58 GMT",941513,1fbfc92bc5661ee1d0aea4fbe368fae9225303ac20a9c23d39d4227abccc370b,complete received body,initial baseline,not assessed,,true,,
LRS-1B11C91B837076,PINDARE Data Management Plan,https://pindare.cref.be/fr/research-data-management/data-management-plan-dmp,https://pindare.cref.be/fr/research-data-management/data-management-plan-dmp/,2026-07-30,redirected-accessible,200,1,text/html; charset=utf-8,,,,75583,6f6f17790e1b9cf56fba583aad85ae64a8133f7c579125f2d9fa598f14dbdf5a,complete received body,initial baseline,human review required,,true,,redirect requires equivalence review
LRS-1B1A78D35AEB86,TENK Annual Report 2024,https://tenk.fi/sites/default/files/2025-05/TENK_Toimintakertomus_2024%20EN.pdf,https://tenk.fi/sites/default/files/2025-05/TENK_Toimintakertomus_2024%20EN.pdf,2026-07-30,accessible,200,0,application/pdf,876394,"""d5f6a-6362bf1347b10""","Wed, 28 May 2025 06:03:38 GMT",876394,5904708c0c29835ee117173cbaf427ba47e578235d226e967b20cc7231e17458,complete received body,initial baseline,not assessed,,true,,
LRS-1BA8F19441B5D2,CNPD scientific research guidance,https://www.cnpd.pt/organizacoes/areas-tematicas/investigacao-cientifica,https://www.cnpd.pt/organizacoes/areas-tematicas/investigacao-cientifica,2026-07-30,http-error,404,0,text/html; charset=utf-8,17813,,,17813,143a2d21f830733cc547397c97c43d849c8bbde5e523a6f28b0d7b30abb5015a,complete received body,initial baseline,not assessed,,true,,HTTP 404
LRS-1BA9281030B8AB,Council for Science ministry article,https://mcp.gov.ba/publication/read/ministrica-dubravka-bosnjak-sa-ljerkom-ostojic-o-znacaju-znanstvenog-razvoja-u-bosni-i-hercegovini?lang=en&pageId=0,https://mcp.gov.ba/bs/publication/read/ministrica-dubravka-bosnjak-sa-ljerkom-ostojic-o-znacaju-znanstvenog-razvoja-u-bosni-i-hercegovini?lang=en&pageId=0,2026-07-30,http-error,404,1,text/html; charset=utf-8,2429,,,8504,95a9ce761d6c819ff9177096b07d2dfe04e896fa0df75b61aade787a6c4aa0d1,complete received body,initial baseline,human review required,,true,,redirect requires equivalence review | HTTP 404
LRS-1C06920541E5EC,AKOKVO rules on reaccreditation with Standard 11,https://akokvo.me/wp-content/uploads/2023/11/Rules-on-reaccreditation-with-forms_2023.pdf,https://akokvo.me/wp-content/uploads/2023/11/Rules-on-reaccreditation-with-forms_2023.pdf,2026-07-30,accessible,200,0,application/pdf,832893,"""cb57d-67404e1b-0;;;""","Fri, 22 Nov 2024 09:25:47 GMT",832893,5bcb9664e8a119348e9bde518bef3a324492110682e23d857c7b1ef723087711,complete received body,initial baseline,not assessed,,true,,
LRS-1C11B1757CD356,Act No. 70/2019,https://www.althingi.is/lagas/nuna/2019070.html,https://www.althingi.is/lagas/nuna/2019070.html,2026-07-30,accessible,200,0,text/html;charset=UTF-8,,,"Thu, 30 Jul 2026 19:04:05 GMT",76045,5192b9c56f0a6294f7f0876eef2686c09dd7d5185aa2c245c7adc5c62e3104e2,complete received body,initial baseline,not assessed,,true,,
LRS-1C7ABF0AFBAAEF,Academy law,https://matsne.gov.ge/en/document/view/20194,https://matsne.gov.ge/en/document/view/20194,2026-07-30,accessible,200,0,text/html; charset=utf-8,21321,,,176873,ffb31c169552e9f693d8b41de2321f193bec71170dbabb664adae6b5fc62b4b4,complete received body,initial baseline,not assessed,,true,,
LRS-1C8A18893C1B5C,Ethics Committee decision of 2 April 2026,https://www.gov.me/clanak/odluka-etickog-komiteta-donesena-na-sjednici-2-aprila-2026-godine,https://www.gov.me/clanak/odluka-etickog-komiteta-donesena-na-sjednici-2-aprila-2026-godine,2026-07-30,accessible,200,0,text/html; charset=utf-8,535834,"W/""82d1a-1U1cizPFpaGBzZpS9n2ZuyDlW7I""",,535834,b70f1d2e8326d9e43af6ee5033acc4b74c0054fdf9e7a1a68bda0ebf468b7fa7,complete received body,initial baseline,not assessed,,true,,
LRS-1C8F983B09074D,TKTA annual reports,https://tkta.edu.az/p/illik-hesabatlar,https://tkta.edu.az/az/p/illik-hesabatlar,2026-07-30,http-error,404,1,text/html; charset=utf-8,,"""aggered6bw633""",,7887,7bd8f6c6464ed616c87e847156dfcc721d93fe45b8a54e4ffdbb83323d19703a,complete received body,initial baseline,human review required,,true,,redirect requires equivalence review | HTTP 404
LRS-1C94E231BD6CAC,Procedure for scientific institutions experiments on animals,https://zakon.rada.gov.ua/go/z0416-12,https://zakon.rada.gov.ua/laws/show/z0416-12,2026-07-30,http-error,403,1,text/html; charset=windows-1251,4259,,,4259,e11d448025269ad326fe443d2da8e0d272cff133a1d1c2124b1e4d1d081fb6c5,complete received body,initial baseline,human review required,,true,,redirect requires equivalence review | HTTP 403
LRS-1CA38F6F80FE26,Centre Scientifique de Monaco created as a public establishment,https://legimonaco.mc/tnc/ordonnance/1973/02-15-5.100,https://legimonaco.mc/tnc/ordonnance/1973/02-15-5.100/,2026-07-30,redirected-accessible,200,1,text/html,,,"Wed, 27 May 2026 09:55:28 GMT",30244,19e6a8d556cabb0ea61dd8a3bf14b6f1da7aae0a303c403be4f6a7ee0730946e,complete received body,initial baseline,human review required,,true,,redirect requires equivalence review
LRS-1CA600AB37E43A,CRUP members,https://crup.pt/membros,https://www.crup.pt/membros,2026-07-30,http-error,404,1,text/html; charset=UTF-8,,,,76097,52c47ed5b216aea41d1f6c4afb5056b84c2601219ded4dfdfc2b987a943cb618,complete received body,initial baseline,human review required,,true,,redirect requires equivalence review | HTTP 404
LRS-1CAA4035D891AF,The Cyprus Institute becomes a EURAXESS service centre,https://www.cyi.ac.cy/index.php/cyi-news/cyi-becomes-a-euraxess-services-centre-3.html,https://www.cyi.ac.cy/index.php/cyi-news/cyi-becomes-a-euraxess-services-centre-3.html,2026-07-30,accessible,200,0,text/html; charset=utf-8,,9c0f03b1ef02ee6a348de7ff0ae49067,"Thu, 05 Dec 2019 14:49:43 GMT",108962,cf2c4c684928003273fd614db050cd9912ebf8abff37ecfe0154302f1f64e58e,complete received body,initial baseline,not assessed,,true,,
LRS-1CBE54AC3F2E7E,DMPonline.be,https://pindare.cref.be/fr/rdm/write-your-dmp-on-dmponline-be,https://pindare.cref.be/fr/rdm/write-your-dmp-on-dmponline-be/,2026-07-30,redirected-accessible,200,1,text/html; charset=utf-8,,,,70384,b931e7631f7d4333b4a348b073483dafbc84f0f7e46aad7487bfa7e1314a0985,complete received body,initial baseline,human review required,,true,,redirect requires equivalence review
LRS-1CC565CD616269,Medical University Varna Research Ethics Committee,https://www.mu-varna.bg/EN/Research/Pages/keni.aspx,https://www.mu-varna.bg/EN/Research/Pages/keni.aspx,2026-07-30,accessible,200,0,text/html; charset=utf-8,29312,,,85112,fb230a3b799a4ad8e0bf974ffaec63f1544355f9258f8d3ec20f8e6e264b4487,complete received body,initial baseline,not assessed,,true,,
LRS-1CD25035EE144C,ENRIO Czech Republic member page,https://www.enrio.eu/members/czech-republic,https://www.enrio.eu/members/czech-republic/,2026-07-30,redirected-accessible,200,1,text/html; charset=UTF-8,11259,,,43099,2bda628d4a2494d6b5155a2a95886e4df98200c19594de03d3a84af2bff5ac09,complete received body,initial baseline,human review required,,true,,redirect requires equivalence review
LRS-1CFAB68250D055,Reykjavik University,https://www.ru.is/en/about-ru/university-governance-and-strategy/regulations,https://www.ru.is/en/about-ru/university-governance-and-strategy/regulations,2026-07-30,accessible,200,0,text/html; charset=utf-8,,"W/""tl7ugkgpkn8wu5""",,416065,91ccf1103323621a8c9485ad49ac4fb28540a1446afd49863250a55c651fdb53,complete received body,initial baseline,not assessed,,true,,
LRS-1CFB2C1B95430A,Law on Higher Education,https://matsne.gov.ge/en/document/view/32830,https://matsne.gov.ge/en/document/view/32830,2026-07-30,accessible,200,0,text/html; charset=utf-8,,,,999538,592ab8cf6dfb8408fc22e5b092de5afe1cf8bb2e877f43469d4a1aa2b27e746a,complete received body,initial baseline,not assessed,,true,,
LRS-1D3A767DEC897A,CNR documents,https://www.cnr.it/en/doc-ethics,https://www.cnr.it/en/doc-ethics,2026-07-30,accessible,200,0,text/html; charset=utf-8,,"""1785438249-0""","Thursday, 30-Jul-2026 19:04:09 UTC",44524,948b2ee85ad9fdfd0b23b9d47f908f1a91150e7756409804201276afd810a70f,complete received body,initial baseline,not assessed,,true,,
LRS-1D6081F5FCB77A,Max Planck ombudspersons,https://www.mpg.de/about-us/organisation/ombudspersons,https://www.mpg.de/about-us/organisation/ombudspersons,2026-07-30,accessible,200,0,text/html; charset=utf-8,,"W/""70c3c6d967e284d77370daea345e9b5a""",,154718,70c3c6d967e284d77370daea345e9b5afd8f955a49cfb8be8d7f9d229202dad4,complete received body,initial baseline,not assessed,,true,,
LRS-1D73C6F16B5F8C,National Committee for Ethics in Animal Research,https://www.gov.pl/web/nauka/krajowa-komisja-etyczna-do-spraw-doswiadczen-na-zwierzetach,https://www.gov.pl/web/nauka/krajowa-komisja-etyczna-do-spraw-doswiadczen-na-zwierzetach,2026-07-30,accessible,200,0,text/html;charset=UTF-8,,"W/""02cfabdaa8dc87a803832f9e2a1a36b8f""",,38348,2cfabdaa8dc87a803832f9e2a1a36b8ffcb69886adab27c038c5e6e1f865dc32,complete received body,initial baseline,not assessed,,true,,
LRS-1DADBBD85C36FF,SNSF scientific integrity,https://www.snf.ch/en/aY67ewrkFZ6Ntmfp/topic/scientific-integrity,https://www.snf.ch/en/aY67ewrkFZ6Ntmfp/topic/scientific-integrity,2026-07-30,accessible,200,0,text/html; charset=utf-8,,"""n0vwcetwie4ncu""",,216949,5c19c09660c460f9cf758f046c8b10252c440ffc2d11f62f7b2a9f4e8c9af654,complete received body,initial baseline,not assessed,,true,,
LRS-1DB3BD5B3CBAF9,CNER projects not requiring an opinion,https://cner.gouvernement.lu/en/procedures/projets-non-soumis-a-avis-cner.html,https://cner.gouvernement.lu/en/procedures/projets-non-soumis-a-avis-cner.html,2026-07-30,accessible,200,0,text/html; charset=utf-8,82921,,,82921,9c34153525c0a33a70faf50c722a3ce41beecd72d1e5f748bec56cd98d2952a2,complete received body,initial baseline,not assessed,,true,,
LRS-1DB93702613E82,NKFIH publishes the Position Paper on Open Science,https://nkfih.gov.hu/openscience/position-paper-on-open-science,https://nkfih.gov.hu/openscience/position-paper-on-open-science,2026-07-30,accessible,200,0,text/html; charset=UTF-8,27086,,,175025,e8c822bc3b9cc9392c01a0c59e84bf0b3637667883bd860d1c56cd19b3ed7479,complete received body,initial baseline,not assessed,,true,,
LRS-1DBE118C469757,"Further and Higher Education (Licensing, Accreditation and Quality Assurance) Regulations",https://legislation.mt/eli/sl/607.03/eng/pdf,https://legislation.mt/eli/sl/607.03/eng/pdf,2026-07-30,accessible,200,0,text/html; charset=utf-8,10093,,,29949,b63e91adc8d16ca046a05a605616b0b4d496d3b0f73e8e176b97a4bfd4b4f3be,complete received body,initial baseline,not assessed,,true,,
LRS-1DC94A3097CC72,Decisions archive (Danish),https://ufsn.dk/om-os/om-styrelsen/raad-naevn-udvalg-og-fonde/naevnet-for-videnskabelig-uredelighed/afgoerelser,https://ufsn.dk/om-os/om-styrelsen/raad-naevn-udvalg-og-fonde/naevnet-for-videnskabelig-uredelighed/afgoerelser,2026-07-30,accessible,200,0,text/html; charset=utf-8,,,,62066,e5b4f83f39d909d526872d654d030540af4790ad714a292eb30de58f46e943d4,complete received body,initial baseline,not assessed,,true,,
LRS-1DD54F3D61DE6F,HH Science Committee,https://island.is/en/o/hh/scientific-research/hh-science-committee,https://island.is/en/o/hh/scientific-research/hh-science-committee,2026-07-30,accessible,200,0,text/html; charset=utf-8,,"""zso750paz63lpl""",,168599,52c817b96316c494516a15c717a1da315da76e8af07ab09c5e471c099fba8160,complete received body,initial baseline,not assessed,,true,,
LRS-1E077A6D4A61DC,AIFA Article 7 guidance PDF,https://www.aifa.gov.it/documents/20142/2198424/guida_valutazione_documenti_parte-2_CCN_22.05.2024_EN.pdf,https://www.aifa.gov.it/documents/20142/2198424/guida_valutazione_documenti_parte-2_CCN_22.05.2024_EN.pdf,2026-07-30,network-error,,0,,,,,0,,none,initial unavailable baseline,not assessed,,true,fetch failed,network access failed
LRS-1E13803B556434,LSMU Code of Ethics approved,https://lsmu.lt/wp-content/uploads/THE-RULES-ON-PREVENTION-OF-HARASSMENT-SEXUAL-HARASSMENT-PREJUDICE-AND-VIOLENCE-AT-LITHUANIAN-UNIVERSITY-OF-HEALTH-SCIENCES.pdf,https://lsmu.lt/wp-content/uploads/THE-RULES-ON-PREVENTION-OF-HARASSMENT-SEXUAL-HARASSMENT-PREJUDICE-AND-VIOLENCE-AT-LITHUANIAN-UNIVERSITY-OF-HEALTH-SCIENCES.pdf,2026-07-30,accessible,200,0,application/pdf,303472,"""63cf849d-4a170""","Tue, 24 Jan 2023 07:11:25 GMT",303472,63edfbd507a2eab98e1d6dc5d86a313f570b3db7f9080a1c9ebc6501fe00b6ea,complete received body,initial baseline,not assessed,,true,,
LRS-1E1CE25DB87EA6,UCY Internal Audit activities,https://www.ucy.ac.cy/internalaudit/activities?lang=en,https://www.ucy.ac.cy/internalaudit/activities?lang=en,2026-07-30,http-error,403,0,text/html; charset=UTF-8,,,,5771,9009128af5aa82bb3bedc07c49a32d47242b7ae04f1b277157977550a1ebad38,complete received body,initial baseline,not assessed,,true,,HTTP 403
LRS-1E2FB31F2C0EA9,AIRC research integrity policy,https://www.direzionescientifica.airc.it/wp-content/uploads/Policy-Research-Integrity_2024.pdf,https://www.direzionescientifica.airc.it/wp-content/uploads/Policy-Research-Integrity_2024.pdf,2026-07-30,accessible,200,0,application/pdf,107231,"""1a2df-64fe22f98a500""","Mon, 20 Apr 2026 10:59:00 GMT",107231,846d33d344f68cf59ba9ca7b4288dbd57e46fea7195a351f9b7249c0c04ba6c9,complete received body,initial baseline,not assessed,,true,,
LRS-1E4200D674DD73,Icelandic Research Fund,https://en.rannis.is/funding/research/icelandic-research-fund,https://en.rannis.is/funding/research/icelandic-research-fund,2026-07-30,accessible,200,0,text/html;charset=UTF-8,5072,,"Thu, 30 Jul 2026 19:04:11 GMT",25200,b2124bcbcc7e2cae6449b644bb81e2c09845eec8b32f3372da6668f69fca53bc,complete received body,initial baseline,not assessed,,true,,
LRS-1EE320BCA0B27C,About the Human Remains Committee,https://www.forskningsetikk.no/en/about-us/our-committees-and-commission/skjelettutvalget/about-the-national-committee-for-research-ethics-on-human-remains,https://www.forskningsetikk.no/en/about-us/our-committees-and-commission/skjelettutvalget/about-the-national-committee-for-research-ethics-on-human-remains,2026-07-30,accessible,200,0,text/html; charset=utf-8,,,,17534,88d8b8474458b2c463335fd5b03122f193222c568052c347c69cfed479eda87d,complete received body,initial baseline,not assessed,,true,,
LRS-1F0377DD21AECE,Freie Universitat Berlin procedure for suspected misconduct,https://www.fu-berlin.de/sites/gwp/informationen/verfahren/index.html,https://www.fu-berlin.de/sites/gwp/informationen/verfahren/index.html,2026-07-30,accessible,200,0,text/html; charset=utf-8,7618,"""1bf21a32afc1e2341ffa045520d0cfff-gzip""",,29623,a28b023eb6b52f94ed056f00cd30bef6169905ce8106646dc9165e42af68dc4d,complete received body,initial baseline,not assessed,,true,,
LRS-1F2D2D988585CA,Research Ethics Committee about,https://comitetetica.usmf.md/ro/despre-66/despre-comitet,https://comitetetica.usmf.md/ro/despre-66/despre-comitet,2026-07-30,accessible,200,0,text/html; charset=UTF-8,14533,"""1785438088-gzip""","Thu, 30 Jul 2026 19:01:28 GMT",55232,319645350d0360ec05f8b5e5e19b7554317bb53af127462ae333b3314dcb08a0,complete received body,initial baseline,not assessed,,true,,
LRS-1F4545BFE4676E,Open Science Programme adopted,https://www.gov.me/en/article/229855--programme-of-implementation-of-open-science-principles-in-montenegro-with-the-action-plan-2020-2022-adopted,https://www.gov.me/en/article/229855--programme-of-implementation-of-open-science-principles-in-montenegro-with-the-action-plan-2020-2022-adopted,2026-07-30,accessible,200,0,text/html; charset=utf-8,506578,"W/""7bad2-BMX5cLmEN0NyJsWIU4Pl2l8q8MA""",,506578,46e2a87eb081da122413e6546dc75a6569cc5f05baa59662154e3de42b3c5f15,complete received body,initial baseline,not assessed,,true,,
LRS-1F5F41C784B339,Committee page,https://www.univpm.it/Entra/University_1/Associations_and_committees/University_Research_Ethics_Committee,https://www.univpm.it/Entra/University_1/Associations_and_committees/University_Research_Ethics_Committee,2026-07-30,http-error,500,0,text/html; charset=ISO-8859-15,0,,,0,,complete received body,initial baseline,not assessed,,true,,HTTP 500
LRS-1F6C1D0BAB4E76,University of Zagreb School of Medicine Working Group for Biomedical Research,https://mef.unizg.hr/en/znanost-2/eticka-povjerenstva/radna-skupina-za-biomedicinska-istrazivanja,https://mef.unizg.hr/en/znanost-2/eticka-povjerenstva/radna-skupina-za-biomedicinska-istrazivanja/,2026-07-30,redirected-accessible,200,1,text/html; charset=UTF-8,,,,121056,548dcee3b369d413f0f7ed1df3f33ae5cc5da2674fcbc5a69a3af8be70e63d72,complete received body,initial baseline,human review required,,true,,redirect requires equivalence review
LRS-1F80F72D45F666,UKIM TMF self-evaluation report,https://ukim.edu.mk/wp-content/uploads/2025/06/tmf-izveshtaj.pdf,https://ukim.edu.mk/wp-content/uploads/2025/06/tmf-izveshtaj.pdf,2026-07-30,accessible,200,0,application/pdf,1392308,"""153eb4-637e84b8bddfa""","Thu, 19 Jun 2025 08:11:39 GMT",1000000,e4e690cbb436ec581f09e66b214da67f4333d65adcddcf728e9ae860edd467bc,first 1000000 bytes,initial baseline,not assessed,,true,,
LRS-1FB302116BD72A,ARIS criteria for trusted repositories,https://www.aris-rs.si/sl/akti/24/merila-repozitoriji-dec24.asp,https://www.aris-rs.si/o-agenciji/zakoni-predpisi/drugi-normativni-akti/merila-repozitoriji-dec24,2026-07-30,redirected-accessible,200,1,text/html; charset=UTF-8,15514,,,136741,7c19cde2039a390917b9a2dc6758d1f10ce09239b39c79b49330c8348f79b8a2,complete received body,initial baseline,human review required,,true,,redirect requires equivalence review
LRS-1FB3FC2A2CD4A5,SCQ approves KAA annual work report for 2025,https://akreditimi.rks-gov.net/%F0%9D%90%92%F0%9D%90%82%F0%9D%90%90-%F0%9D%90%91%F0%9D%90%9E%F0%9D%90%AF%F0%9D%90%A2%F0%9D%90%9E%F0%9D%90%B0%F0%9D%90%9E%F0%9D%90%9D-%F0%9D%90%9A%F0%9D%90%A7%F0%9D%90%9D-%F0%9D%90%80%F0%9D%90%A9,https://akreditimi.rks-gov.net/%F0%9D%90%92%F0%9D%90%82%F0%9D%90%90-%F0%9D%90%91%F0%9D%90%9E%F0%9D%90%AF%F0%9D%90%A2%F0%9D%90%9E%F0%9D%90%B0%F0%9D%90%9E%F0%9D%90%9D-%F0%9D%90%9A%F0%9D%90%A7%F0%9D%90%9D-%F0%9D%90%80%F0%9D%90%A9/,2026-07-30,redirected-accessible,200,1,text/html; charset=UTF-8,16113,,,101270,7de8e002feef16958e95f2b7df86be6af60998b9788fea0ade7c3c7f4774b15d,complete received body,initial baseline,human review required,,true,,redirect requires equivalence review
LRS-1FCF36639F0027,Decisions of the Danish Board on Research Misconduct,https://ufsn.dk/english/about-us/councils-and-commissions/the-danish-board-on-research-misconduct/decisions,https://ufsn.dk/english/about-us/councils-and-commissions/the-danish-board-on-research-misconduct/decisions,2026-07-30,accessible,200,0,text/html; charset=utf-8,,,,49817,8886ee05e2a446918645a7228d41afdbe49bcf807bc7c1186879a45b1caaa19b,complete received body,initial baseline,not assessed,,true,,
LRS-1FD79BFB4F5162,Abo Akademi University research ethics,https://www.abo.fi/en/research-at-aau/open-science-and-ethics/research-ethics-at-abo-akademi-university,https://www.abo.fi/en/research-at-aau/open-science-and-ethics/research-ethics-at-abo-akademi-university/,2026-07-30,redirected-accessible,200,1,text/html; charset=UTF-8,,,,151955,e74c91d7add8e24107b11093483bf9be779c75cc88a0858f345371151424b27f,complete received body,initial baseline,human review required,,true,,redirect requires equivalence review
LRS-1FE9A193E0260E,Law No. 80/2015,https://qsha.gov.al/wp-content/uploads/2024/01/LAW-No-80.2015-ON-HIGHER-EDUCATION-AND-SCIENTIFIC-RESEARCH-IN-INSTITUTIONS-OF-HIGHER-EDUCATION-IN-THE-REPUBLIC-OF-ALBANIA.pdf,https://qsha.gov.al/wp-content/uploads/2024/01/LAW-No-80.2015-ON-HIGHER-EDUCATION-AND-SCIENTIFIC-RESEARCH-IN-INSTITUTIONS-OF-HIGHER-EDUCATION-IN-THE-REPUBLIC-OF-ALBANIA.pdf,2026-07-30,accessible,200,0,application/pdf,705560,"""660bca76-ac418""","Tue, 02 Apr 2024 09:05:58 GMT",705560,b501e6685bd2a16b239f588db1b29df1f6f1b63325876ae69a6c68573b6a34ed,complete received body,initial baseline,not assessed,,true,,
LRS-1FEDB5292FFE43,Research integrity,https://www.uni.li/en/research/research-funding/research-strategy/integrity,https://www.uni.li/en/research/research-funding/research-strategy/integrity,2026-07-30,accessible,200,0,text/html; charset=utf-8,17646,"""1785438253-gzip""","Thu, 30 Jul 2026 19:04:13 GMT",185926,a8d86ffa8ef8032d7d9fe552ac30ffbdfdb995fe79010414d8c8d5c24454ae33,complete received body,initial baseline,not assessed,,true,,
LRS-2001681894EBFE,University of Nis HRS4R Strategy,https://www.ni.ac.rs/en/images/medjunarodna_saradnja/human-resource-strategy/4._HRS4R_Strategy_UNI.pdf,https://www.ni.ac.rs/en/images/medjunarodna_saradnja/human-resource-strategy/4._HRS4R_Strategy_UNI.pdf,2026-07-30,http-error,404,0,text/html; charset=utf-8,,,"Thu, 30 Jul 2026 19:04:14 GMT",59758,2497070ae3257db3b959f8965589473c67763a4a4125d2eeeb7a2c8a8d5b7ee8,complete received body,initial baseline,not assessed,,true,,HTTP 404
LRS-200EC4084E0C3B,Law of Ukraine On Scientific and Scientific-Technical Activities,https://zakon.rada.gov.ua/laws/show/en/848-19,https://zakon.rada.gov.ua/laws/show/en/848-19,2026-07-30,http-error,403,0,text/html; charset=utf-8,4249,,,4249,0afd86d495b0eb9dfb33abd6ff200f5e5658b5b7480dcffbc5d80717f4bd0adb,complete received body,initial baseline,not assessed,,true,,HTTP 403
LRS-2016144CED5D64,Research Integrity in the UK: Annual Statement 2025,https://ukcori.org/our-work/research-integrity-in-the-uk-annual-statement-2025,https://ukcori.org/our-work/research-integrity-in-the-uk-annual-statement-2025/,2026-07-30,redirected-accessible,200,1,text/html; charset=UTF-8,8307,,,34387,d93cea1bfb866cae85497b853268a5d11a9c30e568b065d795a589c0173a1581,complete received body,initial baseline,human review required,,true,,redirect requires equivalence review
LRS-201DA1874750D0,SFI integrity,https://www.sfi.ie/funding/sfi-policies-and-guidance/integrity,https://www.sfi.ie/funding/sfi-policies-and-guidance/integrity/,2026-07-30,redirected-accessible,200,1,text/html; charset=UTF-8,,"""0320fe4ebf24b751078ffc3aa3991ac4;gzip""","Thu, 30 Jul 2026 19:04:14 GMT",70063,fb3810115ca5948662f90604f4f2d046d27b7e99156c36af10293d7907432825,complete received body,initial baseline,human review required,,true,,redirect requires equivalence review
LRS-2053A39BC9948F,WUR scientific integrity,https://www.wur.nl/en/about-wur/integrity-and-social-safety/scientific-integrity.htm,https://www.wur.nl/en/about-wur/integrity-and-social-safety/scientific-integrity.htm,2026-07-30,http-error,404,0,text/html; charset=utf-8,5655,"""11elsvk0gpiidx""",,23837,036c56a712732219b48fb9abd84e5db4377d718c0519db963d7405907cd1d6fb,complete received body,initial baseline,not assessed,,true,,HTTP 404
LRS-2053C76F0CD872,Procedure for handling suspicion of deviation from good research practice,https://medarbetare.su.se/en/our-su/governance/rules--regulations/research/procedure-for-handling-suspicion-of-deviation-from-good-research-practice,https://medarbetare.su.se/en/our-su/governance/rules--regulations/research/procedure-for-handling-suspicion-of-deviation-from-good-research-practice,2026-07-30,accessible,200,0,text/html;charset=UTF-8,,,,262289,519672c21f8817bbb2890ebc40ab5af324d705a24f971614f98d08243bdd50ed,complete received body,initial baseline,not assessed,,true,,
LRS-206615A9CCC0F5,Friedrich Schiller University Jena good scientific practice,https://www.uni-jena.de/1050/gute-wissenschaftliche-praxis,https://www.uni-jena.de/1050/gute-wissenschaftliche-praxis,2026-07-30,accessible,200,0,text/html; charset=utf-8,,,,38592,e851b7f85ac795770d15ffe82c5b8e6c99f7b9bb5826862ee947c1523747d07f,complete received body,initial baseline,not assessed,,true,,
LRS-20731A50FAD59C,Auditor General critique summary,https://www.forskningsetikk.no/en/resources/the-research-ethics-magazine/2021-3/ethics-work-heavily-criticised-by-auditor-general,https://www.forskningsetikk.no/en/resources/the-research-ethics-magazine/2021-3/ethics-work-heavily-criticised-by-auditor-general,2026-07-30,accessible,200,0,text/html; charset=utf-8,,,,34822,cb016cfa0e1e3d30c5c4237150425e9cb1d5f9916d8fee9d95dd344446341683,complete received body,initial baseline,not assessed,,true,,
LRS-208403FB0028B0,FNRS regulations and guides,https://www.frs-fnrs.be/index.php/appels-reglements,https://www.frs-fnrs.be/appels-reglements,2026-07-30,http-error,404,1,text/html; charset=UTF-8,,,,122867,6fdec466c369fdbcec0453b1715f9dc6d019a8e6f5113f15e0c0738228cd17e2,complete received body,initial baseline,human review required,,true,,redirect requires equivalence review | HTTP 404
LRS-208B4E41F31B31,Council overview page,https://www.gov.si/zbirke/delovna-telesa/delovna-skupina,https://www.gov.si/zbirke/delovna-telesa/delovna-skupina,2026-07-30,accessible,200,0,text/html; charset=utf-8,,"W/""109b0a78c2d005935e03066b8cea2679""",,29725,d5dcfcfd08a28d6bdced859554226648d1ba07c9944acc5c59dfceeb4e0d2df7,complete received body,initial baseline,not assessed,,true,,
LRS-20C5ACF1D1C697,NAQA complaints and reports on plagiarism fabrication and falsification,https://naqa.gov.ua/%D1%81%D0%BA%D0%B0%D1%80%D0%B3%D0%B8-%D0%BF%D0%BE%D0%B2%D1%96%D0%B4%D0%BE%D0%BC%D0%BB%D0%B5%D0%BD%D0%BD%D1%8F-%D1%89%D0%BE%D0%B4%D0%BE-%D1%84%D0%B0%D0%BA%D1%82%D1%96%D0%B2-%D0%B0%D0%BA%D0%B0%D0%B4,https://naqa.gov.ua/%D1%81%D0%BA%D0%B0%D1%80%D0%B3%D0%B8-%D0%BF%D0%BE%D0%B2%D1%96%D0%B4%D0%BE%D0%BC%D0%BB%D0%B5%D0%BD%D0%BD%D1%8F-%D1%89%D0%BE%D0%B4%D0%BE-%D1%84%D0%B0%D0%BA%D1%82%D1%96%D0%B2-%D0%B0%D0%BA%D0%B0%D0%B4/,2026-07-30,redirected-accessible,200,1,text/html; charset=UTF-8,,,,221097,c8dd8fe1fca8dc0fde469260d0055104e12305da80ad586fa7eea2c2194e1a3f,complete received body,initial baseline,human review required,,true,,redirect requires equivalence review
LRS-20F4D264830C6E,CIR-CAT admission and processing procedure,https://recercaiuniversitats.gencat.cat/ca/01_departament_recerca_i_universitats/el_departament/organismes/circat/procediment-solicituds/index.html,https://recercaiuniversitats.gencat.cat/ca/01_departament_recerca_i_universitats/el_departament/organismes/circat/procediment-solicituds/index.html,2026-07-30,accessible,200,0,text/html;charset=UTF-8,24948,,"Thu, 30 Jul 2026 19:04:16 GMT",264764,fce5e9ad137569217c77c5db3a175e9af53561c221b69fd754b9818a393657e0,complete received body,initial baseline,not assessed,,true,,
LRS-20F56D14178801,Helmholtz good scientific practice,https://www.helmholtz.de/en/about-us/our-values/good-scientific-practice,https://www.helmholtz.de/en/about-us/our-values/good-scientific-practice,2026-07-30,accessible,200,0,text/html; charset=utf-8,,,,47900,3bebddb92026bb6d61223ce25b9ef98f15ed039a9555791875b95dec687381f1,complete received body,initial baseline,not assessed,,true,,
LRS-211A10AD8D1413,NASU webinar on academic integrity,https://www.nas.gov.ua/en/news/naukovci-akademi-proveli-vebinar-z-akademichno-dobrochesnosti,https://www.nas.gov.ua/en/news/naukovci-akademi-proveli-vebinar-z-akademichno-dobrochesnosti,2026-07-30,accessible,200,0,text/html; charset=UTF-8,,,,48684,d91a69a5c063729c1b2e1ad598b7522521770a232d29ca8683d12d10303b8aba,complete received body,initial baseline,not assessed,,true,,
LRS-21357CA2E3B833,"University of Strasbourg ethics, scientific integrity and deontology page",https://www.unistra.fr/fr/universite/engagements/ethique-la-recherche-integrite-scientifique-et-deontologie,https://www.unistra.fr/fr/universite/engagements/ethique-la-recherche-integrite-scientifique-et-deontologie,2026-07-30,accessible,200,0,text/html; charset=UTF-8,,"W/""1784903669""","Fri, 24 Jul 2026 14:34:29 GMT",385242,33e8a15504c760e71b18b9234f05e3ea15fb08eaad2b81c7d982bc3a22958195,complete received body,initial baseline,not assessed,,true,,
LRS-213E717CE2A608,Approval procedure,https://cometc.unibuc.ro/index.php/procedura-avizare,https://cometc.unibuc.ro/procedura-avizare,2026-07-30,http-error,404,1,text/html; charset=UTF-8,,,,273702,39fcd818804ff85ece7919bee3e23822b77b1b51757003281cf79dbffbdf6a0a,complete received body,initial baseline,human review required,,true,,redirect requires equivalence review | HTTP 404
LRS-217792BFE5AC35,About FEK/NREC,https://www.forskningsetikk.no/en/about-us,https://www.forskningsetikk.no/en/about-us,2026-07-30,accessible,200,0,text/html; charset=utf-8,,,,15142,19fc19ac7810e54bbad4b72a512ab98f5c7b46d3db24f8fe1dcd141b145ab75d,complete received body,initial baseline,not assessed,,true,,
LRS-21A64A7F5B6935,CCISP,https://ccisp.pt/,https://ccisp.pt/,2026-07-30,accessible,200,0,text/html; charset=UTF-8,,,,40780,b461513b761b41daac837a9a48946137e952a4328ac1699230bb17bb40dd2807,complete received body,initial baseline,not assessed,,true,,
LRS-21BD1B644B072F,Ministry of Science and Innovation,https://nitra.gov.rs/images/nauka/TONuS-Platforma_2.0-Final-eng.pdf,https://nitra.gov.rs/images/nauka/TONuS-Platforma_2.0-Final-eng.pdf,2026-07-30,accessible,200,0,application/pdf,148572,"""68887d55-2445c""","Tue, 29 Jul 2025 07:50:45 GMT",148572,765539e5d4816ab15bcd3cf59ecbd8394187cca6e13f7b675d193703813114ee,complete received body,initial baseline,not assessed,,true,,
LRS-21D691F3E06054,ETH Zurich anonymised report UV 12.05.2025-1,https://ethz.ch/content/dam/ethz/main/research/Ethische%20Fragen/Wissenschaftliche%20Integrit%C3%A4t/UV12.05.2025%E2%80%931.pdf,https://ethz.ch/content/dam/ethz/main/research/Ethische%20Fragen/Wissenschaftliche%20Integrit%C3%A4t/UV12.05.2025%E2%80%931.pdf,2026-07-30,http-error,404,0,text/html;charset=utf-8,,,,7894,e5cf849c4f5592654d43be2ae0f43796af25acd188ac08934b20f4ec8425d3a9,complete received body,initial baseline,not assessed,,true,,HTTP 404
LRS-21D94BC0C2B17D,HUN-REN Centre for Ecological Research organisational regulations,https://ecolres.hun-ren.hu/wp-content/uploads/2026/03/HUN-REN-OK-SZMSZ_foszoveg_mell_IT20260325.pdf,https://ecolres.hun-ren.hu/wp-content/uploads/2026/03/HUN-REN-OK-SZMSZ_foszoveg_mell_IT20260325.pdf,2026-07-30,accessible,200,0,application/pdf,493088,"""78620-64e3c2564d050""","Mon, 30 Mar 2026 11:28:12 GMT",493088,3096ba2935f8fd9dfdfbd757876c1d5b6f3d69f6b483035773fb0b608559e93a,complete received body,initial baseline,not assessed,,true,,
LRS-21E1005F8190DA,BASEC,https://submissions.swissethics.ch/en,https://submissions.swissethics.ch/en,2026-07-30,accessible,200,0,text/html; charset=UTF-8,,,,31522,d5cf153f6c2123a2031798f3893e278c5fe6bfd5f9a674d5d2a3d7b78fb862a1,complete received body,initial baseline,not assessed,,true,,
LRS-21FD59DF7AA147,CEUP begins work at U.Porto,https://sigarra.up.pt/up/pt/p/como%20funciona%20a%20universidade%20do%20porto%3A%20comiss%C3%A3o%20de%20%C3%A9tica,https://sigarra.up.pt/up/pt/p/como%20funciona%20a%20universidade%20do%20porto%3A%20comiss%C3%A3o%20de%20%C3%A9tica,2026-07-30,http-error,503,0,text/html; charset=UTF-8,,,,1790,58f82cab962f8d390be33cdb493b53f65df0c820f4a1a7df07fa1b1b6783add3,complete received body,initial baseline,not assessed,,true,,HTTP 503
LRS-220644DC405BE2,University of Prishtina Ethics Council decision notice,https://uni-pr.edu/page.aspx?id=1%2C38%2C3383,https://uni-pr.edu/page.aspx?id=1%2C38%2C3383,2026-07-30,accessible,200,0,text/html; charset=utf-8,,,,68462,043645c55770cea280b80c04ca84e10fe776b33dbeb9b72149df48ee15c0d375,complete received body,initial baseline,not assessed,,true,,
LRS-2211BA4F60D068,Andorra Recerca + Innovacio who-we-are page,https://www.ari.ad/qui-som,https://www.ari.ad/qui-som,2026-07-30,accessible,200,0,text/html; charset=utf-8,20517,,"Thu, 30 Jul 2026 19:04:17 GMT",20517,1e2106f757dd2d1f7805d947d707ab8ff5da21fea6b12ca1ed62f90c6e1932f9,complete received body,initial baseline,not assessed,,true,,
LRS-2250DDA3F48D96,Statement on research ethics in artificial intelligence,https://www.forskningsetikk.no/globalassets/dokumenter/4-publikasjoner-som-pdf/statement-on-research-ethics-in-artificial-intelligence.pdf,https://www.forskningsetikk.no/globalassets/dokumenter/4-publikasjoner-som-pdf/statement-on-research-ethics-in-artificial-intelligence.pdf,2026-07-30,accessible,200,0,application/pdf,3886394,"""1db41e0b4edc43a""","Thu, 28 Nov 2024 21:58:50 GMT",1000000,0be61a4636ff594ce9c5563c97c366b20ccbb77e8dcdfd684d16e56c71d8953c,first 1000000 bytes,initial baseline,not assessed,,true,,
LRS-225D6285DD33D7,Research Integrity Complaints Regulations Tilburg University,https://www.tilburguniversity.edu/sites/default/files/download/EN-Klachtenregeling%20Wetenschappelijke%20Integriteit%20TiU_DEF%20011119.pdf,https://www.tilburguniversity.edu/sites/default/files/download/EN-Klachtenregeling%20Wetenschappelijke%20Integriteit%20TiU_DEF%20011119.pdf,2026-07-30,accessible,200,0,application/pdf,193083,"""5f11b0be-2f23b""","Fri, 17 Jul 2020 14:07:58 GMT",193083,4d5a1809e7c53cd3d847668fca1729e28a0c3763b9173738cda8b9cdf479e967,complete received body,initial baseline,not assessed,,true,,
LRS-2286A6A3CC3B65,Code of Practice,https://www.bioethics.gov.cy/Moh/cnbc/cnbc.nsf/All/AC0810F1BEBFB96FC2258910003089AD/%24file/Code%20of%20Practice%20EN.pdf?OpenElement=,https://www.gov.cy/bioethics/,2026-07-30,http-error,403,1,text/html,,,,7894,54e379a8bf627fb819539a62dd94f0ba2e2972afe50cc6aa942adc94561e951e,complete received body,initial baseline,human review required,,true,,redirect requires equivalence review | HTTP 403
LRS-228F29368AFD75,New Research Centres for Environment-friendly Energy 2026,https://www.forskningsradet.no/en/call-for-proposals/2026/new-research-centres-environment-friendly-energy,https://www.forskningsradet.no/en/call-for-proposals/2026/new-research-centres-environment-friendly-energy/,2026-07-30,redirected-accessible,200,1,text/html; charset=utf-8,,,,168187,09dfafeee074db15c4b4fd562089a793165c719a9690ba88e002849addd920d1,complete received body,initial baseline,human review required,,true,,redirect requires equivalence review
LRS-2294CBAF36F0C8,Guidelines for Research Integrity Advisers,https://tenk.fi/sites/default/files/2024-10/TENK_Research%20Integrity%20Advisers_2024.pdf,https://tenk.fi/sites/default/files/2024-10/TENK_Research%20Integrity%20Advisers_2024.pdf,2026-07-30,accessible,200,0,application/pdf,173282,"""2a4e2-624ac00a5d5f8""","Thu, 17 Oct 2024 13:17:04 GMT",173282,23de5977bfd83a24e8d7ab374bf84914dbc85508cedb593c48baa1f4f94a1eed,complete received body,initial baseline,not assessed,,true,,
LRS-22A06F710E4065,Satversme,https://likumi.lv/ta/en/en/id/57980,https://likumi.lv/ta/en/en/id/57980,2026-07-30,accessible,200,0,text/html; charset=utf-8,,,,77834,00da58fc2fc838b26bf86a014f75baa91fa89455a8fefdd6091c63286f465402,complete received body,initial baseline,not assessed,,true,,
LRS-22E61AF66B62CA,Code of Conduct in Scientific Research Work,https://nitra.gov.rs/images/nauka/dokumenta/kodeks-ponasanja-u-naucnoistrazivackom-radu.pdf,https://nitra.gov.rs/images/nauka/dokumenta/kodeks-ponasanja-u-naucnoistrazivackom-radu.pdf,2026-07-30,accessible,200,0,application/pdf,3088367,"""68887d55-2f1fef""","Tue, 29 Jul 2025 07:50:45 GMT",1000000,e1c442234eaa0701615959a72d978e2db9dce7e91a1aca560d326b607fb1ba53,first 1000000 bytes,initial baseline,not assessed,,true,,
LRS-232DA43CEA6694,AEMPS information regarding CEIm,https://www.aemps.gob.es/medicines-for-human-use/research-with-medicines-for-human-use/information-regarding-ethics-committees-for-investigation-with-medicinal-products-ceim?lang=en,https://www.aemps.gob.es/medicines-for-human-use/research-with-medicines-for-human-use/information-regarding-ethics-committees-for-investigation-with-medicinal-products-ceim/,2026-07-30,redirected-accessible,200,2,text/html; charset=UTF-8,,,,106070,986db35ef03932f91f2a1b42be355cf19e93e52d951830887946b2c90f980fce,complete received body,initial baseline,human review required,,true,,redirect requires equivalence review
LRS-23592327E6378F,Aibus,https://aibus.pmf.unsa.ba/aibus/code-of-ethics,https://aibus.pmf.unsa.ba/aibus/code-of-ethics,2026-07-30,accessible,200,0,text/html; charset=utf-8,,,,10562,cac7b3c7f381b366048cf2e1734ec7e0b82ac4245fe45f2c32d04617a2634422,complete received body,initial baseline,not assessed,,true,,
LRS-237392B7F4EF1A,University of Bern medical faculty scientific integrity,https://www.medizin.unibe.ch/forschung/wissenschaftliche_integritaet/index_ger.html,https://www.medizin.unibe.ch/forschung/wissenschaftliche_integritaet/index_ger.html,2026-07-30,accessible,200,0,text/html; charset=utf-8,42370,,,42370,89939b6fa91c25faa078413a6e819cc15db11364953eafa84b2353482461dfb9,complete received body,initial baseline,not assessed,,true,,
LRS-2382EA7A9802B9,Research animals,https://jordbruksverket.se/languages/english/animals/research-animals,https://jordbruksverket.se/languages/english/animals/research-animals,2026-07-30,http-error,404,0,text/html;charset=UTF-8,,,,70797,7dbb56eaedce8f51f6bb3f628380eb7bee2b6d6a40402ffc24a007c935ed355a,complete received body,initial baseline,not assessed,,true,,HTTP 404
LRS-2383E63076AF2B,Responsible Research Barometer conducted for the third time,https://etikostarnyba.lt/en/the-office-conducted-the-responsible-science-barometer-survey-for-the-third-time,https://etikostarnyba.lt/en/the-office-conducted-the-responsible-science-barometer-survey-for-the-third-time/,2026-07-30,redirected-accessible,200,1,text/html; charset=UTF-8,,,"Thu, 30 Jul 2026 19:04:22 GMT",175986,ae1de42840744dedef71de25ba87e9b4fd89d63264f73cc2ecf69ad4733b759c,complete received body,initial baseline,human review required,,true,,redirect requires equivalence review
LRS-23CB21DD749D52,Commerce Department IP portal,https://ips.gov.mt/welcome,https://ips.gov.mt/welcome/,2026-07-30,http-error,403,2,text/html; charset=UTF-8,,,,5660,fa81b77c8d8aee0a473b93232f1017630e808ba1eedc0f8f5f2243e9cf03d5cf,complete received body,initial baseline,human review required,,true,,redirect requires equivalence review | HTTP 403
LRS-23D5035F5F92A3,LMU Graduate Center e-learning on research integrity,https://www.graduatecenter.uni-muenchen.de/veranstaltungen/e-learning/index.html,https://www.graduatecenter.uni-muenchen.de/veranstaltungen/e-learning/index.html,2026-07-30,accessible,200,0,text/html; charset=UTF-8,,,,19021,01b6be3a1cfe272b4541c5657f11a7b6c2a1426c856a7fe7c70e1ed0c70aede0,complete received body,initial baseline,not assessed,,true,,
LRS-23DA565CEAEB28,UMT Annual Report 2023-2024,https://umed.edu.al/wp-content/uploads/2026/02/Raporti-Vjetor-UMT-2023-2024-_Final-mars-2025docx.pdf,https://umed.edu.al/wp-content/uploads/2026/02/Raporti-Vjetor-UMT-2023-2024-_Final-mars-2025docx.pdf,2026-07-30,accessible,200,0,application/pdf,8082597,"""699846dd-7b54a5""","Fri, 20 Feb 2026 11:34:53 GMT",1000000,cd113cefc81f134f2186e02dec08e2e49fbbff0075382a3ce806a489985734b7,first 1000000 bytes,initial baseline,not assessed,,true,,
LRS-23E1E72B5FDD94,Latvian Council of Science ethics page,https://www.lzp.gov.lv/lv/etika,https://www.lzp.gov.lv/lv/etika,2026-07-30,accessible,200,0,text/html; charset=UTF-8,40786,"W/""1785435751""","Thu, 30 Jul 2026 18:22:31 GMT",181539,a458bf1f224da56074d90e06b9c14dfaba21c199a3473c550cf8f9aa74aa57a9,complete received body,initial baseline,not assessed,,true,,
LRS-23F12009694809,DeiC Code of Research Integrity and FAIR,https://www.deic.dk/en/data-management/data-management-deic/code-research-integrity-fair,https://www.deic.dk/en/data-management/data-management-deic/code-research-integrity-fair,2026-07-30,accessible,200,0,text/html; charset=utf-8,18136,,,157466,f535d05ca1eb08ad374f910d259ad422737422dc2f65dc64731b06a591cb7673,complete received body,initial baseline,not assessed,,true,,
LRS-23F8024CD03BD7,Commissioner's Authority,https://www.poverenik.rs/en/data-protection/the-commissioners-authority.html,https://poverenik.rs/en/data-protection/the-commissioners-authority.html,2026-07-30,http-error,404,1,text/html; charset=UTF-8,,,,46642,94f616578af17f9799bbd4f233cfafcc5567e4e9cd2cc6ca2a3cea06bf395501,complete received body,initial baseline,human review required,,true,,redirect requires equivalence review | HTTP 404
LRS-2434C72BF55329,UL research ethics,https://www.lu.lv/en/science/research-support/research-ethics,https://www.lu.lv/en/science/research-support/research-ethics,2026-07-30,accessible,200,0,text/html; charset=utf-8,10683,"""b1f638665e7a51cccc7be1949972b5d3-gzip""",,61661,66c9e281c3ac606726a77acff88d061b13dc26b1c1a091874914347b5e40b383,complete received body,initial baseline,not assessed,,true,,
LRS-2449807B93D326,ANACEC doctoral and habilitation complaint methodology,https://anacec.md/files/22.Anexa_Metodol_sesiz_19.12.2023.semnat.pdf,https://anacec.md/files/22.Anexa_Metodol_sesiz_19.12.2023.semnat.pdf,2026-07-30,accessible,200,0,application/pdf,522245,"""7f805-60d414e4d7b80""","Sun, 24 Dec 2023 13:19:58 GMT",522245,34bfc93bd1a3c86103caee784736404a2eacb0a58846c23a837881e076618835,complete received body,initial baseline,not assessed,,true,,
LRS-246F59D3291366,NASB accreditation page,https://nasb.gov.by/eng/activity/spravochnaya-informatsiya,https://nasb.gov.by/eng/activity/spravochnaya-informatsiya/,2026-07-30,redirected-accessible,200,1,text/html; charset=UTF-8,,,,42387,4b0585a1e5665e16ba0cd9deba9ad301803689e1f0da24e6a474c39230e01ae6,complete received body,initial baseline,human review required,,true,,redirect requires equivalence review
LRS-24764D294A6490,AQHE Evaluation Board reports,https://www.akvo.mk/index.php/odbori/odbor-za-evaluacija/o-evaluacija-izvestai/evaluation-board-agency-for-quality-in-the-higher-education,https://www.akvo.mk/index.php/odbori/odbor-za-evaluacija/o-evaluacija-izvestai/evaluation-board-agency-for-quality-in-the-higher-education,2026-07-30,http-error,500,0,text/html; charset=UTF-8,,,,20879,a6b3f4913fdfb574da46d0a68d3486a5d5724640c43d5ad9f9a1a975d01af96a,complete received body,initial baseline,not assessed,,true,,HTTP 500
LRS-2487BE401FA8D3,Monaco Innovation Fund,https://monentreprise.gouv.mc/thematiques/creation-et-gestion-d-activite/soutien-et-financement/financement-de-l-innovation/beneficier-du-fonds-monegasque-a-l-innovation,https://monentreprise.gouv.mc/thematiques/creation-et-gestion-d-activite/soutien-et-financement/financement-de-l-innovation/beneficier-du-fonds-monegasque-a-l-innovation,2026-07-30,accessible,200,0,text/html; charset=UTF-8,,,,1000000,af5c8545b1c02b58f815b11ce27479107987d777241463ac3a3c769005dc93b6,first 1000000 bytes,initial baseline,not assessed,,true,,
LRS-24B1A95D34EC70,LIH Plagiarism Guidelines,https://files.lih.lu/research-support-service/doctoral-training/LIH-Plagiarism%20Guidelines%20v%20LIH.pdf,https://files.lih.lu/research-support-service/doctoral-training/LIH-Plagiarism%20Guidelines%20v%20LIH.pdf,2026-07-30,accessible,200,0,application/pdf,58146,"""e322-52342106b3f68""","Thu, 29 Oct 2015 17:58:53 GMT",58146,07b39273b9a7b1046538f19f5d3cfe4bc2e40dc84c96663118c444d30bfa65ba,complete received body,initial baseline,not assessed,,true,,
LRS-24B37E122ACDEE,NCN Research Integrity page,https://www.ncn.gov.pl/en/aktualnosci/2016-07-18-rzetelnosc-badan-naukowych,https://www.ncn.gov.pl/en/aktualnosci/2016-07-18-rzetelnosc-badan-naukowych,2026-07-30,http-error,302,6,text/html,122,,,122,6cc120b593014e69127b195267e0f185fcb643aba49be1eb87c58f15fd1bdb10,complete received body,initial baseline,human review required,,true,,redirect requires equivalence review | HTTP 302
LRS-24D7532C6AEBEF,CWI annual report 2025,https://medialibrary.uantwerpen.be/files/56390/ec52e7fc-a2ad-4263-8fb6-a5a1ccb5c6e4.pdf,https://medialibrary.uantwerpen.be/files/56390/ec52e7fc-a2ad-4263-8fb6-a5a1ccb5c6e4.pdf,2026-07-30,accessible,200,0,application/pdf,258745,"""1dcce482c465239""","Fri, 17 Apr 2026 08:57:09 GMT",258745,58a64ca7cc71ed397c56e963cd55fc54d5289faab9fe24348fd24c73bd91e868,complete received body,initial baseline,not assessed,,true,,
LRS-24D7D3DAFF177A,Information and Data Protection Commissioner decisions,https://idp.al/en/decisions,https://idp.al/en/decisions/,2026-07-30,redirected-accessible,200,1,text/html; charset=UTF-8,40676,,,222260,45e863d9e5ed1b8d0aeea4f29b1f2cc27cbe01d8cf438a80256724f0944c4d75,complete received body,initial baseline,human review required,,true,,redirect requires equivalence review
LRS-24FE33B6B012D5,UL Academic Integrity,https://www.lu.lv/en/studies/study-process/academic-integrity,https://www.lu.lv/en/studies/study-process/academic-integrity,2026-07-30,accessible,200,0,text/html; charset=utf-8,10088,"""d450f77bcd0f1ddeaa3726f7c9317636-gzip""",,61965,0efeb5c0622208b9f7421a188dafc2bd2497f4cf99dad9be3a3fdc37d1559ddc,complete received body,initial baseline,not assessed,,true,,
LRS-2504150E6DBE52,Education Quality Assurance Agency route reorganized,https://www.enqa.eu/membership-database/eqaa-education-quality-assurance-agency,https://www.enqa.eu/membership-database/eqaa-education-quality-assurance-agency/,2026-07-30,redirected-accessible,200,1,text/html; charset=UTF-8,19471,,,125507,f8558434be573ecc402d83e65dab0fb8e5fec52a9590470854da67bf8c00483a,complete received body,initial baseline,human review required,,true,,redirect requires equivalence review
LRS-250E938E3EB972,DCU Research Integrity,https://www.dcu.ie/research/research-integrity-dcu,https://www.dcu.ie/research/research-integrity-dcu,2026-07-30,accessible,200,0,text/html; charset=UTF-8,26914,"""1785438262-gzip""","Thu, 30 Jul 2026 19:04:22 GMT",124040,dd2ced188521e35586e616a5c9fad9711289f8dde1d138733d397ef0548b1ea5,complete received body,initial baseline,not assessed,,true,,
LRS-250F214402B530,Medical University Plovdiv internal plagiarism rules,https://mu-plovdiv.bg/wp-content/uploads/2021/04/Vatreshni-pravila-za-plagiatstvo-16-04-21.pdf,https://mu-plovdiv.bg/wp-content/uploads/2021/04/Vatreshni-pravila-za-plagiatstvo-16-04-21.pdf,2026-07-30,accessible,200,0,application/pdf,,,"Fri, 16 Apr 2021 12:39:47 GMT",1000000,75716959d2ae18ecb69047f005c60d8e825d19f6586addf3cfff7ca35fcea7a6,first 1000000 bytes,initial baseline,not assessed,,true,,
LRS-2536585B7EE8E7,Annual reports,https://www.forskningsetikk.no/om-oss/komiteer-og-utvalg/granskingsutvalget/arsrapporter,https://www.forskningsetikk.no/om-oss/komiteer-og-utvalg/granskingsutvalget/arsrapporter,2026-07-30,http-error,404,0,text/html; charset=utf-8,,,,13717,a5e9121e0f6131be8dd3c4b1a4a3f282d64ce573889e802bfd40a149d4dcf7f7,complete received body,initial baseline,not assessed,,true,,HTTP 404
LRS-25661EA2D8C494,Research Ethics Committee of the University of Tartu,https://ut.ee/en/node/113848,https://ut.ee/en/node/113848,2026-07-30,http-error,403,0,text/html; charset=UTF-8,,,,5837,c7e27785057a918e07acf6aafd4ab36e3253091bf1aa1affd8c4eb506739f028,complete received body,initial baseline,not assessed,,true,,HTTP 403
LRS-25B8D8FBAB04E3,FWF integrity and ethics page,https://www.fwf.ac.at/en/funding/steps-to-your-fwf-project/further-information/integrity-and-ethics,https://www.fwf.ac.at/en/funding/steps-to-your-fwf-project/further-information/integrity-and-ethics,2026-07-30,accessible,200,0,text/html; charset=utf-8,,,,111240,940444fe514245206cf20d7695b6b326e37d6484b75e6d82d0ced45e56a0fe06,complete received body,initial baseline,not assessed,,true,,
LRS-25BFCB0B5C9B2E,Protection of animals in procedures,https://www.gov.si/teme/zascita-zivali-v-postopkih,https://www.gov.si/teme/zascita-zivali-v-postopkih,2026-07-30,accessible,200,0,text/html; charset=utf-8,,"W/""2c68450f05ae7eddb1dd1f2c1d3acbb8""",,52625,0e0081d412a3a19b6cf66d1ef5b8ea2195e11bb3a0f07771575277835ec942a6,complete received body,initial baseline,not assessed,,true,,
LRS-25CA79A020C35F,Research integrity counsellors,https://ut.ee/en/content/research-integrity-counsellors,https://ut.ee/en/content/research-integrity-counsellors,2026-07-30,http-error,403,0,text/html; charset=UTF-8,,,,5837,eec06ac2d3763ac96a3f7d2b8bf762d428ca7354a395948786458736424b9cac,complete received body,initial baseline,not assessed,,true,,HTTP 403
LRS-264088D969455E,Charles University Ombudsman,https://cuni.cz/UKEN-1713.html,https://cuni.cz/UKEN-1713.html,2026-07-30,accessible,200,0,text/html; charset=UTF-8,,,,65079,54fe8c7e29e2c128d55064ea3a9092be0750b4bb8ca3b4fdac42f99ee87e9d51,complete received body,initial baseline,not assessed,,true,,
LRS-264AB0C8FD441E,Utrecht University Annual Report 2024,https://www.uu.nl/sites/default/files/UU-Jaarverslag-2024%20NL-v5.pdf,https://www.uu.nl/sites/default/files/UU-Jaarverslag-2024%20NL-v5.pdf,2026-07-30,accessible,200,0,application/pdf,7049606,,"Tue, 01 Jul 2025 07:54:55 GMT",1000000,761addc3548a8cd7c4e54ed5bba4a119463c5e82f064a267a408e23624d83180,first 1000000 bytes,initial baseline,not assessed,,true,,
LRS-26638636AE4641,Ofis 2025 RIS memo,https://www.ofis-france.fr/lofis-publie-la-version-2024-de-son-memo-daide-a-la-designation-et-a-la-prise-de-fonction-des-ris-2,https://www.ofis-france.fr/lofis-publie-la-version-2024-de-son-memo-daide-a-la-designation-et-a-la-prise-de-fonction-des-ris-2/,2026-07-30,redirected-accessible,200,1,text/html; charset=UTF-8,,,,124331,740f356c3b41eb57d9e61ec925393e589aeb87ff2495e790e9fab3fcd054dd04,complete received body,initial baseline,human review required,,true,,redirect requires equivalence review
LRS-268910A9509CF0,Economic Institute UKIM code contact page,https://www.ek-inst.ukim.edu.mk/en/code-of-ethics,https://www.ek-inst.ukim.edu.mk/en/code-of-ethics,2026-07-30,accessible,200,0,text/html; charset=UTF-8,14593,,"Thu, 23 Jul 2026 23:09:15 GMT",70714,4b4b6f6b80e79e4d59304aab9ff340761b6f4c125af383bd0d79150b2ed562f2,complete received body,initial baseline,not assessed,,true,,
LRS-269FE404E21F1B,Business Finland requires open science,https://www.businessfinland.fi/globalassets/finnish-customers/01-funding/04-research-organization/business_finland_requires_open_science_020218.pdf,https://www.businessfinland.fi/globalassets/finnish-customers/01-funding/04-research-organization/business_finland_requires_open_science_020218.pdf,2026-07-30,http-error,404,0,text/html; charset=utf-8,,,,206241,17a0df6f1ec62af92c33f9c13d5a9b26decf641e4ac6716bc84fc9566007725f,complete received body,initial baseline,not assessed,,true,,HTTP 404
LRS-26B614951F25F4,RIF complaints and competent authorities,https://www.research.org.cy/en/investigation-of-complaints-competent-authorities-for-receiving-and-investigating-complaints,https://www.research.org.cy/en/investigation-of-complaints-competent-authorities-for-receiving-and-investigating-complaints/,2026-07-30,redirected-accessible,200,1,text/html; charset=UTF-8,,,,372245,f5e590aa67c3910f74359eb887144813848f729488904aa86374edc3e193e270,complete received body,initial baseline,human review required,,true,,redirect requires equivalence review
LRS-26CCCDFF14CD98,Wellcome research misconduct,https://wellcome.org/research-funding/guidance/policies-grant-conditions/research-misconduct,https://wellcome.org/research-funding/guidance/policies-grant-conditions/research-misconduct,2026-07-30,accessible,202,0,text/html; charset=UTF-8,2419,,,2419,c11f761151cc8781987f3f8997617f57573becdf1d7ae444cafac673bf75dc10,complete received body,initial baseline,not assessed,,true,,
LRS-26FA7C094CEA93,Commission de deontologie de la recherche,https://www.uclouvain.be/fr/recherche/commission,https://uclouvain.be/fr/recherche/commission,2026-07-30,http-error,404,1,text/html; charset=UTF-8,23996,,,164867,87ac0e2291a2e40fbe26665016f5ad4ea326bf3b713676e7a1fa96434a8119c5,complete received body,initial baseline,human review required,,true,,redirect requires equivalence review | HTTP 404
LRS-2714F63CD62DFF,Complaint route,https://vaia.gov.sk/sk/rada-vlady-pre-vedu-techniku-a-inovacie/narodna-eticka-komisia/podnety-nkvie,https://vaia.gov.sk/sk/rada-vlady-pre-vedu-techniku-a-inovacie/narodna-eticka-komisia/podnety-nkvie/,2026-07-30,redirected-accessible,200,1,text/html; charset=UTF-8,22596,,,117934,0f4a728e9c99df9c44df9b7ef19e5880813a560916cf9c4d79402dae6796d61b,complete received body,initial baseline,human review required,,true,,redirect requires equivalence review
LRS-271BD5B472CAF9,CIR-CAT issues Recommendation 1/2025 on UB/CERCA affiliation,https://web.gencat.cat/content/dam/webgencat/documents/la-generalitat/com-ens-organitzem/departaments/recerca-universitats/cir-cat/recomanacio_1_2025.pdf,https://web.gencat.cat/content/dam/webgencat/documents/la-generalitat/com-ens-organitzem/departaments/recerca-universitats/cir-cat/recomanacio_1_2025.pdf,2026-07-30,accessible,200,0,application/pdf,625658,"""0x8DE3E263E2D72BC""","Thu, 18 Dec 2025 11:11:50 GMT",625658,01abef3430c2f536bc19f9b3e473ddaeb7075e6e8c810c49730dc0f298919746,complete received body,initial baseline,not assessed,,true,,
LRS-2733110BBA3BCD,webdev.mu-sofia.bg,https://webdev.mu-sofia.bg/en/book/export/html/434,https://webdev.mu-sofia.bg/en/book/export/html/434,2026-07-30,network-error,,0,,,,,0,,none,initial unavailable baseline,not assessed,,true,fetch failed,network access failed
LRS-2737A317A933C9,University of Milan Statute,https://www.unimi.it/it/ateneo/normative/statuto-dateneo,https://www.unimi.it/it/ateneo/normative/statuto-dateneo,2026-07-30,http-error,403,0,text/html; charset=UTF-8,,,,5836,402dd29c19171a79a2cca96a1f5d475c11a8ec279bdee39c635ca9747b2032c0,complete received body,initial baseline,not assessed,,true,,HTTP 403
LRS-27423E9D6DFA35,RCL competitive funding rules approved,https://lmt.lrv.lt/en/science-quality/the-scientific-research-ethics-committee-of-the-research-council-of-lithuania,https://lmt.lrv.lt/en/science-quality/the-scientific-research-ethics-committee-of-the-research-council-of-lithuania,2026-07-30,http-error,403,0,text/html; charset=UTF-8,,,,6017,3400a09f23acaec53c95e96561fd9439996a786b423a3e12b394fe5df63427fa,complete received body,initial baseline,not assessed,,true,,HTTP 403
LRS-274DD7517420C8,University of Freiburg research commissions,https://uni-freiburg.de/forschung/qualitaetssicherung/forschungskommissionen,https://uni-freiburg.de/forschung/qualitaetssicherung/forschungskommissionen/,2026-07-30,redirected-accessible,200,1,text/html; charset=UTF-8,234110,,,1000000,213a94479c9f3ac95dc0e22e4a338ff2d2305552e7d18ae45e155da91c6f4904,first 1000000 bytes,initial baseline,human review required,,true,,redirect requires equivalence review
LRS-275B07EAC2B8DA,HRZZ Preparing Reports page,https://hrzz.hr/provedba/priprema-izvjesca,https://hrzz.hr/provedba/priprema-izvjesca/,2026-07-30,redirected-accessible,200,1,text/html; charset=UTF-8,,,,261268,a18187be573439987738d31ffd968c1d2508e5e7727f6468ac9a3bfe398d3927,complete received body,initial baseline,human review required,,true,,redirect requires equivalence review
LRS-276F16A8A60728,Ethical standards in research,https://www.forskningsradet.no/en/research-policy-strategy/ethical-standards,https://www.forskningsradet.no/en/research-policy-strategy/ethical-standards/,2026-07-30,redirected-accessible,200,1,text/html; charset=utf-8,,,,58326,5c7482a119d36cc7316b57044c227b88888c3788bb777431fff485f032669603,complete received body,initial baseline,human review required,,true,,redirect requires equivalence review
LRS-27B00EEA4B8F21,KAA post-accreditation reports,https://akreditimi.rks-gov.net/post-accreditation,https://akreditimi.rks-gov.net/post-accreditation/,2026-07-30,redirected-accessible,200,1,text/html; charset=UTF-8,12759,,,70860,3e6ac4b69f54ecddc3af223a6a49572b28f3e58a0ed21639babfd348646e0a19,complete received body,initial baseline,human review required,,true,,redirect requires equivalence review
LRS-27CA0232A033CD,CNRS MIS mission page,https://mis.cnrs.fr/mis,https://mis.cnrs.fr/mis,2026-07-30,network-error,,0,,,,,0,,none,initial unavailable baseline,not assessed,,true,fetch failed,network access failed
LRS-27D174B7013612,University of Salzburg Commission for Good Scientific Practice,https://www.plus.ac.at/die-universitaet/gremien-und-vereine/kommission-zur-sicherung-guter-wissenschaftlicher-praxis,https://www.plus.ac.at/die-universitaet/gremien-und-vereine/kommission-zur-sicherung-guter-wissenschaftlicher-praxis/,2026-07-30,redirected-accessible,200,1,text/html; charset=UTF-8,,,,78156,b4d216aca61171c0555942cc3c5d32266f480602f21d934f5b250b6b9b758e8c,complete received body,initial baseline,human review required,,true,,redirect requires equivalence review
LRS-27F002596D60BA,MU Varna Ethics Code of Academic Unity,https://www.mu-varna.bg/EN/AboutUs/Documents/HRS4R/15_%D0%90%D0%BA%D0%B0%D0%B4%D0%B5%D0%BC%D0%B8%D1%87%D0%BD%D0%BE%20%D0%B5%D0%B4%D0%B8%D0%BD%D1%81%D1%82%D0%B2%D0%BE.pdf,https://www.mu-varna.bg/EN/AboutUs/Documents/HRS4R/15_%D0%90%D0%BA%D0%B0%D0%B4%D0%B5%D0%BC%D0%B8%D1%87%D0%BD%D0%BE%20%D0%B5%D0%B4%D0%B8%D0%BD%D1%81%D1%82%D0%B2%D0%BE.pdf,2026-07-30,accessible,200,0,application/pdf,406168,"""{40A89521-7596-4112-AF21-4FB67C0FB158},2""","Fri, 02 May 2025 07:35:42 GMT",406168,f25f14c7c9976be07754eb219a311ca12e0792ea9456957bf657bc127dcd175a,complete received body,initial baseline,not assessed,,true,,
LRS-280253BF765C0B,Council for Scientific Integrity,https://scientific-integrity.ch/organisation/council-for-scientific-integrity,https://scientific-integrity.ch/organisation/council-for-scientific-integrity,2026-07-30,accessible,200,0,text/html;charset=utf-8,,,,136064,05a11cbbb1d0d9329290566b2534fb1a10d0a432685b1474f32e65af0f64fb7f,complete received body,initial baseline,not assessed,,true,,
LRS-282AAA22683E3F,Charter of the NASB,https://nasb.gov.by/reference/UstavNANB.pdf,https://nasb.gov.by/reference/UstavNANB.pdf,2026-07-30,accessible,200,0,application/pdf,348970,"""5532a-58a7915ebbcc0""","Tue, 04 Jun 2019 05:52:27 GMT",348970,97db5a1d445365c0e7fc906d19a5853dbbc16d7caff15dd6a4dddbf50decd35f,complete received body,initial baseline,not assessed,,true,,
LRS-2835EBFDC3EDE1,Complaints and investigations,https://etikostarnyba.lt/en/complaints-and-investigations,https://etikostarnyba.lt/en/complaints-and-investigations/,2026-07-30,redirected-accessible,200,1,text/html; charset=UTF-8,,,"Thu, 30 Jul 2026 19:04:32 GMT",167601,aa03a2a6da223761a44e2e21c11877c31985c3e52a0b80e145bf3bea2d91d0a5,complete received body,initial baseline,human review required,,true,,redirect requires equivalence review
LRS-2849B2D632D213,Act No. 172/2005 (consolidated text),https://static.slov-lex.sk/static/SK/ZZ/2005/172/20250101.html,https://static.slov-lex.sk/static/SK/ZZ/2005/172/20250101.html,2026-07-30,accessible,200,0,text/html,,,,559743,15a03f5f1e6cec1c926249d976f7f5e29367cb5a1f652f2ba17eb75dd24c5d89,complete received body,initial baseline,not assessed,,true,,
LRS-285B77283D556E,POLITEHNICA Bucharest ethics page,https://upb.ro/comisia-de-etica,https://upb.ro/comisia-de-etica,2026-07-30,accessible,200,0,text/html; charset=UTF-8,,,"Thu, 30 Jul 2026 12:40:02 GMT",211171,4ae5b9beeb5ff8b12eab3d1cb6c18caf3d5f14668eebebb0bf00e386eb777a97,complete received body,initial baseline,not assessed,,true,,
LRS-28B548FD3B8C7F,Aalto handling of misconduct,https://www.aalto.fi/en/services/handling-of-misconduct-violation-of-research-integrity-guidelines-at-aalto-university,https://www.aalto.fi/en/services/handling-of-misconduct-violation-of-research-integrity-guidelines-at-aalto-university,2026-07-30,accessible,200,0,text/html; charset=UTF-8,17435,"W/""1785436624""","Thu, 30 Jul 2026 18:37:04 GMT",104680,f7cabf2e9895ba6570839bb3e10782acf5c20b4d93407daf4913e337a55c644f,complete received body,initial baseline,not assessed,,true,,
LRS-28E02D980338DE,Guidelines for Research Ethics in Science and Technology,https://www.forskningsetikk.no/en/about-us/our-committees-and-commission/nent/guidelines-nent/guidelines-for-research-ethics-in-science-and-technology,https://www.forskningsetikk.no/en/about-us/our-committees-and-commission/nent/guidelines-nent/guidelines-for-research-ethics-in-science-and-technology,2026-07-30,accessible,200,0,text/html; charset=utf-8,,,,82852,e6dcba2ade931a881ed3db9a300e380986c725c14366a27a4969068e6d625701,complete received body,initial baseline,not assessed,,true,,
LRS-292CE9DB583214,SETU Research Integrity,https://www.setu.ie/research-innovation/researcher-support/researcher-compliance/research-integrity,https://www.setu.ie/research-innovation/researcher-support/researcher-compliance/research-integrity,2026-07-30,http-error,403,0,text/html; charset=UTF-8,,,,5916,47884dd60fd5f4c666ee0f5927583ed3bb933e80f73779dce4d86147bdc203df,complete received body,initial baseline,not assessed,,true,,HTTP 403
LRS-2942B37D3BBFE4,KAA legal provisions,https://akreditimi.rks-gov.net/about-kaa/legal-provisions-and-responsibilities,https://akreditimi.rks-gov.net/about-kaa/legal-provisions-and-responsibilities/,2026-07-30,redirected-accessible,200,1,text/html; charset=UTF-8,14380,,,76251,3e7f6b0028e61df36892049f7f08efb5ba9a8b09cb3eda5be9796682a9aa4be2,complete received body,initial baseline,human review required,,true,,redirect requires equivalence review
LRS-295B675CDA5BE6,NWO annual report 2024,https://www.nwo.nl/sites/nwo/files/media-files/Jaarverslag%20NWO%20Meldpunt%20Wetenschappelijke%20Integriteit%202024.pdf,https://www.nwo.nl/sites/nwo/files/media-files/Jaarverslag%20NWO%20Meldpunt%20Wetenschappelijke%20Integriteit%202024.pdf,2026-07-30,accessible,200,0,application/pdf,257155,"""3ec83-63ca2298b3e83""","Mon, 18 Aug 2025 11:37:19 GMT",257155,16df337d7b9af0b58865fb2abfccc95c6e1e809f6bb55298b0b5e70b667c9d54,complete received body,initial baseline,not assessed,,true,,
LRS-2994A6713B925F,Medical University of Innsbruck adopts its statute section on good scientific practice,https://www.i-med.ac.at/goodscientificpractice/images/statute-section-safeguarding-good-scientific-practice-at-the-medical-uni_en.pdf,https://www.i-med.ac.at/goodscientificpractice/images/statute-section-safeguarding-good-scientific-practice-at-the-medical-uni_en.pdf,2026-07-30,accessible,200,0,application/pdf,318908,"""4ddbc-64dc4a8b71499""","Tue, 24 Mar 2026 12:54:59 GMT",318908,c7433a73adbeec59172d43b1f8f907c9a0daa5108296accf0f8d792d509eba2f,complete received body,initial baseline,not assessed,,true,,
LRS-29FBC7B04D2CB6,University of Tuzla adopts its current university ethics code,https://untz.ba/wp-content/uploads/2021/04/Eticki_kodeks_Univerziteta_u_Tuzli_12_04_2021.pdf,https://untz.ba/wp-content/uploads/2021/04/Eticki_kodeks_Univerziteta_u_Tuzli_12_04_2021.pdf,2026-07-30,accessible,200,0,application/pdf,3982626,"""3cc522-60fc5223de074""","Thu, 25 Jan 2024 13:26:57 GMT",1000000,16c95f2c588241ef953a4c98ac1b488cf73e1950847d89bb4dc77828b2396ed9,first 1000000 bytes,initial baseline,not assessed,,true,,
LRS-2A04EE6A9C13D6,Information for visitors,https://etikostarnyba.lt/en/public-services,https://etikostarnyba.lt/en/public-services/,2026-07-30,redirected-accessible,200,1,text/html; charset=UTF-8,,,"Thu, 30 Jul 2026 19:04:35 GMT",172036,71143a2db865f7bf12e11b4fef448ee491fe59c42f8230781c7524c919cdca82,complete received body,initial baseline,human review required,,true,,redirect requires equivalence review
LRS-2A0642A2AC438E,University of Warsaw when-does-a-study-require-an-opinion page,https://en.uw.edu.pl/when-does-a-study-require-an-opinion-from-the-rectors-committee-for-the-ethics-of-research-involving-human-participants,https://en.uw.edu.pl/when-does-a-study-require-an-opinion-from-the-rectors-committee-for-the-ethics-of-research-involving-human-participants/,2026-07-30,redirected-accessible,200,1,text/html; charset=UTF-8,,,,45290,342d3c1cd79cbded2230cdc825bb4dc36abcccf90df986a5163345055eb5780b,complete received body,initial baseline,human review required,,true,,redirect requires equivalence review
LRS-2A0D08528FC9D4,University of Nis Code of Professional Ethics,https://www.ni.ac.rs/dokumenti/aktuelni-pravni-propisi-univerziteta-u-nisu/download/118-aktuelni-pravni-propisi-univerziteta-u-nisu/475-kodeks-profesionalne-etike-univerziteta-u-nisu-preciscen-tekst-g,https://www.ni.ac.rs/dokumenti/aktuelni-pravni-propisi-univerziteta-u-nisu/download/118-aktuelni-pravni-propisi-univerziteta-u-nisu/475-kodeks-profesionalne-etike-univerziteta-u-nisu-preciscen-tekst-g,2026-07-30,accessible,200,0,text/html; charset=utf-8,,,"Thu, 30 Jul 2026 19:04:34 GMT",76209,56f1549247bbc35ee3cbc952fe832588fd81ac6404cb3e04b4fca8602a98bcf9,complete received body,initial baseline,not assessed,,true,,
LRS-2A4B9FA551DA74,Danish Committees on Scientific Dishonesty publish guidelines for good scientific practice,https://ufm.dk/en/publications/2009/the-danish-committees-on-scientific-guidelines-for-good-scientific-practice,https://ufm.dk/en/publications/2009/the-danish-committees-on-scientific-guidelines-for-good-scientific-practice,2026-07-30,http-error,404,0,text/html; charset=utf-8,,,,48420,c80da85436a215d102bb78b31c28366b01bb860f2cfbe728a1ff0422e9dcfdb1,complete received body,initial baseline,not assessed,,true,,HTTP 404
LRS-2A518EC64CDE61,PAN statements and opinions archive,https://pan.pl/baza-wiedzy/stanowiska-i-opinie-komitetow-problemowych-pan,https://pan.pl/baza-wiedzy/stanowiska-i-opinie-komitetow-problemowych-pan/,2026-07-30,redirected-accessible,200,1,text/html; charset=utf-8,36136,,,362554,b93e7e51d70cdd156bd97b00a72f2a002dcadd2577466969405af4dffbe99115,complete received body,initial baseline,human review required,,true,,redirect requires equivalence review
LRS-2A736695FD3A45,National Declaration,https://www.crue.org/wp-content/uploads/2020/02/Declaraci%C3%B3n-Nacional-Integridad-Cient%C3%ADfica_.pdf,https://www.crue.org/wp-content/uploads/2020/02/Declaraci%C3%B3n-Nacional-Integridad-Cient%C3%ADfica_.pdf,2026-07-30,accessible,200,0,application/pdf,334041,"""5e4291a1-518d9""","Tue, 11 Feb 2020 11:36:01 GMT",334041,0cb164d6727000d97a70581ebeac9cfca396eece10f729a441ec0fdd49e3add1,complete received body,initial baseline,not assessed,,true,,
LRS-2A7835397B3256,CIR-CAT admission and processing procedure,https://web.gencat.cat/ca/generalitat/com-ens-organitzem/departaments/recerca-universitats/CIR-CAT/procediment-adminissio-tramitacio-integracio-cientifica,https://web.gencat.cat/ca/generalitat/com-ens-organitzem/departaments/recerca-universitats/CIR-CAT/procediment-adminissio-tramitacio-integracio-cientifica,2026-07-30,accessible,200,0,text/html;charset=utf-8,17177,"W/""20103-657d8be1c36b6-gzip""","Thu, 30 Jul 2026 19:04:34 GMT",131331,17102255ac850d737975323c476bc0d30dde415b1f4ee833785836cf4217c25c,complete received body,initial baseline,not assessed,,true,,
LRS-2A7A20A18BF4BD,MAB about page,https://www.mab.hu/en/about-mab,https://www.mab.hu/en/about-mab,2026-07-30,accessible,200,0,text/html; charset=UTF-8,47978,,,445291,6c02fa25e3e422f93bbf9a9712956c71cb0bafa9ed8acd5c6031f7075d5fc309,complete received body,initial baseline,not assessed,,true,,
LRS-2ACAF199001E0B,UNIBL responsible generative AI recommendations,https://unibl.org/uploads/files/strane/ostali_akti/preporuka.pdf,https://unibl.org/uploads/files/strane/ostali_akti/preporuka.pdf,2026-07-30,accessible,200,0,application/pdf,226460,"""67a49da5-3749c""","Thu, 06 Feb 2025 11:31:49 GMT",226460,0668d50a524e331b7bde558fa81d692f0e7e62431915f19a9d07438b6511d058,complete received body,initial baseline,not assessed,,true,,
LRS-2AD2681F1604DF,UL 22 September 2022 plagiarism-elements decision,https://www.lu.lv/par-mums/akademiskas-etikas-komisija/22092022-par-nekolegialu-ricibu,https://www.lu.lv/par-mums/akademiskas-etikas-komisija/22092022-par-nekolegialu-ricibu,2026-07-30,accessible,200,0,text/html; charset=utf-8,11039,"""0c739bffe52406414e736c773b5b1fe6-gzip""",,62399,9a5f2af618d2ecd4993c7b4ff27b326204f958ac54cc4bcb666736e7c31cf7f9,complete received body,initial baseline,not assessed,,true,,
LRS-2AE297F171D7D7,Article 17 StGG,https://www.ris.bka.gv.at/NormDokument.wxe?Abfrage=Bundesnormen&Anlage=&Artikel=17&Gesetzesnummer=10000006&Paragraf=&ShowPrintPreview=True&Uebergangsrecht=,https://www.ris.bka.gv.at/NormDokument.wxe?Abfrage=Bundesnormen&Anlage=&Artikel=17&Gesetzesnummer=10000006&Paragraf=&ShowPrintPreview=True&Uebergangsrecht=,2026-07-30,accessible,200,0,text/html; charset=utf-8,5990,"""myra-613b6122""",,23898,81d9810b2b23dcd9937a93a16a817e706cd075b69e440bb432a96e632024304c,complete received body,initial baseline,not assessed,,true,,
LRS-2AEF694D692377,Code of Research Integrity and Ethics in Slovakia,https://vaia.gov.sk/wp-content/uploads/2025/03/KODEX_sk.pdf,https://vaia.gov.sk/wp-content/uploads/2025/03/KODEX_sk.pdf,2026-07-30,accessible,200,0,application/pdf,,"""1224f0-630b04a94cfd9""","Wed, 19 Mar 2025 11:26:23 GMT",1000000,9596e28d4f187b9c26ae230451f21ea0bc4242491ab7b56b544f62b39a296680,first 1000000 bytes,initial baseline,not assessed,,true,,
LRS-2AF9AFA7C6573B,Annual report 2024,https://www.univpm.it/Entra/Engine/RAServeFile.php/f/com_etico_ric/Relazione_Comitato_Etico_DEF%281%29.pdf,https://www.univpm.it/Entra/Engine/RAServeFile.php/f/com_etico_ric/Relazione_Comitato_Etico_DEF%281%29.pdf,2026-07-30,accessible,200,0,application/pdf,308619,,,308619,09f559fe961a757e7f957c08c7dbf13737af2369ddb17e914efe7a026a3401dc,complete received body,initial baseline,not assessed,,true,,
LRS-2B0A394E05C96B,About NENT,https://www.forskningsetikk.no/en/about-us/our-committees-and-commission/nent/about-nent,https://www.forskningsetikk.no/en/about-us/our-committees-and-commission/nent/about-nent,2026-07-30,accessible,200,0,text/html; charset=utf-8,,,,18180,23176955bf029f96abb142ede20f8b2c1498a063016685d0b1dd0ecdf1e3855b,complete received body,initial baseline,not assessed,,true,,
LRS-2B1E039C760FC4,KAA approves PhD standards and monitoring/post-accreditation procedures,https://akreditimi.rks-gov.net/scq-approves-the-new-phd-standards-and-the-regulation-on-monitoring-and-post-accreditation-procedures,https://akreditimi.rks-gov.net/scq-approves-the-new-phd-standards-and-the-regulation-on-monitoring-and-post-accreditation-procedures/,2026-07-30,redirected-accessible,200,1,text/html; charset=UTF-8,16507,,,102068,1cbad0e21afe6c7c6c16a525b92b6a7984dac02f963b5092f0201e09bfb3c7cb,complete received body,initial baseline,human review required,,true,,redirect requires equivalence review
LRS-2B2BECD097F176,STU opinion on complaint 2/2024,https://www.stuba.sk/buxus/docs/stu/pracoviska/rektorat/odd_veda_vyskum/Eticka_komisia_/Stanovisko_EKSTU_2_2024_2025-9-17.pdf,https://www.stuba.sk/buxus/docs/stu/pracoviska/rektorat/odd_veda_vyskum/Eticka_komisia_/Stanovisko_EKSTU_2_2024_2025-9-17.pdf,2026-07-30,accessible,200,0,application/pdf,767786,"""bb72a-640a2970cfcc7""","Wed, 08 Oct 2025 09:48:43 GMT",767786,2439644e3b5aea112429b1eacd39715ce602b4d75f7843819ce922cc0cc72075,complete received body,initial baseline,not assessed,,true,,
LRS-2B36A24EBE15A7,Current misconduct and local-deviation split enters into effect,https://www.uhr.se/en/start/laws-and-regulations/laws-and-regulations/the-higher-education-ordinance,https://www.uhr.se/en/start/laws-and-regulations/laws-and-regulations/the-higher-education-ordinance,2026-07-30,accessible,200,0,text/html; charset=utf-8,261665,,,261665,7febc378f1d1b4c990c4bd3d21d3e7565cf224ada779a24708f72a581df4a796,complete received body,initial baseline,not assessed,,true,,
LRS-2B62076615D697,"AAK interview on reforms, plagiarism and statistics",https://aak.gov.az/news/220,https://aak.gov.az/news/220,2026-07-30,accessible,200,0,text/html; charset=UTF-8,,,,144446,84da0b4465886639f158730e60a8566689952e1ece3900dbeb99c46ad10e237c,complete received body,initial baseline,not assessed,,true,,
LRS-2B8E7F61A6F021,Ethics committee review examples,https://erbakan.edu.tr/storage/departments/files/79999903/ET%C4%B0K%20%C4%B0HLAL%20DOK%C3%9CMANLARI/6-%20ET%C4%B0K%20KURUL%20%C4%B0NCELEME%20%C3%96RNEKLER%C4%B0.pdf,https://erbakan.edu.tr/storage/departments/files/79999903/ET%C4%B0K%20%C4%B0HLAL%20DOK%C3%9CMANLARI/6-%20ET%C4%B0K%20KURUL%20%C4%B0NCELEME%20%C3%96RNEKLER%C4%B0.pdf,2026-07-30,accessible,200,0,application/pdf,967471,"""67487055-ec32f""","Thu, 28 Nov 2024 13:29:57 GMT",967471,2105716e1efd37a3ab5bbc9f41a1edb74c463cfcea26ef3c1c30020477ef548b,complete received body,initial baseline,not assessed,,true,,
LRS-2BB98AE8DF00A7,NCN Council adopts the integrity code,https://www.ncn.gov.pl/sites/default/files/pliki/Code-of-the-National-Science-Centre-on-Research-Integrity.pdf,https://www.ncn.gov.pl/sites/default/files/pliki/Code-of-the-National-Science-Centre-on-Research-Integrity.pdf,2026-07-30,http-error,302,6,text/html,122,,,122,6cc120b593014e69127b195267e0f185fcb643aba49be1eb87c58f15fd1bdb10,complete received body,initial baseline,human review required,,true,,redirect requires equivalence review | HTTP 302
LRS-2BEDC017C18BC5,Ethics at MU,https://www.muni.cz/en/about-us/ethics,https://www.muni.cz/en/about-us/ethics,2026-07-30,accessible,200,0,text/html; charset=utf-8,20813,,,92234,01b744cbd46e7c4a784b4a52b5ef508ef03ef43073268196d4de37ee93063edd,complete received body,initial baseline,not assessed,,true,,
LRS-2C22ADD8638100,RESINT/Ofis manual for handling scientific-integrity signalements,https://www.ofis-france.fr/traitement-des-signalements-relatifs-a-lintegrite-scientifique-manuel-de-procedure,https://www.ofis-france.fr/traitement-des-signalements-relatifs-a-lintegrite-scientifique-manuel-de-procedure/,2026-07-30,redirected-accessible,200,1,text/html; charset=UTF-8,,,,125045,3f035bc4a32295651315aadef93b56cde3cf8dec2861542bae2ceb3d311fc73f,complete received body,initial baseline,human review required,,true,,redirect requires equivalence review
LRS-2C29AB45DF97EA,Committee work report (2017),https://www.sabor.hr/hr/sjednice-sabora/izvjesce-o-radu-odbora-za-etiku-u-znanosti-i-visokom-obrazovanju-u-2017-godini-0,https://www.sabor.hr/hr/sjednice-sabora/izvjesce-o-radu-odbora-za-etiku-u-znanosti-i-visokom-obrazovanju-u-2017-godini-0,2026-07-30,accessible,200,0,text/html; charset=UTF-8,9068,,,49589,0917a36804797c01f2f5db2e20dabc3d3226d5738fea797cd262d8f6d5fc9815,complete received body,initial baseline,not assessed,,true,,
LRS-2C3AD204A769DA,Centre ENIC Monaco,https://monservicepublic.gouv.mc/thematiques/education/enseignement/enseignement-superieur/centre-enic-monaco,https://monservicepublic.gouv.mc/thematiques/education/enseignement/enseignement-superieur/centre-enic-monaco,2026-07-30,accessible,200,0,text/html; charset=UTF-8,,,,1000000,4742072667446a002abca5672fe5c1dda291ffc602db8d4dc9edb69d8b70bb05,first 1000000 bytes,initial baseline,not assessed,,true,,
LRS-2C454A5225C704,ALLEA European Code of Conduct for Research Integrity 2023,https://allea.org/code-of-conduct,https://allea.org/code-of-conduct/,2026-07-30,redirected-accessible,200,1,text/html; charset=UTF-8,,,,122569,ecd59d69b907c2e581a4588fb225ab8038042413fe82e656e3d0cb9338db25cc,complete received body,initial baseline,human review required,,true,,redirect requires equivalence review
LRS-2C602041336F80,Masaryk University Research Ethics Committee,https://www.muni.cz/en/about-us/organizational-structure/boards-and-committees/research-ethics-committee/about,https://www.muni.cz/en/about-us/organizational-structure/boards-and-committees/research-ethics-committee/about,2026-07-30,accessible,200,0,text/html; charset=utf-8,17462,,,82137,97a952da3d14c0e9350de72bfef7adbeafe0cfb647cae8756767b5c4c6f43f62,complete received body,initial baseline,not assessed,,true,,
LRS-2C714FB393650E,Semmelweis University Ethics Committee page,https://semmelweis.hu/bizottsagok/en/constant-committees/committees-with-university-competence/university-ethics-committee,https://semmelweis.hu/bizottsagok/en/constant-committees/committees-with-university-competence/university-ethics-committee/,2026-07-30,redirected-accessible,200,1,text/html; charset=UTF-8,16219,,,93604,7172c539fe74cf850c94488d3582d2ad5d6185b39739c9a9e3ffb7501d4a05ac,complete received body,initial baseline,human review required,,true,,redirect requires equivalence review
LRS-2C7212C52B1A36,First NESH guidelines published,https://www.forskningsetikk.no/en/guidelines/social-sciences-and-humanities/guidelines-for-research-ethics-in-the-social-sciences-and-the-humanities,https://www.forskningsetikk.no/en/guidelines/social-sciences-and-humanities/guidelines-for-research-ethics-in-the-social-sciences-and-the-humanities,2026-07-30,accessible,200,0,text/html; charset=utf-8,,,,131046,fc434c26a2a08e1201b13ce6a625492827ec9a066ea6a1a19fc235c246370383,complete received body,initial baseline,not assessed,,true,,
LRS-2CBD08DD480D69,AQUA organs-management guide,https://www.aqua.ad/sites/default/files/2025-04/Guia%20gesti%C3%B3%20%C3%B2rgans%20AQUA%20v1.pdf,https://www.aqua.ad/sites/default/files/2025-04/Guia%20gesti%C3%B3%20%C3%B2rgans%20AQUA%20v1.pdf,2026-07-30,accessible,200,0,application/pdf,470894,"""67efb4b4-72f6e""","Fri, 04 Apr 2025 10:30:12 GMT",470894,cf30a2809f0be41491bdc373e4b94c54725148486154d1e4035d1c2cbccf64ca,complete received body,initial baseline,not assessed,,true,,
LRS-2CE5591A9DBA5C,Law On the Foundations of State Scientific and Technical Policy,https://pravo.by/document?guid=3871&p0=V19302105,https://pravo.by/document/?guid=3871&p0=V19302105,2026-07-30,redirected-accessible,200,1,text/html; charset=UTF-8,,,,57341,2f776d687bed1d9f173624891d7a952a1d5d0d3705651778cd537540978f76ea,complete received body,initial baseline,human review required,,true,,redirect requires equivalence review
LRS-2CE685789A1776,University of Tuzla acts,https://untz.ba/univerzitet/akti/ostalo,https://untz.ba/univerzitet/akti/ostalo/,2026-07-30,redirected-accessible,200,1,text/html; charset=UTF-8,,,,229571,b90be1409659da3d796e869dd3b0cb2299e2ddbaf51718618079daf53f1a45b1,complete received body,initial baseline,human review required,,true,,redirect requires equivalence review
LRS-2D21EA479B904E,Framework to Enhance Research Integrity in Research Collaborations,https://www.iua.ie/wp-content/uploads/2022/02/Framework-to-Enhance-Research-Integrity-in-Collaborations.pdf,https://www.iua.ie/wp-content/uploads/2022/02/Framework-to-Enhance-Research-Integrity-in-Collaborations.pdf,2026-07-30,accessible,200,0,application/pdf,3515121,"""62166973-35a2f1""","Wed, 23 Feb 2022 17:05:55 GMT",1000000,ec724c52be9103523a94ecdb8e76863dab1179a6d03ef0d5ee12625050570368,first 1000000 bytes,initial baseline,not assessed,,true,,
LRS-2D307B5C4FA328,Decree 2021-1536 on Hceres organisation,https://www.legifrance.gouv.fr/jorf/id/JORFTEXT000044384967,https://www.legifrance.gouv.fr/jorf/id/JORFTEXT000044384967,2026-07-30,http-error,403,0,text/html; charset=UTF-8,,,,5795,1e608196fa86f727454379e8b0fb3d9b3121b601931c56890a1a99968a6fc376,complete received body,initial baseline,not assessed,,true,,HTTP 403
LRS-2D7EBEEB9E935F,KTH research ethics advisor background,https://intra.kth.se/en/itm/nyheter/fredrik-en-etisk-kompassnal-pa-rso-1.1063733,https://intra.kth.se/en/itm/nyheter/fredrik-en-etisk-kompassnal-pa-rso-1.1063733,2026-07-30,http-error,404,0,text/html;charset=UTF-8,,,,13275,ef069954f18b535c089ac8094f45cb7c29f6b3b293c8642bfafbe114611920c7,complete received body,initial baseline,not assessed,,true,,HTTP 404
LRS-2D8AA84E92996B,Human Genes Research Act,https://www.riigiteataja.ee/en/eli/ee/Riigikogu/act/516032026011/consolide,https://www.riigiteataja.ee/en/eli/ee/Riigikogu/act/516032026011/consolide,2026-07-30,http-error,403,0,text/html; charset=UTF-8,,,,5837,1e5b4509c95b88bc02cd12db4268befc60774ac03e347bf576beb6953cd817d5,complete received body,initial baseline,not assessed,,true,,HTTP 403
LRS-2DD03F2010C6F6,Centro de Estudos Sociais Ethics Committee,https://ces.uc.pt/pt/ces/sobre-o-ces/comissao-de-etica,https://ces.uc.pt/pt/ces/sobre-o-ces/comissao-de-etica,2026-07-30,accessible,200,0,text/html; charset=UTF-8,23872,,,342805,eec1ee7bde856cbe42714050d7143775dfe877f3db05aade00504b061badd2bf,complete received body,initial baseline,not assessed,,true,,
LRS-2DF855FCCB1E92,UNIBL other acts page,https://www.unibl.org/sr-lat/univerzitet/propisi/ostali-akti,https://www.unibl.org/sr-lat/univerzitet/propisi/ostali-akti,2026-07-30,accessible,200,0,text/html; charset=utf-8,,"W/""f5beae0d13c578e585fc15abee2cc9cb""",,36680,f5beae0d13c578e585fc15abee2cc9cb3fc20b77660b7092f0853403d7af96e1,complete received body,initial baseline,not assessed,,true,,
LRS-2E0FA9BECD5109,GA CR and Open Science,https://gacr.cz/en/cat/nezarazene-en/page/2,https://gacr.cz/en/cat/nezarazene-en/page/2/,2026-07-30,redirected-accessible,200,1,text/html; charset=UTF-8,,,,346011,1989e5883c3e7f54518b19689e27228929aa526696356b8cde1f300ad0b568c2,complete received body,initial baseline,human review required,,true,,redirect requires equivalence review
LRS-2EA48C70B708F8,KFEB page,https://ett.okfo.gov.hu/kfeb,https://ett.okfo.gov.hu/kfeb/,2026-07-30,redirected-accessible,200,1,text/html; charset=UTF-8,,,,598805,f6e4237a3143ebd2ccd9554f4a1561a2d4249cb1e13e98d7a32c357147e3a03e,complete received body,initial baseline,human review required,,true,,redirect requires equivalence review
LRS-2EBC477E664E3D,Guidelines for general scientific research in the health field,https://island.is/en/o/national-bioethics-committee/instructions-on-general-studies-in-the-health-field,https://island.is/en/o/national-bioethics-committee/instructions-on-general-studies-in-the-health-field,2026-07-30,accessible,200,0,text/html; charset=utf-8,,"""13b8a3hsm3o83ou""",,378362,31ee2e34e96d8ec19dfe771b622b94974b1c871386ab206bdaf0ee2540e8c642,complete received body,initial baseline,not assessed,,true,,
LRS-2ECE04FC5B6E34,UNSA Ethics Council page,https://unsa.ba/en/node/4863,https://unsa.ba/en/node/4863,2026-07-30,accessible,200,0,text/html; charset=UTF-8,,"""1785426626""","Thu, 30 Jul 2026 15:50:26 GMT",63995,e44607085a1762c55b340bd27997dadac322b95c1f46e6e634699498f31254d8,complete received body,initial baseline,not assessed,,true,,
LRS-2ED42086B43522,National statistics on formal investigations 2021,https://www.iua.ie/wp-content/uploads/2022/11/National-Stats-on-Formal-Investigations-of-Research-Misconduct-2021.pdf,https://www.iua.ie/wp-content/uploads/2022/11/National-Stats-on-Formal-Investigations-of-Research-Misconduct-2021.pdf,2026-07-30,accessible,200,0,application/pdf,869023,"""63762eb6-d429f""","Thu, 17 Nov 2022 12:53:10 GMT",869023,0fc690d0f0efd4fe74586c3d9286acabf145b178f5272aec9b8477f3700f2e63,complete received body,initial baseline,not assessed,,true,,
LRS-2EDBE18366C695,UMinho Code of Ethics and Conduct,https://ciencias.ulisboa.pt/sites/default/files/fcul/institucional/Organizacao/Etica%20e%20Integridade/UMINHO_CodeEthicsConduct.pdf,https://ciencias.ulisboa.pt/sites/default/files/fcul/institucional/Organizacao/Etica%20e%20Integridade/UMINHO_CodeEthicsConduct.pdf,2026-07-30,http-error,404,0,text/html; charset=utf-8,,,,42117,28bb782520e470284fc39a5b1758134a684eca0e2643036ff686f59a64bc25b2,complete received body,initial baseline,not assessed,,true,,HTTP 404
LRS-2EE0C440813836,YOK AI guide PDF,https://proje.yok.gov.tr/documentFiles/17539645334.Y%C3%BCksek%C3%B6%C4%9Fretimde%20%C3%BCretken%20yapay%20zeka%20kullan%C4%B1m%C4%B1-tr.pdf,https://proje.yok.gov.tr/documentFiles/17539645334.Y%C3%BCksek%C3%B6%C4%9Fretimde%20%C3%BCretken%20yapay%20zeka%20kullan%C4%B1m%C4%B1-tr.pdf,2026-07-30,accessible,200,0,application/pdf,4209375,"""403adf-63b38b0f5a13c""","Thu, 31 Jul 2025 12:22:13 GMT",1000000,b737c43d77417859b9775052af3bd06ebd5905b2bbf2e1f98d57d5825fc33a20,first 1000000 bytes,initial baseline,not assessed,,true,,
LRS-2EFA74936BEFE2,NWO-I complaints procedure scientific integrity,https://www.nwo-i.nl/medewerkersnwoi/werk-en-gedrag/wetenschappelijke-integriteit/attachment/complaints-procedure-scientific-integrity-nwo-institutes-2,https://connect.surfconext.nl/saml2/authenticate?registrationId=oidcng,2026-07-30,redirected-accessible,200,3,text/html;charset=UTF-8,,,,3062,2e14f1b90cc196d40babd185e3b769c84945cf5b374ee1a11cfaf5e66eb44fb4,complete received body,initial baseline,human review required,,true,,redirect requires equivalence review
LRS-2F297606BBF83C,ENRIO Belgium/Flanders country report,https://www.enrio.eu/country-reports/belgium-flanders,https://www.enrio.eu/country-reports/belgium-flanders/,2026-07-30,redirected-accessible,200,1,text/html; charset=UTF-8,12645,,,46154,3fae1bb35324fcdfd17d435ca2193a29f04ef12ce5b188b5019784346304ef38,complete received body,initial baseline,human review required,,true,,redirect requires equivalence review
LRS-2F33E060EA94E1,Law On Scientific Activity,https://pravo.by/document?guid=3871&p0=V19600708,https://pravo.by/document/?guid=3871&p0=V19600708,2026-07-30,redirected-accessible,200,1,text/html; charset=UTF-8,,,,66019,713a8a901fb5fc5ff70f1746b5847ff5d7deb4fb18807932bc59ce2bf3f5f967,complete received body,initial baseline,human review required,,true,,redirect requires equivalence review
LRS-2F5E09FCFF6ED6,National statistics on formal investigations 2016,https://www.iua.ie/wp-content/uploads/2019/08/National-Statistics-on-Formal-Investigations-of-Research-Misconduct-2016.pdf,https://www.iua.ie/wp-content/uploads/2019/08/National-Statistics-on-Formal-Investigations-of-Research-Misconduct-2016.pdf,2026-07-30,accessible,200,0,application/pdf,775308,"""5d9623c2-bd48c""","Thu, 03 Oct 2019 16:37:22 GMT",775308,742d1beb4e8be4db7bfe65f2d90d14b5ab9fd01740f3f99f032b117867fa0043,complete received body,initial baseline,not assessed,,true,,
LRS-2F5F6DDE82FA9E,CNR Guidelines for Research Integrity 2019,https://www.cnr.it/sites/default/files/public/media/doc_istituzionali/ethics/guidelines-for-research-integrity-2019.pdf,https://www.cnr.it/sites/default/files/public/media/doc_istituzionali/ethics/guidelines-for-research-integrity-2019.pdf,2026-07-30,accessible,200,0,application/pdf,1288731,,"Thursday, 30-Jul-2026 19:04:43 UTC",1000000,3f523eea7633835d65c434103c7562d6d6412609e309e1c025d084e38ea65997,first 1000000 bytes,initial baseline,not assessed,,true,,
LRS-2F69AD774E62E0,Sheffield annual statement 2025,https://sheffield.ac.uk/sites/default/files/2026-01/Annual-statement-on-research-integrity%20UoS%202025.pdf,https://sheffield.ac.uk/sites/default/files/2026-01/Annual-statement-on-research-integrity%20UoS%202025.pdf,2026-07-30,accessible,200,0,application/pdf,317906,"W/""695f7ede-50a42""","Thu, 08 Jan 2026 09:54:38 GMT",330306,fece3acd95e6192152923a96136ac83f0013f99087b1ffe78fec8a4ce45856ba,complete received body,initial baseline,not assessed,,true,,
LRS-2F733349A4D99B,Centre Scientifique de Monaco home,https://centrescientifique.mc/en,https://centrescientifique.mc/en,2026-07-30,accessible,200,0,text/html; charset=UTF-8,,,,50403,62dca7810ae24e82ed7d0a910fc806fab8ab7904cfec8eb9dd29311367132537,complete received body,initial baseline,not assessed,,true,,
LRS-2FABFA984256A9,HRCDC committee,https://hrcdc.ie/who-we-are/the-committee,https://hrcdc.ie/who-we-are/the-committee/,2026-07-30,redirected-accessible,200,1,text/html; charset=UTF-8,,,"Thu, 30 Jul 2026 19:04:47 GMT",131304,322e5d94e39d030e9f081a833e0a426925c2312f3f0dabb6f9db5885cd03173b,complete received body,initial baseline,human review required,,true,,redirect requires equivalence review
LRS-2FBA96D87750B1,P.PORTO institutional self-assessment,https://www.ipp.pt/sobre/apresentacao/planos-relatorios/AINSTPT.pdf,https://www.ipp.pt/sobre/apresentacao/planos-relatorios/AINSTPT.pdf,2026-07-30,accessible,200,0,application/pdf,1034242,,"Thu, 27 Feb 2025 12:11:30 GMT",1000000,2667910d5f60217b853c8a2c8e050bce0ded4194e91343c2fca2272ba3130e46,first 1000000 bytes,initial baseline,not assessed,,true,,
LRS-2FC153AFFA3856,ANACEC note rejecting confirmation of doctorate in law,https://anacec.md/files/D10_07.07.2023_Nota.PDF,https://anacec.md/files/D10_07.07.2023_Nota.PDF,2026-07-30,accessible,200,0,application/pdf,841745,"""cd811-600307d20dd80""","Tue, 11 Jul 2023 06:48:38 GMT",841745,df1d434f11ac21dbb594f4b63432f22d3e8712affb0886c6d67a6cb132883d6f,complete received body,initial baseline,not assessed,,true,,
LRS-3035AAFAB77CD4,RTU Code of Academic Integrity,https://www.rtu.lv/writable/public_files/RTU_on_approval_of_the_new_version_of_rtu_code_of_academic_integrity.pdf,https://www.rtu.lv/writable/public_files/RTU_on_approval_of_the_new_version_of_rtu_code_of_academic_integrity.pdf,2026-07-30,http-error,403,0,text/html; charset=UTF-8,,,,6003,23674615ae3e55d5a332e0a7db27ed694074fd7429312d4558367ad8f1308a8c,complete received body,initial baseline,not assessed,,true,,HTTP 403
LRS-303F9876118FDB,NASU full decision on academic integrity case,https://www.nas.gov.ua/storage/editor/files/povnii-tekst-risennya.pdf,https://www.nas.gov.ua/storage/editor/files/povnii-tekst-risennya.pdf,2026-07-30,accessible,200,0,application/pdf,331384,"""50e78-631f11416b68d""","Fri, 04 Apr 2025 10:09:14 GMT",331384,ec9cc36918979a3303697c2feec6f7c2ea3d0c61b18d7d09aee5eecc25f062e6,complete received body,initial baseline,not assessed,,true,,
LRS-3053A5B8D548B0,National statistics on formal investigations 2019,https://www.iua.ie/wp-content/uploads/2020/12/National-Stats-on-Formal-Investigations-of-Research-Misconduct-2019.pdf,https://www.iua.ie/wp-content/uploads/2020/12/National-Stats-on-Formal-Investigations-of-Research-Misconduct-2019.pdf,2026-07-30,accessible,200,0,application/pdf,788590,"""5fc7d767-c086e""","Wed, 02 Dec 2020 18:05:27 GMT",788590,ae6d5eaf0ccb16a8ce8a3f4c2f172b216b475cc25682c6a09a4f2434cd29cad2,complete received body,initial baseline,not assessed,,true,,
LRS-3055BC5B4653E6,Scientific Integrity Complaints Procedure UT 2024,https://www.utwente.nl/en/service-portal/services/hr/resources/integrity/en/scientific-integrity-downloads/complaints-procedure-scientific-integrity-ut-en-2024.pdf,https://www.utwente.nl/en/service-portal/services/hr/resources/integrity/en/scientific-integrity-downloads/complaints-procedure-scientific-integrity-ut-en-2024.pdf,2026-07-30,accessible,200,0,text/html; charset=UTF-8,,,,49161,4a8cc85d0dc9bf2f25d1e9273d26f63841347c593cbe71bbd7af013f35109b55,complete received body,initial baseline,not assessed,,true,,
LRS-30B278DB66A601,Galway research integrity,https://www.universityofgalway.ie/researchcommunityportal/researchintegrity,https://www.universityofgalway.ie/researchcommunityportal/researchintegrity/,2026-07-30,redirected-accessible,200,2,text/html; charset=UTF-8,14379,,,60361,aa50300f121c8095b96137383f81710573817e0a07bc18fd736a9123c748b907,complete received body,initial baseline,human review required,,true,,redirect requires equivalence review
LRS-30B81EE655B3ED,Paris-Saclay problems and signalment route,https://www.universite-paris-saclay.fr/que-faire-en-cas-de-problemes,https://www.universite-paris-saclay.fr/que-faire-en-cas-de-problemes,2026-07-30,accessible,200,0,text/html; charset=UTF-8,12938,"""1785438265-gzip""","Thu, 30 Jul 2026 19:04:25 GMT",77466,8ddc334aba6e10a29e0121f4e152030392c5c03ed3a1d2db75315380fe6415c8,complete received body,initial baseline,not assessed,,true,,
LRS-30C0F29F862CE5,Medicines Authority protecting patient safety during a clinical trial,https://medicinesauthority.gov.mt/protectedduringclinicaltr,https://medicinesauthority.gov.mt/protectedduringclinicaltr,2026-07-30,accessible,200,0,text/html; charset=utf-8,94422,,,94422,67291f6d3524d4d6d29873f43cd3f3ab080935624824a0a814ae580330062a7c,complete received body,initial baseline,not assessed,,true,,
LRS-30CB862AE006AE,UCY legislation in English,https://www.ucy.ac.cy/legislation/laws-in-english,https://www.ucy.ac.cy/legislation/laws-in-english,2026-07-30,http-error,403,0,text/html; charset=UTF-8,,,,5720,d9b0493d1a8d5c839dad6d62864a37b033a7f100d7e7de50e02d93c346f2e6e3,complete received body,initial baseline,not assessed,,true,,HTTP 403
LRS-30D760F7768779,RCETH clinical-trial permissions register,https://www.rceth.by/Refbank/reestr_clinic_test,https://www.rceth.by/Refbank/reestr_clinic_test,2026-07-30,accessible,200,0,text/html; charset=utf-8,41710,,,41710,cecd227147374413a5ac6302f864cfba0e11f9638adb377b0b44385b7b94376f,complete received body,initial baseline,not assessed,,true,,
LRS-3122D2B404936E,Faculty of Biology regulations page,https://bio.bg.ac.rs/en/akti/pravni-okvir/propisi-univerziteta-u-beogradu,https://bio.bg.ac.rs/en/akti/pravni-okvir/propisi-univerziteta-u-beogradu,2026-07-30,network-error,,0,,,,,0,,none,initial unavailable baseline,not assessed,,true,fetch failed,network access failed
LRS-31405FD54264A1,Academic Ethics Commission of Core Academic Units regulations,https://www.tf.vu.lt/wp-content/uploads/2021/05/Regulation-of-the-Academic-Ethics-Commission-of-Core-Academic-Units-of-Vilnius-University.pdf,https://www.tf.vu.lt/wp-content/uploads/2021/05/Regulation-of-the-Academic-Ethics-Commission-of-Core-Academic-Units-of-Vilnius-University.pdf,2026-07-30,accessible,200,0,application/pdf,,"""177b2-5c30e310cd6d4""","Mon, 24 May 2021 07:16:43 GMT",96178,21038d6b9911defab1d4e79bf1d9e53268ed9d434cfb1a4879ab9fa646808842,complete received body,initial baseline,not assessed,,true,,
LRS-31782D3052F20D,OWID annual reports page,https://ombudsgremium.de/category/ombudsman/jahresberichte,https://ombudsgremium.de/category/ombudsman/jahresberichte/,2026-07-30,redirected-accessible,200,1,text/html; charset=UTF-8,,,,435831,f559f12458b562a3f86e2f5c6eb0b8fd5a37833947734bc80cf9ee8f87da12ca,complete received body,initial baseline,human review required,,true,,redirect requires equivalence review
LRS-319A1D164F5F61,About Us,https://nitra.gov.rs/en/ministarstvo/o-nama,https://nitra.gov.rs/en/ministarstvo/o-nama,2026-07-30,accessible,200,0,text/html; charset=utf-8,,,"Thu, 30 Jul 2026 19:04:50 GMT",78226,e319b12c56b12edf8a248278d58073438d8ece22d224497af65a11be26f20a7a,complete received body,initial baseline,not assessed,,true,,
LRS-31A880ACA8820A,NRFU approves and publishes its Ethical Principles,https://nrfu.org.ua/en/about-us/ethical-principles,https://nrfu.org.ua/en/about-us/ethical-principles/,2026-07-30,redirected-accessible,200,1,text/html; charset=UTF-8,21340,,,90208,db1e13faf947ec7246ff4a4ed3c6052ad7292827e4bd7e6e5d021fc3b934d579,complete received body,initial baseline,human review required,,true,,redirect requires equivalence review
LRS-31B14AEE71EFFF,Law of Ukraine On Protection of Personal Data,https://zakon.rada.gov.ua/laws/show/en/2297-17,https://zakon.rada.gov.ua/laws/show/en/2297-17,2026-07-30,http-error,403,0,text/html; charset=utf-8,4249,,,4249,0afd86d495b0eb9dfb33abd6ff200f5e5658b5b7480dcffbc5d80717f4bd0adb,complete received body,initial baseline,not assessed,,true,,HTTP 403
LRS-31C0CAA4D87C4B,Council document hub,https://mec.gov.md/ro/content/consiliului-de-etica-si-management-0,https://mec.gov.md/ro/content/consiliului-de-etica-si-management-0,2026-07-30,accessible,200,0,text/html; charset=utf-8,,"""1785438287-1""","Thu, 30 Jul 2026 19:04:47 GMT",66489,2035e30c0045806bea1edbbb00c4d1051a83f9f200c82a6681a43c7334635a16,complete received body,initial baseline,not assessed,,true,,
LRS-31F6E718676015,Committees and ombuds routes,https://ug.edu.pl/strona/18112/komisje-senackie-i-uczelniane-na-uniwersytecie-gdanskim-w-kadencji-2024-2028,https://ug.edu.pl/strona/18112/komisje-senackie-i-uczelniane-na-uniwersytecie-gdanskim-w-kadencji-2024-2028,2026-07-30,accessible,200,0,text/html; charset=UTF-8,17590,"""1785438288-gzip""","Thu, 30 Jul 2026 19:04:48 GMT",93176,39c52bb2a2db6a342d0526371d284b5d69e93e4664233625a437c433227503c3,complete received body,initial baseline,not assessed,,true,,
LRS-32011D1C8C2B6E,BDA,https://www.bda.bg/en/information-for-companies/120-ethics-committee-for-multicenter-trials-category,https://www.bda.bg/en/information-for-companies/120-ethics-committee-for-multicenter-trials-category,2026-07-30,accessible,200,0,text/html; charset=utf-8,8436,,"Thu, 30 Jul 2026 19:04:49 GMT",39328,872e3524511ea458772f65cb2a21a61876264e368412195e4dc3d91a9e4278cd,complete received body,initial baseline,not assessed,,true,,
LRS-3203F597FDB6B2,UNamur ethics and scientific integrity,https://www.unamur.be/fr/recherche/organisation/ethique,https://www.unamur.be/fr/recherche/organisation/ethique,2026-07-30,accessible,200,0,text/html; charset=UTF-8,,"""1785375380""","Thu, 30 Jul 2026 01:36:20 GMT",144916,8ae0618411e4856bce93dac64e90a1a7531883269c12cb71d9359c1665c6d270,complete received body,initial baseline,not assessed,,true,,
LRS-3215048456258A,CRI regulation,https://research.kuleuven.be/en/integrity-ethics/integrity/procedures,https://research.kuleuven.be/en/integrity-ethics/integrity/procedures,2026-07-30,accessible,200,0,text/html;charset=utf-8,,,"Thu, 30 Apr 2026 04:57:57 GMT",84223,804e3870ffff7aa122cfcd96bdf36c4f65df9cc8ef458dd38fb79fab37ce1a6d,complete received body,initial baseline,not assessed,,true,,
LRS-322B6595D9279C,Yerevan State University Turnitin Similarity rollout,https://www.ysu.am/en/IT-center/articles/75571,https://www.ysu.am/en/IT-center/articles/75571,2026-07-30,accessible,200,0,text/html; charset=UTF-8,18223,"""1785438289-gzip""","Thu, 30 Jul 2026 19:04:49 GMT",122453,8f889338af55c05cbaef2adec4033f046df1146a6f0ed439db9553542550e435,complete received body,initial baseline,not assessed,,true,,
LRS-322BA1090B29C6,UL Data Ethics and Legal Framework,https://www.lu.lv/en/science/research-support/research-data-management/data-ethics-and-legal-framework,https://www.lu.lv/en/science/research-support/research-data-management/data-ethics-and-legal-framework,2026-07-30,accessible,200,0,text/html; charset=utf-8,11267,"""25b4aa50e1ae4904caae487c5784cd70-gzip""",,62187,d498ec16eb09db2bee69517940e697582aaf99fcc274a9fcedd891a8862d2b01,complete received body,initial baseline,not assessed,,true,,
LRS-324BA937B57407,Research Ethics Review Procedures,https://www.um.edu.mt/media/um/docs/research/urec/ResearchEthicsReviewProcedures.pdf,https://www.um.edu.mt/media/um/docs/research/urec/ResearchEthicsReviewProcedures.pdf,2026-07-30,accessible,200,0,application/pdf,890252,"""d958c-60c77bfddc340""","Thu, 14 Dec 2023 12:51:59 GMT",890252,bc4568c072bac0f67ca1064c3db00ec5d2faba38e3470635d5acea6e2640354c,complete received body,initial baseline,not assessed,,true,,
LRS-3252E644DA3D2B,LARI prevention,https://lari.lu/prevention,https://lari.lu/prevention/,2026-07-30,redirected-accessible,200,1,text/html; charset=UTF-8,21477,,,117309,70747f0b82515fdb49cc830ca4c276008816e412c6c7288737fc7681c8d5f9b5,complete received body,initial baseline,human review required,,true,,redirect requires equivalence review
LRS-32578629CB57B4,Government Office for Science annual statement 2024-2025,https://www.gov.uk/government/publications/annual-statement-of-compliance-with-the-concordat-to-support-research-integrity-2024-2025/annual-statement-of-compliance-with-the-concordat-to-support-research-integrity-2024-2025,https://www.gov.uk/government/publications/annual-statement-of-compliance-with-the-concordat-to-support-research-integrity-2024-2025/annual-statement-of-compliance-with-the-concordat-to-support-research-integrity-2024-2025,2026-07-30,accessible,200,0,text/html; charset=utf-8,14326,"W/""ca149855d517c01fc10cd8f1b6c34719""",,94777,ca149855d517c01fc10cd8f1b6c34719bf629b14bef01a6b483b2e2849b421fb,complete received body,initial baseline,not assessed,,true,,
LRS-325C04945912EA,NRFU mission and purpose,https://nrfu.org.ua/en/about-us/the-mission-and-purpose-of-the-foundation,https://nrfu.org.ua/en/about-us/the-mission-and-purpose-of-the-foundation/,2026-07-30,redirected-accessible,200,1,text/html; charset=UTF-8,16103,,,66205,d7b4b94b4b5b27a9fd90771c321844c54226e27d242911c930805833d9c4f5c1,complete received body,initial baseline,human review required,,true,,redirect requires equivalence review
LRS-327BFF14C4E55C,HUN-REN conduct code page,https://hun-ren.hu/hunren/magatartasi-kodex-109859,https://hun-ren.hu/hunren/magatartasi-kodex-109859,2026-07-30,accessible,200,0,text/html; charset=UTF-8,,,,47613,19b1d5fb69d239f53543cacffb5955719048e1eb4b95ef5b90277a9f570a957c,complete received body,initial baseline,not assessed,,true,,
LRS-3295CE20FD60F2,University of Strasbourg HRS4R label page,https://www.unistra.fr/fr/universite/labels/label-hr-excellence-research-hrs4r,https://www.unistra.fr/fr/universite/labels/label-hr-excellence-research-hreir,2026-07-30,redirected-accessible,200,1,text/html; charset=UTF-8,,"W/""1784906870""","Fri, 24 Jul 2026 15:27:50 GMT",376490,5b47ec32667ab06dbeaa011d9d2dc5fc8e904bc616ae37f4f2fca0a4cfd5cf0c,complete received body,initial baseline,human review required,,true,,redirect requires equivalence review
LRS-32BC0C651876D0,Act No. 18/2018 on personal data protection,https://dataprotection.gov.sk/files/en/legislation-guidelines/legislation-case-law/national-legislation/2024_07_30_act_18_2018_on_personal_data_protection_and_amending_and_suplementing_certain_acts_as_amended.pdf,https://dataprotection.gov.sk/files/en/legislation-guidelines/legislation-case-law/national-legislation/2024_07_30_act_18_2018_on_personal_data_protection_and_amending_and_suplementing_certain_acts_as_amended.pdf,2026-07-30,accessible,200,0,application/pdf;charset=UTF-8,1089044,2024_07_30_act_18_2018_on_personal_data_protection_and_amending_and_suplementing_certain_acts_as_amended.pdf,"Fri, 09 Aug 2024 08:03:22 GMT",1000000,48601a5518d32f1bfc05cd452b370a8faefa619677c35c4fcf6cbfa76dce3d8e,first 1000000 bytes,initial baseline,not assessed,,true,,
LRS-32CCD0FAA22266,Universite de Toulouse mediation ethics and integrity,https://www.univ-tlse3.fr/nos-engagements/mediation-ethique-et-deontologie,https://www.univ-tlse3.fr/nos-engagements/mediation-ethique-et-deontologie,2026-07-30,accessible,200,0,text/html;charset=UTF-8,,,,254761,b2d9a43e25045b25d745977cf75a0783c14ac948102e19d0e89f582916f94d06,complete received body,initial baseline,not assessed,,true,,
LRS-32D47885B79FF0,IIM-CSIC Committee of Ethics and Scientific Integrity,https://www.iim.csic.es/es/research/comite-de-etica-e-integridad-cientifica,https://iim.csic.es/,2026-07-30,redirected-accessible,200,2,text/html; charset=UTF-8,37907,,,222849,32edda6e0e3606e1e502fe8546f1c08e977b0f68bd9e95fa0ceed04516c0370f,complete received body,initial baseline,human review required,,true,,redirect requires equivalence review
LRS-331608E2355B4C,Government Resolution No. 1005 of 17 August 2005,https://msmt.gov.cz/file/35892_1_1,https://msmt.gov.cz/file/35892_1_1/download/,2026-07-30,redirected-accessible,200,1,application/pdf,56992,,,56992,74fd923b1781e843edf761dc54298aa6a1175183092b8e09d06021a6e4a49181,complete received body,initial baseline,human review required,,true,,redirect requires equivalence review
LRS-331C341B26BC16,Azerbaijan Science Foundation charter,https://aef.gov.az/en/pages/view/97,https://aef.gov.az/en/pages/view/97,2026-07-30,network-error,,0,,,,,0,,none,initial unavailable baseline,not assessed,,true,fetch failed,network access failed
LRS-3332260AD79A74,Cabinet order establishes current Central Medical Ethics Committee,https://www.vm.gov.lv/lv/centrala-medicinas-etikas-komiteja,https://www.vm.gov.lv/lv/centrala-medicinas-etikas-komiteja,2026-07-30,accessible,200,0,text/html; charset=UTF-8,,"W/""1785437721""","Thu, 30 Jul 2026 18:55:21 GMT",241448,0959a3aebe4fe5cb918122a7e5af3eec947ce3ffb6609be20c0ec73b39d97223,complete received body,initial baseline,not assessed,,true,,
LRS-3351051EE4FA60,SEEU Code of Conduct for academic staff,https://www.seeu.edu.mk/files/2019-2020/18/Code%20of%20conduct%20for%20academic%20staff%20MM.pdf,https://www.seeu.edu.mk/files/2019-2020/18/Code%20of%20conduct%20for%20academic%20staff%20MM.pdf,2026-07-30,accessible,200,0,application/pdf,132664,"""696f6d30-20638""","Tue, 20 Jan 2026 11:55:28 GMT",132664,1ed26c7aa5341862ffb16dece8f6a4f2531d6f8325f75d7e9a69dee3fd97e2f1,complete received body,initial baseline,not assessed,,true,,
LRS-338830B9861946,American University of Armenia IRB guidebook page,https://aua.am/aua-institutional-review-board-guidebook,https://aua.am/aua-institutional-review-board-guidebook/,2026-07-30,redirected-accessible,200,1,text/html; charset=UTF-8,,,,335076,c9a7a7477eb8ac5675b2e4d553fa8c8f72a2c220e4a4d60d96e570f96484226f,complete received body,initial baseline,human review required,,true,,redirect requires equivalence review
LRS-33A630BAA8C98F,Responsible Conduct of Research and Research Integrity,https://www.telethon.it/en/about-us/official-positions/responsible-conduct-of-research-rcr-and-research-integrity-ri,https://www.fondazionetelethon.it/en/about-us/official-positions/responsible-conduct-of-research-rcr-and-research-integrity-ri/,2026-07-30,redirected-accessible,200,2,text/html; charset=utf-8,,,,212977,f50d2d42944a27975bdf25d17fa51d6892ed07c9b5fe202d3c311529221f4f82,complete received body,initial baseline,human review required,,true,,redirect requires equivalence review
LRS-33C395D522FE4E,ENRIO France country report,https://www.enrio.eu/country-reports/france-2,https://www.enrio.eu/country-reports/france-2/,2026-07-30,redirected-accessible,200,1,text/html; charset=UTF-8,14721,,,52067,472730b221a80d8486a17dcf33e9d65da584f0efa968d99e43b0ca8915aacd00,complete received body,initial baseline,human review required,,true,,redirect requires equivalence review
LRS-33C686A1E23010,NKVIE 2025 annual report,https://vaia.gov.sk/wp-content/uploads/2026/04/Vyrocna-sprava-NKVIE_2025.pdf,https://vaia.gov.sk/wp-content/uploads/2026/04/Vyrocna-sprava-NKVIE_2025.pdf,2026-07-30,accessible,200,0,application/pdf,,"""6fe10-64f0623f33879""","Thu, 09 Apr 2026 12:27:31 GMT",458256,a0d5343b094a0d34421d9b707b7445e7a90bed6f90da6e19f07089f1c92bb8b6,complete received body,initial baseline,not assessed,,true,,
LRS-33D0164C1FB28C,Higher education,https://www.llv.li/en/national-administration/office-of-education/educational-areas/education-schools/higher-education,https://www.llv.li/en/national-administration/office-of-education/educational-areas/education-schools/higher-education,2026-07-30,http-error,403,0,text/html; charset=UTF-8,,,,6018,9992de4eb3244d15b12db84e966b7f96d756edd8056b772636491d5c234bc28e,complete received body,initial baseline,not assessed,,true,,HTTP 403
LRS-33F49FDA689BAC,University charter,https://u-paris.fr/wp-content/uploads/2022/12/Charte-EDIS-approuvee-senat-juin-2022.pdf,https://u-paris.fr/wp-content/uploads/2022/12/Charte-EDIS-approuvee-senat-juin-2022.pdf,2026-07-30,accessible,200,0,application/pdf,557081,"""88019-5ef4d5f8d82ab""","Thu, 08 Dec 2022 09:07:58 GMT",557081,b51b6da1c58d56b80c136b62293413c546da6db3f9898d4825ba45679a3744c8,complete received body,initial baseline,not assessed,,true,,
LRS-3401BADFEC8CAE,RAS Council on the Ethics of Scientific Research created,https://new.ras.ru/structures/komitety-sovety-i-komissii/komitety-sovety-i-komissii-pri-prezidiume-ran/sovety/sovet-po-etike-nauchnykh-issledovaniy,https://new.ras.ru/structures/komitety-sovety-i-komissii/komitety-sovety-i-komissii-pri-prezidiume-ran/sovety/sovet-po-etike-nauchnykh-issledovaniy,2026-07-30,network-error,,0,,,,,0,,none,initial unavailable baseline,not assessed,,true,fetch failed,network access failed
LRS-34046200A85A91,Issuing approval to conduct biomedical research,https://bioetika.lrv.lt/en/biomedical-research/issuing-approval-to-conduct-biomedical-research,https://bioetika.lrv.lt/en/biomedical-research/issuing-approval-to-conduct-biomedical-research,2026-07-30,http-error,403,0,text/html; charset=UTF-8,,,,5901,a19036e19ae45864074b02e3cc0a606d893b70fd1b55f2ce6f4a4edbcfaa6afb,complete received body,initial baseline,not assessed,,true,,HTTP 403
LRS-347054E07725D4,ANRI ethics council begins work,https://rassep.ru/sovet-po-etike,https://rassep.ru/sovet-po-etike,2026-07-30,network-error,,0,,,,,0,,none,initial unavailable baseline,not assessed,,true,fetch failed,network access failed
LRS-3476C6A5ECDEBE,CSB opinions,https://bioetica.sm/pareri,https://bioetica.sm/pareri/,2026-07-30,redirected-accessible,200,1,text/html; charset=UTF-8,,,,141313,f46cf064a011683c531dc270066dfa6e849b1dc730246bbe3dee1d667177189d,complete received body,initial baseline,human review required,,true,,redirect requires equivalence review
LRS-348E9E7B904919,Corvinus Research Ethics Committee,https://www.uni-corvinus.hu/main-page/about-the-university/senate-university-committees/kutatasetikai-bizottsag?lang=en,https://www.uni-corvinus.hu/main-page/about-the-university/senate-university-committees/kutatasetikai-bizottsag/?lang=en,2026-07-30,redirected-accessible,200,1,text/html; charset=UTF-8,,,,133755,06cf306fda0b42b2b2e88094c00c7dcb87d8a1cf51e3ac8598c1886ae4aedae8,complete received body,initial baseline,human review required,,true,,redirect requires equivalence review
LRS-34FA1E8945C350,LOWI process information,https://lowi.nl/en/proces-info,https://lowi.nl/en/proces-info/,2026-07-30,redirected-accessible,200,1,text/html; charset=UTF-8,,,,52457,c97a24f28fd0314558cd251f3170d9d48000a25922555632c4ae5b3dcaa55694,complete received body,initial baseline,human review required,,true,,redirect requires equivalence review
LRS-351D019240EA17,National list of animal experimentation ethics committees,https://www.enseignementsup-recherche.gouv.fr/sites/default/files/2023-10/liste-nationale-des-comit-s-d-thique-en-exp-rimentation-animale-2023-29484.pdf,https://www.enseignementsup-recherche.gouv.fr/sites/default/files/2023-10/liste-nationale-des-comit-s-d-thique-en-exp-rimentation-animale-2023-29484.pdf,2026-07-30,accessible,200,0,application/pdf,521233,"""652507e5-7f411""","Tue, 10 Oct 2023 08:14:29 GMT",521233,9157bef6feb1f651eb72c0a1995cddc732f3c188662ab0343081637da95b9f50,complete received body,initial baseline,not assessed,,true,,
LRS-352F22B7FE6F76,University of Humanistic Studies scientific integrity,https://www.uvh.nl/en/research/about-our-research/scientific-integrity,https://www.uvh.nl/en/research/about-our-research/scientific-integrity/,2026-07-30,redirected-accessible,200,1,text/html; charset=UTF-8,,,,188196,0de6534c8d94cd9c4afdcccd519f8b923f81862b8f40d3549531c4c96f496e6d,complete received body,initial baseline,human review required,,true,,redirect requires equivalence review
LRS-35AC5D62D7CE60,USM institutional regulatory documents,https://usm.md/?lang=en&page_id=451,https://usm.md/?page_id=451&lang=en,2026-07-30,redirected-accessible,200,1,text/html; charset=UTF-8,,"""13826222-1785438293;br""",,219124,c8e2a7c20d34e6ee643e9cee13729d8493ce1c2305b90216adffb8ac87cfc8ae,complete received body,initial baseline,human review required,,true,,redirect requires equivalence review
LRS-35C6CD40391890,Ofis 2026 bilan and perspectives,https://www.ofis-france.fr/promouvoir-et-proteger-une-culture-partagee-de-lintegrite-scientifique-bilan-et-perspectives,https://www.ofis-france.fr/promouvoir-et-proteger-une-culture-partagee-de-lintegrite-scientifique-bilan-et-perspectives/,2026-07-30,redirected-accessible,200,1,text/html; charset=UTF-8,,,,127719,e7da00125f467585bdbfe554e4c8b5bbd5705c0423bcfd248e942ee22a138deb,complete received body,initial baseline,human review required,,true,,redirect requires equivalence review
LRS-35D2D9ED98C69D,TSMU Biomedical Research Ethics Committee,https://tsmu.edu/ts/content.php?aid=151&bid=0&cid=0&did=0&eid=0&id=16&lang=en,https://tsmu.edu/ts/content.php?aid=151&bid=0&cid=0&did=0&eid=0&id=16&lang=en,2026-07-30,accessible,200,0,text/html; charset=utf-8,9197,,,47472,325b372006c6d674e619708e93e95f59ff4c45b2230c7aba39232baf52c27b05,complete received body,initial baseline,not assessed,,true,,
LRS-36A54FB1A566A8,NIPO official page,https://nipo.gov.ua/en,https://nipo.gov.ua/en/,2026-07-30,redirected-accessible,200,1,text/html; charset=UTF-8,,,,100053,037ebd24480e7bf12dfd8b9e943677ae2e89a1580fdccc9fce8fb92b7d44dcb5,complete received body,initial baseline,human review required,,true,,redirect requires equivalence review
LRS-36F7C2ED1B8DD7,FCT Activity Plan 2015,https://www.fct.pt/wp-content/uploads/2024/02/FCT_Plano-de-Atividades-2015.pdf,https://www.fct.pt/wp-content/uploads/2024/02/FCT_Plano-de-Atividades-2015.pdf,2026-07-30,http-error,404,0,text/html; charset=UTF-8,,,"Thu, 30 Jul 2026 19:04:58 GMT",85026,f54423e4ee0d886363f52c7a40cf8cd5a4a39780e574c330ed8df86b27ae9aa7,complete received body,initial baseline,not assessed,,true,,HTTP 404
LRS-3702077A3C609C,HRB General Terms and Conditions,https://www.hrb.ie/wp-content/uploads/2024/05/HRB_General_Terms_and_Conditions_for_Research_awards.pdf,https://www.hrb.ie/wp-content/uploads/2024/05/HRB_General_Terms_and_Conditions_for_Research_awards.pdf,2026-07-30,accessible,200,0,application/pdf,557741,,"Wed, 31 Jul 2024 10:41:27 GMT",557741,d961832332751acc043c66277bf63d30838a7b81daca525969c681d1481781da,complete received body,initial baseline,not assessed,,true,,
LRS-37309469CB95E7,ASCAL Accreditation Board decisions,https://www.ascal.al/en/accreditation-board/decisions,https://www.ascal.al/en/accreditation-board/decisions,2026-07-30,accessible,200,0,text/html; charset=utf-8,,"""22330960bc93820b8e89ad2b1f036137""",,60616,179375bbfa1e9072844729f7171379c676171b5a65c5cda99336613af96c06f3,complete received body,initial baseline,not assessed,,true,,
LRS-3732A132E1D57C,Oxford annual research integrity reports,https://www.ox.ac.uk/research/support-researchers/research-practice/annual-research-integrity-reports,https://www.ox.ac.uk/research/support-researchers/research-practice/annual-research-integrity-reports,2026-07-30,http-error,403,0,text/html; charset=UTF-8,,,,5942,077bb0251bdef30159fa88c53bf550a0d8d4c868d38510a5af0691e237605a07,complete received body,initial baseline,not assessed,,true,,HTTP 403
LRS-373DE9544AAB0D,Decreto-Lei 80/2018,https://diariodarepublica.pt/dr/detalhe/decreto-lei/80-2018-116640101,https://diariodarepublica.pt/dr/detalhe/decreto-lei/80-2018-116640101,2026-07-30,accessible,200,0,text/html; charset=utf-8,,,,2346,043b1ab50ac43d1f14ac425f913d3255819d737cc44d6f2e0f13b672237bb4d5,complete received body,initial baseline,not assessed,,true,,
LRS-376A0117C8913E,RAS announces work on a code of ethics in scientific research,https://new.ras.ru/press-center/news/kodeks-etiki-v-sfere-nauchnykh-issledovaniy-razrabotayut-v-ran,https://new.ras.ru/press-center/news/kodeks-etiki-v-sfere-nauchnykh-issledovaniy-razrabotayut-v-ran,2026-07-30,network-error,,0,,,,,0,,none,initial unavailable baseline,not assessed,,true,fetch failed,network access failed
LRS-376D12E5A6951D,UL Academic Ethics Commission decision stream remains active,https://www.lu.lv/par-mums/akademiskas-etikas-komisija,https://www.lu.lv/par-mums/akademiskas-etikas-komisija,2026-07-30,accessible,200,0,text/html; charset=utf-8,14987,"""395dc8a8b534e868e77e3cf232d258a7-gzip""",,106283,e856313af8c18f719c89715d478829629cb2d328c80edc9531ab90efaa9f0eb0,complete received body,initial baseline,not assessed,,true,,
LRS-37C46CAD55FEBD,AIPO,https://aipo.am/en,https://aipo.am/en,2026-07-30,accessible,200,0,text/html; charset=UTF-8,,,,67388,6785cc25f9e33e808b6029c5ecbecd2b80265be2e7e52a678fbd66c290cb8485,complete received body,initial baseline,not assessed,,true,,
LRS-37DD78F0A65700,University of Tirana Code of Ethics,https://unitir.edu.al/kodi-i-etikes-i-universitetit-te-tiranes,https://unitir.edu.al/kodi-i-etikes-i-universitetit-te-tiranes/,2026-07-30,redirected-accessible,200,1,text/html; charset=UTF-8,,,"Sat, 25 Jul 2026 16:10:41 GMT",334813,3469302070c67971b422bd1f5e5aa589b7f4f2c9b4e8ef16efcd39c50aae8a01,complete received body,initial baseline,human review required,,true,,redirect requires equivalence review
LRS-37F162F56750AC,Office corruption-prevention page on appointment,https://etikostarnyba.lt/en/prevention-of-corruption,https://etikostarnyba.lt/en/prevention-of-corruption/,2026-07-30,redirected-accessible,200,1,text/html; charset=UTF-8,,,"Thu, 30 Jul 2026 19:05:01 GMT",175165,790872bcff5c5b2d39eda5e784057e5cb1d2700853f900bce516e213a1fa8de6,complete received body,initial baseline,human review required,,true,,redirect requires equivalence review
LRS-39043595260433,AZLP data-protection supervision notice,https://azlp.mk/%D0%B0%D0%B3%D0%B5%D0%BD%D1%86%D0%B8%D1%98%D0%B0%D1%82%D0%B0-%D0%B7%D0%B0-%D0%B7%D0%B0%D1%88%D1%82%D0%B8%D1%82%D0%B0-%D0%BD%D0%B0-%D0%BB%D0%B8%D1%87%D0%BD%D0%B8-%D0%BF%D0%BE%D0%B4%D0%B0%D1%82%D0%BE,https://azlp.mk/%D0%B0%D0%B3%D0%B5%D0%BD%D1%86%D0%B8%D1%98%D0%B0%D1%82%D0%B0-%D0%B7%D0%B0-%D0%B7%D0%B0%D1%88%D1%82%D0%B8%D1%82%D0%B0-%D0%BD%D0%B0-%D0%BB%D0%B8%D1%87%D0%BD%D0%B8-%D0%BF%D0%BE%D0%B4%D0%B0%D1%82%D0%BE/,2026-07-30,redirected-accessible,200,1,text/html; charset=UTF-8,45513,"""b1c9-65745bdcb8fe3""","Thu, 23 Jul 2026 11:41:48 GMT",338423,75712500a4e8e4354b1d7977751b2d36b3232fb39e89f2b7de75850d03843b09,complete received body,initial baseline,human review required,,true,,redirect requires equivalence review
LRS-392AECD58060F9,Committee formation and assessment regulation,https://www.riigiteataja.ee/akt/109122025016,https://www.riigiteataja.ee/akt/109122025016,2026-07-30,http-error,403,0,text/html; charset=UTF-8,,,,5837,abddd7c5d798a647d0553227009684c2842d761b7128f99f594710bbbd0ffcab,complete received body,initial baseline,not assessed,,true,,HTTP 403
LRS-39369175317C2B,SUKL GDPR and clinical trials,https://sukl.gov.cz/en/related-information/gdpr-general-data-protection-regulation-and-clinical-trials,https://sukl.gov.cz/en/related-information/gdpr-general-data-protection-regulation-and-clinical-trials/,2026-07-30,redirected-accessible,200,1,text/html; charset=UTF-8,20048,,,107375,f5dec6bdb622e6e24a82b8be7248b05b5db38b7ca2f29dd2ce0ea4dd1f4e3def,complete received body,initial baseline,human review required,,true,,redirect requires equivalence review
LRS-39492F2D417B79,RSU Code of Ethics amendment news,https://www.rsu.lv/en/news/rsu-adopts-amendments-its-code-ethics-uphold-professional-ethics-requirements,https://www.rsu.lv/en/news/rsu-adopts-amendments-its-code-ethics-uphold-professional-ethics-requirements,2026-07-30,accessible,200,0,text/html; charset=UTF-8,,"W/""1785438299""","Thu, 30 Jul 2026 19:04:59 GMT",59514,721983484428c05fe29f603b6dc8ab283f9376821311e92c5e69663461e4b7d3,complete received body,initial baseline,not assessed,,true,,
LRS-395A5EC12C2C14,CYQAA code of deontology and absence of conflict of interest,https://dipae.ac.cy/index.php/en/cyqaa-en/code-of-deontology-en,https://dipae.ac.cy/index.php/en/cyqaa-en/code-of-deontology-en,2026-07-30,accessible,200,0,text/html; charset=utf-8,,,"Thu, 30 Jul 2026 19:05:00 GMT",98971,bba17349fc5e4b21bea098e836967d3b41a66c36df9ff638fbafcaff9fe930f9,complete received body,initial baseline,not assessed,,true,,
LRS-3968089B5EF6B8,Pharm.am permitted clinical trials,https://www.pharm.am/index.php/en/permitted-clinical-trials,https://www.pharm.am/index.php/en/permitted-clinical-trials,2026-07-30,network-error,,0,,,,,0,,none,initial unavailable baseline,not assessed,,true,fetch failed,network access failed
LRS-39DEEC7345BF06,ANRI retracted articles database,https://rassep.ru/retracted,https://rassep.ru/retracted,2026-07-30,network-error,,0,,,,,0,,none,initial unavailable baseline,not assessed,,true,fetch failed,network access failed
LRS-39DEF62E6189FC,CNBC home page,https://www.bioethics.gov.cy/,https://www.gov.cy/bioethics/,2026-07-30,http-error,403,1,text/html,,,,7907,b5ae3e87c06e71f4a2436f84f9a6105442e74e28d6156501562b35f7d82ac9b5,complete received body,initial baseline,human review required,,true,,redirect requires equivalence review | HTTP 403
LRS-39F44DDD32F5F9,AQHE representative evaluation report: University of Skopje Faculty of Tourism,https://www.akvo.mk/images/DOCS-E/IZVESTAI-E/2026-03/TURIZAM.pdf,https://www.akvo.mk/images/DOCS-E/IZVESTAI-E/2026-03/TURIZAM.pdf,2026-07-30,accessible,200,0,application/pdf,2962610,,"Wed, 11 Mar 2026 14:18:00 GMT",1000000,488324225d6201f668b47a23b4551ebcc31c5a990ed1501a04bb231994a7c23e,first 1000000 bytes,initial baseline,not assessed,,true,,
LRS-3A06AC87502C47,RIF RTDI governance page,https://www.research.org.cy/en/strategic-planning/rtdi-governance,https://www.research.org.cy/en/strategic-planning/rtdi-governance/,2026-07-30,redirected-accessible,200,1,text/html; charset=UTF-8,,,,410509,6c183645a77d8d580970390c64b1fb0c59c73583e20c3ea8554a366a47801e12,complete received body,initial baseline,human review required,,true,,redirect requires equivalence review
LRS-3A30A73A8C08DF,DFG press release 20/2025,https://www.dfg.de/en/service/press/press-releases/2025/press-release-no-20,https://www.dfg.de/en/service/press/press-releases/2025/press-release-no-20,2026-07-30,accessible,200,0,text/html;charset=UTF-8,27913,,,331206,ff39c4ea88949cb0e99295f9bd713a56e2c552fa7a8a333d96c0a276611c3062,complete received body,initial baseline,not assessed,,true,,
LRS-3AAAF60F2EE8AF,ENRIO Poland country report,https://www.enrio.eu/country-reports/poland,https://www.enrio.eu/country-reports/poland/,2026-07-30,redirected-accessible,200,1,text/html; charset=UTF-8,14206,,,51402,dbf1803781c351f5449e24a429737aa690b9989a43e53074b17ccbc2ca8e9229,complete received body,initial baseline,human review required,,true,,redirect requires equivalence review
LRS-3AC96DC4B86096,Example opinion (Radman case),https://www.azvo.hr/images/stories/tijela_agencije/oze/Misljenje_-_Radman.pdf,https://www.azvo.hr/images/stories/tijela_agencije/oze/Misljenje_-_Radman.pdf,2026-07-30,accessible,200,0,application/pdf,,"""415a3-613ed66dbc18e-gzip""","Mon, 18 Mar 2024 11:10:14 GMT",267683,1b033a2f03073f9e559a85586da3b9a7a75d82ac0bcc08df10dcdf75ca0992d5,complete received body,initial baseline,not assessed,,true,,
LRS-3B261419A5FBC5,LCS Annex example with PI scientific-ethics duty,https://www.lzp.gov.lv/lv/media/708/download?attachment=,https://www.lzp.gov.lv/lv/media/708/download?attachment=,2026-07-30,accessible,200,0,application/pdf,285216,,"Mon, 18 May 2026 17:10:56 GMT",285216,ab3421443e925531edd91a2b302d11402df01c2bed9f1c4ac50b07e7191378f6,complete received body,initial baseline,not assessed,,true,,
LRS-3B3B80AF5A9728,NWO scientific integrity,https://www.nwo.nl/en/scientific-integrity,https://www.nwo.nl/en/scientific-integrity,2026-07-30,accessible,200,0,text/html; charset=UTF-8,164822,"""1785438301""","Thu, 30 Jul 2026 19:05:01 GMT",164822,cf1e51f415930a497c3265826f3df50de5952726daaac4d6f92a501c39fa1058,complete received body,initial baseline,not assessed,,true,,
LRS-3B49FB8371EACC,EXPRO 2027 Tender Document,https://gacr.cz/wp-content/uploads/2026/03/TD_EXPRO_2027.pdf,https://gacr.cz/wp-content/uploads/2026/03/TD_EXPRO_2027.pdf,2026-07-30,accessible,200,0,application/pdf,2348218,"""23d4ba-64c2f371f86d5""","Wed, 04 Mar 2026 09:12:12 GMT",1000000,62f46b08969268ea912571b52a685ba13c3d4e1372d066cd65208e773829b529,first 1000000 bytes,initial baseline,not assessed,,true,,
LRS-3B52154BE5BE27,PINDARE useful resources,https://pindare.cref.be/fr/integrite-scientifique/integrite-scientifique-ressources-utiles,https://pindare.cref.be/fr/integrite-scientifique/integrite-scientifique-ressources-utiles/,2026-07-30,redirected-accessible,200,1,text/html; charset=utf-8,,,,39177,93559cce2cbab9cb2fa9c655b1f2936c41656356c7a33d98ddde2613a70bd341,complete received body,initial baseline,human review required,,true,,redirect requires equivalence review
LRS-3B77793BDF4F0A,197th General Assembly decisions,https://mta.hu/kozgyules2024/az-mta-197-kozgyulesenek-hatarozatai-113737,https://mta.hu/kozgyules2024/az-mta-197-kozgyulesenek-hatarozatai-113737,2026-07-30,accessible,200,0,text/html; charset=UTF-8,,,,51854,7b60d007b3af3388a46d7337e7442bacddee49f0c3b202b85df45f8475c065d7,complete received body,initial baseline,not assessed,,true,,
LRS-3B9625F9E4CD00,OWID procedural principles,https://ombudsgremium.de/3993/unsere-verfahrensgrundsaetze,https://ombudsgremium.de/3993/unsere-verfahrensgrundsaetze/,2026-07-30,redirected-accessible,200,1,text/html; charset=UTF-8,,,,442978,06d05fd97b68ed42e35594cad8626d6558ca654d97f8f2ba09f4f36bcb5c779b,complete received body,initial baseline,human review required,,true,,redirect requires equivalence review
LRS-3B9EA78E5C210C,Legal regulations page,https://unimediteran.net/univerzitet/legal-regulations?lang=en,https://unimediteran.net/univerzitet/legal-regulations/?lang=en,2026-07-30,redirected-accessible,200,1,text/html; charset=UTF-8,,,,110618,5a43302799f02b536f8877c46ed344c8f98d3dfea6721f3e3a075050590b91c2,complete received body,initial baseline,human review required,,true,,redirect requires equivalence review
LRS-3BB8FBA7BE1821,IRF Final and Annual Reports,https://en.rannis.is/funding/research/icelandic-research-fund/final--annual-reports,https://en.rannis.is/funding/research/icelandic-research-fund/final--annual-reports,2026-07-30,accessible,200,0,text/html;charset=UTF-8,5007,,"Thu, 30 Jul 2026 19:05:03 GMT",24988,1e5568a556ca051ecf2dadc2db7fbba44487e909fb63d56585435891cbe31d15,complete received body,initial baseline,not assessed,,true,,
LRS-3BD8033541825D,Research.gov.ro,https://www.research.gov.ro/wp-content/uploads/2025/04/OMEC_21343_2025-MO.pdf,https://www.research.gov.ro/wp-content/uploads/2025/04/OMEC_21343_2025-MO.pdf,2026-07-30,network-error,,0,,,,,0,,none,initial unavailable baseline,not assessed,,true,fetch failed,network access failed
LRS-3C1BFA4BCF34BA,swissuniversities Annual Report 2024,https://www.swissuniversities.ch/en/organisation/documentation/annual-report-2024,https://www.swissuniversities.ch/en/organisation/documentation/annual-report-2024,2026-07-30,accessible,200,0,text/html; charset=utf-8,30527,,,181886,c625300b3d82b7695dfd8b5d16cf9b113008f3a682afd7db9285f51e9052faea,complete received body,initial baseline,not assessed,,true,,
LRS-3C314BA24416AE,HRK adopts model statute for safeguarding good scientific practice,https://www.hrk.de/positionen/beschluss/detail/mustersatzung-zur-sicherung-guter-wissenschaftlicher-praxis-und-zum-umgang-mit-verdachtsfaellen-wisse,https://www.hrk.de/positionen/beschluss/detail/mustersatzung-zur-sicherung-guter-wissenschaftlicher-praxis-und-zum-umgang-mit-verdachtsfaellen-wisse,2026-07-30,accessible,200,0,text/html;charset=utf-8,29953,,,133427,2a86a498e86492bd4d33381072e2dc4fc5864addaad627a4ab60f394fc340dfe,complete received body,initial baseline,not assessed,,true,,
LRS-3C34E01EA1A421,NRAT regulations page,https://nrat.ukrintei.ua/en/pro-nrat/polozhennya,https://nrat.ukrintei.ua/en/pro-nrat/polozhennya/,2026-07-30,redirected-accessible,200,1,text/html; charset=UTF-8,,,,163275,3e48a6b11cc5718a222fc643c9de334403e1a86464620e111d09e653010238e3,complete received body,initial baseline,human review required,,true,,redirect requires equivalence review
LRS-3C3CAF91F802FD,Ministry of Science and Innovation,https://nitra.gov.rs/en/nauka/kategorizacija-naucnih-casopisa,https://nitra.gov.rs/en/nauka/kategorizacija-naucnih-casopisa,2026-07-30,accessible,200,0,text/html; charset=utf-8,,,"Thu, 30 Jul 2026 19:05:07 GMT",92612,8718766df99a66337825eca81e2cea78171952ce6da205762cd9e3ced02dc008,complete received body,initial baseline,not assessed,,true,,
LRS-3C680BC874717D,USI Ethics Committee,https://www.usi.ch/en/university/organisation/structure/commissions/ethics-committee,https://www.usi.ch/en/university/organisation/structure/commissions/ethics-committee,2026-07-30,accessible,200,0,text/html; charset=utf-8,,,"Thu, 30 Jul 2026 17:46:04 GMT",125391,bfc3ea30df6705681ee40cc1f56f2339aa93d63e86a165f93fe6cc8d1f3d1374,complete received body,initial baseline,not assessed,,true,,
LRS-3C8363DA58180C,RESINT network starts,https://www.sorbonne-universite.fr/universite/politique-detablissement/pour-une-science-en-confiance-responsable-et-ouverte/la,https://www.sorbonne-universite.fr/universite/politique-detablissement/pour-une-science-en-confiance-responsable-et-ouverte/la,2026-07-30,accessible,200,0,text/html; charset=UTF-8,28153,"""1785438304""","Thu, 30 Jul 2026 19:05:04 GMT",225809,9ff2f8a5634effe676bebbd905fb4e9552ca484448e795e90f5063aab6b8c9a8,complete received body,initial baseline,not assessed,,true,,
LRS-3CAE9907F4D881,Gottingen GWP ombuds page,https://www.uni-goettingen.de/de/gute-wissenschaftliche-praxis--ombudsangelegenheiten-/223832.html,https://www.uni-goettingen.de/de/gute-wissenschaftliche-praxis--ombudsangelegenheiten-/223832.html,2026-07-30,accessible,200,0,text/html;charset=UTF-8,,,,65232,d00ce8bc5cde7d54db366a331ee19ef2dcd41d444cb924333032d9e20787ec3f,complete received body,initial baseline,not assessed,,true,,
LRS-3CC209B67521E3,SEEU Rule on Third Cycle Studies,https://www.seeu.edu.mk/files/2019-2020/8/Rule%20on%20Third%20Cycle%20Studies%20-%20consolidated%20text%20MM.pdf,https://www.seeu.edu.mk/files/2019-2020/8/Rule%20on%20Third%20Cycle%20Studies%20-%20consolidated%20text%20MM.pdf,2026-07-30,accessible,200,0,application/pdf,337808,"""696f6d3f-52790""","Tue, 20 Jan 2026 11:55:43 GMT",337808,c7644987a93d1af71989e961d5e4d2e7e0ec82930aeffdf4adbdaa2724a04f89,complete received body,initial baseline,not assessed,,true,,
LRS-3CF252BA50B482,HESC defense process,https://degrees.hesc.am/en/node/540,https://degrees.hesc.am/en/node/540,2026-07-30,accessible,200,0,text/html; charset=UTF-8,,,,50128,4a30bff4739b06bdda894e34d3f9cfa522093cf89992d0689b776de7777ac15b,complete received body,initial baseline,not assessed,,true,,
LRS-3D0A64249CAF10,Law On Protection of Animals from Cruel Treatment,https://zakon.rada.gov.ua/go/3447-15,https://zakon.rada.gov.ua/laws/show/3447-15,2026-07-30,redirected-accessible,200,1,text/html; charset=utf-8,8755,,"Thu, 30 Jul 2026 19:03:45 GMT",34198,a59ea3e2db7cf1edd6756a0e8ee62d92b03c9391727026c3d4480a32bf590ca1,complete received body,initial baseline,human review required,,true,,redirect requires equivalence review
LRS-3D0B4CBF5E4ECC,BELSPO Research Security,https://www.belspo.be/belspo/ResearchSecurity/ethics_en.stm,https://www.belspo.be/belspo/ResearchSecurity/ethics_en.stm,2026-07-30,accessible,200,0,text/html,6502,,,6502,bdbbc94c9dbe786be46e0d9d0d341fa12b07b596fb433ba64bf6f20c454d15f1,complete received body,initial baseline,not assessed,,true,,
LRS-3D2D1C1B5DBC06,SCCSI mandate,https://scientific-integrity.ch/mandate-of-the-competence-centre,https://scientific-integrity.ch/mandate-of-the-competence-centre,2026-07-30,accessible,200,0,text/html;charset=utf-8,,,,121852,855acd6e216e7d2545387a39ae791bc47228673bc2132f702b43c93c3c06066e,complete received body,initial baseline,not assessed,,true,,
LRS-3D386E0201F084,Italian Committee for Bioethics opinions and responses,https://bioetica.governo.it/en/opinions/opinions-responses,https://bioetica.governo.it/en/opinions/opinions-responses,2026-07-30,accessible,200,0,text/html; charset=utf-8,,,,180217,1e2f8bec1bab7bcd7dbb931fcc30649cee1302cc9e4e444eb98f1a9937e8a274,complete received body,initial baseline,not assessed,,true,,
LRS-3D4E98192D9255,JUMC Research Ethics Department,https://nauka.cm-uj.krakow.pl/en/departments/research-ethics-department,https://nauka.cm-uj.krakow.pl/en/departments/research-ethics-department/,2026-07-30,redirected-accessible,200,1,text/html; charset=UTF-8,,,,31622,13b32e809155b5202e8ce618e56df62f1f665c54d2014789b47f819912e3e82e,complete received body,initial baseline,human review required,,true,,redirect requires equivalence review
LRS-3D99D9BD30D960,NAQA annual report 2024,https://en.naqa.gov.ua/wp-content/uploads/2025/05/ANNUAL-REPORT-OF-THE-NATIONAL-AGENCY-FOR-HIGHER-EDUCATION-QUALITY-ASSURANCE-IN-FOR-2024.pdf,https://en.naqa.gov.ua/wp-content/uploads/2025/05/ANNUAL-REPORT-OF-THE-NATIONAL-AGENCY-FOR-HIGHER-EDUCATION-QUALITY-ASSURANCE-IN-FOR-2024.pdf,2026-07-30,accessible,200,0,application/pdf,4413763,"""435943-635282e090260""","Thu, 15 May 2025 08:09:07 GMT",1000000,ed188d7f72c65fed0d0dd05b44db831209cd583f15e785ecef9e8fdb76595d95,first 1000000 bytes,initial baseline,not assessed,,true,,
LRS-3DB80D1CA9F901,CAS Ombudsman guideline adopted,https://www.avcr.cz/export/sites/avcr.cz/.content/galerie-souboru/ombudsmanka/Guideline-CAS-Ombudsman.pdf,https://www.avcr.cz/export/sites/avcr.cz/.content/galerie-souboru/ombudsmanka/Guideline-CAS-Ombudsman.pdf,2026-07-30,accessible,200,0,application/pdf,289528,"""46af8-64ac73a24a046""","Sat, 14 Feb 2026 11:43:14 GMT",289528,915584a00068f90dce5b8daea289ecaf5d95d5c9d987680df4f0f9b6f3cb2cec,complete received body,initial baseline,not assessed,,true,,
LRS-3DB917C4660138,Marine Institute Code of Conduct,https://www.marine.ie/site-area/about-us/code-conduct,https://www.marine.ie/site-area/about-us/code-conduct,2026-07-30,accessible,200,0,text/html; charset=UTF-8,59473,"""1785437078""","Thu, 30 Jul 2026 18:44:38 GMT",59473,215584dc8af21c2ba98d08ca218a3e3a1e2642d72543552311ea5cb2f5bbdb34,complete received body,initial baseline,not assessed,,true,,
LRS-3DC21150933A10,Slovenian Intellectual Property Office,https://www.gov.si/en/state-authorities/bodies-within-ministries/slovenian-intellectual-property-office,https://www.gov.si/en/state-authorities/bodies-within-ministries/slovenian-intellectual-property-office,2026-07-30,accessible,200,0,text/html; charset=utf-8,10291,"""769db8f5b502a489badbeb06dc3e0a0a""",,43799,7145590f1ab2782701b19c0e93697c6d4e4b676a70eec109d1aabe65aa6c8b88,complete received body,initial baseline,not assessed,,true,,
LRS-3DD022A5084ABA,Research Integrity Reporting Desk,https://research.kuleuven.be/en/integrity-ethics/integrity/desk,https://research.kuleuven.be/en/integrity-ethics/integrity/desk,2026-07-30,accessible,200,0,text/html;charset=utf-8,,,"Thu, 26 Sep 2024 15:30:13 GMT",23791,afbba64f09e00bdc3a1541cb62117c46d6ee21fe2bc07c487957a64fe1243a4b,complete received body,initial baseline,not assessed,,true,,
LRS-3DD9B9B16ECC11,TUU scientific integrity,https://tuu.nl/en/research/scientific-integrity,https://tuu.nl/en/research/scientific-integrity/,2026-07-30,redirected-accessible,200,1,text/html; charset=UTF-8,13777,,"Thu, 30 Jul 2026 12:14:01 GMT",73729,7f969ba5757fbcd4b310f772c72ee6582f1f9a976435a611a2693650af58a705,complete received body,initial baseline,human review required,,true,,redirect requires equivalence review
LRS-3DDD88A1D9E4CE,CSIC 2021 Code of Good Scientific Practice news,https://www.csic.es/es/actualidad-del-csic/el-csic-publica-su-nuevo-codigo-de-buenas-practicas-cientificas,https://www.csic.es/es/actualidad-del-csic/el-csic-publica-su-nuevo-codigo-de-buenas-practicas-cientificas,2026-07-30,accessible,200,0,text/html; charset=UTF-8,,,,135147,ffa4294623e3d42025aebb624f11e3a3052e25310311ff86db6e72eb76c7b959,complete received body,initial baseline,not assessed,,true,,
LRS-3DEF074E8F2272,HESC councils directory,https://degrees.hesc.am/en/councils,https://degrees.hesc.am/en/councils,2026-07-30,accessible,200,0,text/html; charset=UTF-8,,,,103236,623da7a121d02c189e614131b219757d1961a3a85632014751a557e19da008ae,complete received body,initial baseline,not assessed,,true,,
LRS-3DF308823409B1,AKBPM medicines law PDF,https://akbpm.gov.al/wp-content/uploads/2023/12/ligj-2014-07-31-105_perditesuar-13.pdf,https://akbpm.gov.al/wp-content/uploads/2023/12/ligj-2014-07-31-105_perditesuar-13.pdf,2026-07-30,accessible,200,0,application/pdf,303877,,"Thu, 14 Dec 2023 09:00:19 GMT",303877,09abac48fb03c0842829b7a04c09cd055483ff8ab8c0139a842e6d06116bc72e,complete received body,initial baseline,not assessed,,true,,
LRS-3E178FD8501976,YÖK İstatistik,https://istatistik.yok.gov.tr/,https://istatistik.yok.gov.tr/,2026-07-30,accessible,200,0,text/html;charset=UTF-8,3601,,,18152,46a836efe3127e661c6b130e33dc4354a94bb7f2c28282104b4e5eb006c00a41,complete received body,initial baseline,not assessed,,true,,
LRS-3E1F35C1E20357,Good Research Practice - new edition,https://www.vr.se/english/mandates/ethics/good-research-practice---new-edition.html,https://www.vr.se/english/mandates/ethics/good-research-practice---new-edition.html,2026-07-30,accessible,200,0,text/html;charset=UTF-8,,,,68207,3d0133fda1381e0ac49c0fa5c5e740951d0c7574ef250c5356cddbaf07828996,complete received body,initial baseline,not assessed,,true,,
LRS-3E611E7734FC35,Methodological recommendation for cooperation with third parties,https://msmt.gov.cz/uploads/311/METODOLOGICAL_RECOMMENDATION_FOR_RESEARCH_SECURITY_DUE_DILIGENCE_AND_RISK_MANAGEMENT_IN_COOPERATION_WITH_THIRD_PARTIES.pdf,https://msmt.gov.cz/uploads/311/METODOLOGICAL_RECOMMENDATION_FOR_RESEARCH_SECURITY_DUE_DILIGENCE_AND_RISK_MANAGEMENT_IN_COOPERATION_WITH_THIRD_PARTIES.pdf,2026-07-30,accessible,200,0,application/pdf,915520,"""e783f-df840-62ba93e638678""","Tue, 14 Jan 2025 11:55:56 GMT",915520,d7dbd23194e5ec7170ec986cd16c8cb501727b485a53b38d9fa491241fbbfc5d,complete received body,initial baseline,not assessed,,true,,
LRS-3E8604F1991AAD,DNRF research integrity,https://dg.dk/en/research-integrity,https://dg.dk/en/research-integrity/,2026-07-30,redirected-accessible,200,1,text/html; charset=UTF-8,,,,51725,6e9cb2541973ee7a8487bc18c2830527bca96f402bb716f78304c206e44211d5,complete received body,initial baseline,human review required,,true,,redirect requires equivalence review
LRS-3EC477064211DC,2015 norms for project evaluation under Law 43/2014,https://legislatie.just.ro/Public/DetaliiDocument/219255,https://legislatie.just.ro/Public/DetaliiDocument/219255,2026-07-30,network-error,,0,,,,,0,,none,initial unavailable baseline,not assessed,,true,fetch failed,network access failed
LRS-3EE1EE09BEB9C6,UCPH Practice Committee Annual Report 2024,https://praksisudvalget.ku.dk/publikationer/_rsberetning_2024_Praksisudvalget_K_benhavns_Universitet.pdf,https://praksisudvalget.ku.dk/publikationer/_rsberetning_2024_Praksisudvalget_K_benhavns_Universitet.pdf,2026-07-30,accessible,200,0,application/pdf,633388,"""9aa2c-631f0b2316b82""","Fri, 04 Apr 2025 09:41:51 GMT",633388,03ad4ea430c06dbbdddcc10cdb353f69c51d2c3b991f56d42e427c02397a87db,complete received body,initial baseline,not assessed,,true,,
LRS-3EF2E3696CBDDC,Framework Law on scientific-research activity,https://propisi.ks.gov.ba/sites/propisi.ks.gov.ba/files/Okvirni_zakon_o_osnovama_naucno-istrazivacke_djelatnosti_i_koordinaciji.pdf,https://propisi.ks.gov.ba/sites/propisi.ks.gov.ba/files/Okvirni_zakon_o_osnovama_naucno-istrazivacke_djelatnosti_i_koordinaciji.pdf,2026-07-30,network-error,,0,,,,,0,,none,initial unavailable baseline,not assessed,,true,fetch failed,network access failed
LRS-3EFB7AFD198A91,Law on Scientific Research Activity,https://www.gov.me/en/documents/dd3251ce-3ead-4b78-97bc-f9f0af60fbdd,https://www.gov.me/en/documents/dd3251ce-3ead-4b78-97bc-f9f0af60fbdd,2026-07-30,accessible,200,0,text/html; charset=utf-8,449597,"W/""6dc3d-PubQEpxZxHzg2Q+tc8pKYyNVTgg""",,449597,3fcb7e00a695851f037452a175973250e49ba8239457cc7744d384b99c61ac73,complete received body,initial baseline,not assessed,,true,,
LRS-3F0CC884E7874B,Meetings and documents,https://vaia.gov.sk/sk/rada-vlady-pre-vedu-techniku-a-inovacie/narodna-eticka-komisia/zasadnutia-a-dokumenty-nkvie,https://vaia.gov.sk/sk/rada-vlady-pre-vedu-techniku-a-inovacie/narodna-eticka-komisia/zasadnutia-a-dokumenty-nkvie/,2026-07-30,redirected-accessible,200,1,text/html; charset=UTF-8,21837,,,117428,956607d448ef8c3058baf67a38b92c501d2b0f6a8739205f5fa9f8a3bdb543c1,complete received body,initial baseline,human review required,,true,,redirect requires equivalence review
LRS-3F0D736FBAE907,Queen's Belfast research integrity,https://www.qub.ac.uk/Research/Governance-ethics-and-integrity/Research-integrity,https://www.qub.ac.uk/Research/Governance-ethics-and-integrity/Research-integrity,2026-07-30,http-error,403,0,text/html,919,,,919,617c8ec83d0efab928ae9b49da831ebb1e07e6ce6faa1c7face1287b933dd447,complete received body,initial baseline,not assessed,,true,,HTTP 403
LRS-3F177F2817F512,Faculty of Philosophy,https://www.ff.uns.ac.rs/en/faculty/faculty-bodies/ethical-committee,https://www.ff.uns.ac.rs/en/faculty/faculty-bodies/ethical-committee,2026-07-30,accessible,200,0,text/html; charset=utf-8,,"W/""fb9322ebb009271ed422b7ca05a7febe""",,26621,fb9322ebb009271ed422b7ca05a7febe0f5e1907e407aa30dee4c4b99d0260cb,complete received body,initial baseline,not assessed,,true,,
LRS-3F2BFFD1044A10,Code of Ethics of Estonian Scientists,https://www.akadeemia.ee/wp-content/uploads/2020/06/code_ethics2002-3.pdf,https://www.akadeemia.ee/wp-content/uploads/2020/06/code_ethics2002-3.pdf,2026-07-30,accessible,200,0,application/pdf,47698,"""ba52-5a96fa0338d63""","Thu, 02 Jul 2020 06:36:17 GMT",47698,cab3247c70c4a653465a9392592ac42046054006059863dd1fe5cd09dde91969,complete received body,initial baseline,not assessed,,true,,
LRS-3F45FA48BD2B91,Marine Institute Research Call 2025 Guidelines,https://www.marine.ie/sites/default/files/MIFiles/Docs/ResearchFunding/Marine%20Institute%20Research%20Call%202025%20Guidelines%20for%20Applicants_1.pdf,https://www.marine.ie/sites/default/files/MIFiles/Docs/ResearchFunding/Marine%20Institute%20Research%20Call%202025%20Guidelines%20for%20Applicants_1.pdf,2026-07-30,accessible,200,0,application/pdf,802258,"""c3dd2-6402a687036c3""","Thu, 02 Oct 2025 10:25:45 GMT",802258,e88eef8b056fa97349cb08afaa0a299b2f671bdf61aaac1f717937ba02355b47,complete received body,initial baseline,not assessed,,true,,
LRS-3F60890AF6BC3B,DFG good research practice page,https://www.dfg.de/en/basics-topics/basics-and-principles-of-funding/good-research-practice,https://www.dfg.de/en/basics-topics/basics-and-principles-of-funding/good-research-practice,2026-07-30,accessible,200,0,text/html;charset=UTF-8,27420,,,339734,59167866db4813dfeebfc51bc950e8e694c4e8e28bacbcf4d37e5390d5c3829f,complete received body,initial baseline,not assessed,,true,,
LRS-3F60E73C2ABBA5,LERU member page,https://www.leru.org/members,https://www.leru.org/members,2026-07-30,accessible,200,0,text/html; charset=UTF-8,,,,44237,589de07eb47251ba50c4c97a9fa47808d36d0cef722530a71f432d068fb44289,complete received body,initial baseline,not assessed,,true,,
LRS-3F8505EA790C48,NAIN,https://www.qqi.ie/national-academic-integrity-network,https://www.qqi.ie/national-academic-integrity-network,2026-07-30,accessible,200,0,text/html; charset=utf-8,119910,,,119910,08717ac908eb367efe7c47cd46874160e6395d018e4ee6f6be8c96715f567c0e,complete received body,initial baseline,not assessed,,true,,
LRS-3FAA5D6A12A0FE,Responsible Research Barometer 2022,https://etikostarnyba.lt/wp-content/uploads/2022/08/Atsakingo-mokslo-barometras-2022.pdf,https://etikostarnyba.lt/wp-content/uploads/2022/08/Atsakingo-mokslo-barometras-2022.pdf,2026-07-30,accessible,200,0,application/pdf,1787636,,"Fri, 19 Aug 2022 12:09:51 GMT",1000000,cedacdeec993a76318c89bd4c663b02d7e3a898ee5321e5a88fcbd25a5f20978,first 1000000 bytes,initial baseline,not assessed,,true,,
LRS-3FB5CF27AAC695,Data Protection Authority provvedimenti,https://www.garanteprivacy.sm/pub1/garante/provvedimenti.html,https://www.garanteprivacy.sm/pub1/garante/provvedimenti.html,2026-07-30,accessible,200,0,text/html;charset=UTF-8,3704,,"Thu, 30 Jul 2026 15:38:05 GMT",16110,d8922d309357a4a1964bff9e5c80e9e6bb384be588b43f72af329e8653c9fb57,complete received body,initial baseline,not assessed,,true,,
LRS-3FBA33CA2A4194,University of Rijeka Vijece casti,https://uniri.hr/o-sveucilistu/struktura/vijece-casti,https://uniri.hr/o-sveucilistu/struktura/vijece-casti/,2026-07-30,redirected-accessible,200,1,text/html; charset=UTF-8,20977,,,101811,fb4266544f86748cdc04d63e5f86fe712fb168bab5b382b243fec9cb0d0526a9,complete received body,initial baseline,human review required,,true,,redirect requires equivalence review
LRS-3FF2ADF795EBCB,MedIC Clinical Trials Unit,https://medicine.euc.ac.cy/clinical-trials-unit-ctu,https://medicine.euc.ac.cy/clinical-practice/ctu/,2026-07-30,redirected-accessible,200,1,text/html; charset=UTF-8,,,"Mon, 27 Jul 2026 09:10:04 GMT",154923,2a01286604a838e8e23409050fc7cfb6f45c4c32ea1aee6553eb75844f07cb14,complete received body,initial baseline,human review required,,true,,redirect requires equivalence review
LRS-402F783CB77723,LOWI advice 2022-03/04,https://lowi.nl/advies-2022-03-en-04,https://lowi.nl/advies-2022-03-en-04/,2026-07-30,redirected-accessible,200,1,text/html; charset=UTF-8,,,,111632,fb3435d73880343f1976b04727751001ff3497cfd3cb2fedf5e86f2d40a7fdff,complete received body,initial baseline,human review required,,true,,redirect requires equivalence review
LRS-404C206E897946,UniRSM research page,https://www.unirsm.sm/ricerca,https://www.unirsm.sm/ricerca/,2026-07-30,redirected-accessible,200,1,text/html; charset=UTF-8,16185,,,85893,cfcbab5543c4a0e95959a6e55abc4a29e2f6082af068581767c618bb5f1d15d0,complete received body,initial baseline,human review required,,true,,redirect requires equivalence review
LRS-405A423A46B049,BPOS publishing instructions,https://bpos.bg/assets/documents/Instructions%20on%20publishing.pdf,https://bpos.bg/assets/documents/Instructions%20on%20publishing.pdf,2026-07-30,accessible,200,0,application/pdf,154455,"""1d9afed54dee9d7""","Thu, 06 Jul 2023 09:36:25 GMT",154455,3622677c3a1a6a4562259d0d4c9f465b3e0650d71ce2924ea2ffde657cd96a77,complete received body,initial baseline,not assessed,,true,,
LRS-4078BDD4938978,UCPH Code of Conduct for Responsible Research,https://research.ku.dk/integrity/code-of-conduct,https://research.ku.dk/integrity/code-of-conduct,2026-07-30,accessible,200,0,text/html; charset=utf-8,,"""143dd-6574f9075616c""","Thu, 23 Jul 2026 23:24:57 GMT",82909,fd42dda8a13889711bebd8dbb4ea39da972dd95d8d6662b2760c17ce367b7e3c,complete received body,initial baseline,not assessed,,true,,
LRS-40A659C67B779A,AQUA appeals page,https://www.aqua.ad/avaluacions-4,https://www.aqua.ad/avaluacions-4,2026-07-30,accessible,200,0,text/html; charset=UTF-8,,"W/""1785327990""","Wed, 29 Jul 2026 12:26:30 GMT",45529,f592d8075eea030d5983835c98118104c1a274b2adf68e6876ae9b56b4caa0dd,complete received body,initial baseline,not assessed,,true,,
LRS-417473D263BC3D,Ethics issues guidelines,https://ncn.gov.pl/sites/default/files/pliki/regulaminy/2021_12_wytyczne_dla_wnioskodawcow_kwestie_etyczne_ang.pdf,https://ncn.gov.pl/sites/default/files/pliki/regulaminy/2021_12_wytyczne_dla_wnioskodawcow_kwestie_etyczne_ang.pdf,2026-07-30,http-error,302,6,text/html,122,,,122,6cc120b593014e69127b195267e0f185fcb643aba49be1eb87c58f15fd1bdb10,complete received body,initial baseline,human review required,,true,,redirect requires equivalence review | HTTP 302
LRS-4177912F323EB0,IIMCB Support for Researchers,https://career.iimcb.gov.pl/support-for-researchers,https://career.iimcb.gov.pl/support-for-researchers/,2026-07-30,redirected-accessible,200,1,text/html; charset=UTF-8,83521,,,233761,f1b1c95fabb8b06022b8269714168c87e5a83e43aaba9c1555ab62a6ba5e3826,complete received body,initial baseline,human review required,,true,,redirect requires equivalence review
LRS-4178066F7D90F4,Guidelines on ethical use of AI,https://etikostarnyba.lt/wp-content/uploads/2024/08/Guidelines-on-the-ethical-use-of-artificial-intelligence-in-education-and-research.pdf,https://etikostarnyba.lt/wp-content/uploads/2024/08/Guidelines-on-the-ethical-use-of-artificial-intelligence-in-education-and-research.pdf,2026-07-30,accessible,200,0,application/pdf,145235,,"Mon, 26 Aug 2024 05:52:35 GMT",145235,cafc83895ca0e2996cc352f51e59866f80b4bf270b6203801ed09fd34efb7853,complete received body,initial baseline,not assessed,,true,,
LRS-41914B8AA60FA9,CER-PS functioning rules,https://www.universite-paris-saclay.fr/sites/default/files/2020-01/fonctionnement-cer-2018-10-17_0.pdf,https://www.universite-paris-saclay.fr/sites/default/files/2020-01/fonctionnement-cer-2018-10-17_0.pdf,2026-07-30,accessible,200,0,application/pdf,117659,,"Thu, 20 Feb 2020 10:06:45 GMT",117659,88553739d8410e1f57de5549cfe6d292621be1fa9654b2caad046bec2ae88a23,complete received body,initial baseline,not assessed,,true,,
LRS-41A0F455D4DA64,Code of Ethical Conduct of the University of Maribor,https://www.um.si/wp-content/uploads/2022/07/Code-of-Ethical-Conduct-of-the-University-of-Maribor.pdf,https://www.um.si/wp-content/uploads/2022/07/Code-of-Ethical-Conduct-of-the-University-of-Maribor.pdf,2026-07-30,accessible,200,0,application/pdf,,"""3767e-5ff5327b95465-gzip""","Fri, 30 Jun 2023 06:44:57 GMT",226942,3d346b7ec841fb8cec2efd005131f632ab5f4c8c4736a456c34b645b00e1597a,complete received body,initial baseline,not assessed,,true,,
LRS-41AB71E075A421,Current Research Ethics Act enters into force,https://www.forskningsetikk.no/en/resources/the-research-ethics-library/legal-statutes-and-guidelines/the-act-on-ethics-and-integrity-in-research,https://www.forskningsetikk.no/en/resources/the-research-ethics-library/legal-statutes-and-guidelines/the-act-on-ethics-and-integrity-in-research,2026-07-30,accessible,200,0,text/html; charset=utf-8,,,,18637,04df5fc10d5cb22e5c5381d96c4e9a553bd8df496b447224ffce323371c40997,complete received body,initial baseline,not assessed,,true,,
LRS-4216943B402C45,Parliamentary answer on committees and possible consolidation,https://www.althingi.is/altext/154/s/1800.html,https://www.althingi.is/altext/154/s/1800.html,2026-07-30,accessible,200,0,text/html;charset=UTF-8,,,"Thu, 30 Jul 2026 19:05:15 GMT",73036,cc7c2ecd6ba1695427c84e0a35c184c21ef12f4d26d3e4834253374d093142be,complete received body,initial baseline,not assessed,,true,,
LRS-42233F49AC7AAB,First Research Integrity in Norway (RINO) report,https://www.forskningsetikk.no/en/resources/topic-research-misconduct,https://www.forskningsetikk.no/en/resources/topic-research-misconduct,2026-07-30,accessible,200,0,text/html; charset=utf-8,,,,28458,926b217a11f3d4fb3ac35950636a5f6bb3c689141cc169ff6a8abdeba050f31f,complete received body,initial baseline,not assessed,,true,,
LRS-4239DEE2A293B6,UAMD information and documents page,https://uamd.edu.al/informacione-dhe-dokumenta2,https://uamd.edu.al/informacione-dhe-dokumenta2/,2026-07-30,redirected-accessible,200,1,text/html; charset=UTF-8,,,,99011,8022575109db75219b43a87bee2bb39afd0bec4743af150ee2efa5d9bf810a76,complete received body,initial baseline,human review required,,true,,redirect requires equivalence review
LRS-424757DBCEA833,JCU thesis-plagiarism statement 12 April 2023,https://www.jcu.cz/images/UNIVERZITA/organy/eticka-komise-ju/stanovisko-eticke-komise-ju-bc_-klika_final.pdf,https://www.jcu.cz/images/UNIVERZITA/organy/eticka-komise-ju/stanovisko-eticke-komise-ju-bc_-klika_final.pdf,2026-07-30,http-error,404,0,text/html; charset=utf-8,,,"Thu, 30 Jul 2026 19:05:15 GMT",20577,5dd426bf1ac2dd1fd26df1b15e00a14a858774b0888cd9eac0a2ce3ee543277e,complete received body,initial baseline,not assessed,,true,,HTTP 404
LRS-4287AD3BA4BE57,Council issues recommendations to research and higher-education organizations,https://www.gov.si/assets/ministrstva/MVZI/Znanost/Etika-in-integriteta-v-znanosti/Priporocila-raziskovalnim-in-visokosolskim-organizacijam-glede-ureditve-podrocja-raziskovalne-integritete.pdf,https://www.gov.si/assets/ministrstva/MVZI/Znanost/Etika-in-integriteta-v-znanosti/Priporocila-raziskovalnim-in-visokosolskim-organizacijam-glede-ureditve-podrocja-raziskovalne-integritete.pdf,2026-07-30,accessible,200,0,application/pdf,141788,"""229dc-639a1e1ba075e""","Fri, 11 Jul 2025 07:01:39 GMT",141788,395ad19e8f33d5ae529c3504e1b26ff661f948f4517bb7301d34f62874f20729,complete received body,initial baseline,not assessed,,true,,
LRS-429E5ACC288BE2,AZV CR VES 2025 tender documentation,https://www.azvcr.cz/wp-content/uploads/2024/10/ZD-VES-2025-EN.pdf,https://www.azvcr.cz/wp-content/uploads/2024/10/ZD-VES-2025-EN.pdf,2026-07-30,accessible,200,0,application/pdf,,"W/""ea038-623e7a1057136""","Mon, 07 Oct 2024 19:00:06 GMT",958520,94425dcb6b93bd1ae2332bcec40a2473c2a92b045524694db511e4aad41e9543,complete received body,initial baseline,not assessed,,true,,
LRS-42AFD03681593A,IRF Handbook 2026,https://en.rannis.is/media/rannsoknasjodur/IRF_Handbook.pdf,https://en.rannis.is/media/rannsoknasjodur/IRF_Handbook.pdf,2026-07-30,accessible,200,0,application/pdf,566242,,"Wed, 21 May 2025 11:34:36 GMT",566242,6aa6a3529d34672a79a97e1a6a4f0bd746d0443b98381c5f7174ac1205fd1763,complete received body,initial baseline,not assessed,,true,,
LRS-42B9E1C4E9DA21,RTU Research Ethics Committee,https://www.rtu.lv/en/research/research-ethics-committee-of-rtu,https://www.rtu.lv/en/research/research-ethics-committee-of-rtu,2026-07-30,http-error,403,0,text/html; charset=UTF-8,,,,5789,b98a582fffcd1a203d4bcc8fd4315c7a870b15b264c401f5b90e5866c0563a46,complete received body,initial baseline,not assessed,,true,,HTTP 403
LRS-430AB42FEC13CA,Results of investigation into plagiarism accusations,https://www.snf.ch/en/a6HYHTbiHpsk2ET6/news/results-of-investigation-into-plagiarism-accusations,https://www.snf.ch/en/a6HYHTbiHpsk2ET6/news/results-of-investigation-into-plagiarism-accusations,2026-07-30,accessible,200,0,text/html; charset=utf-8,,"""khqnaosg0449i1""",,198951,bbc53f1e34ce8eaf8b0fde8a33311b05fed4f5641a4e8f0f9a5807bcefee1508,complete received body,initial baseline,not assessed,,true,,
LRS-4382F9398DC86E,NAQA Ethics Committee adopts decision No. 59 (195) on plagiarism and fabrication in a doctoral dissertation route,https://naqa.gov.ua/wp-content/uploads/2025/11/%D0%A0%D1%96%D1%88%D0%B5%D0%BD%D0%BD%D1%8F-59-195.pdf,https://naqa.gov.ua/wp-content/uploads/2025/11/%D0%A0%D1%96%D1%88%D0%B5%D0%BD%D0%BD%D1%8F-59-195.pdf,2026-07-30,accessible,200,0,application/pdf,276396,"""437ac-6449000970bb4""","Thu, 27 Nov 2025 09:18:56 GMT",276396,49c5374a7e19ca59ec4e5e0ba9e4f60a9a22bcdeda182b313afc3bccb07eb891,complete received body,initial baseline,not assessed,,true,,
LRS-43ABBDAE9208A9,NCRTI page,https://gsri.gov.gr/en/esetek-english,https://gsri.gov.gr/en/esetek-english,2026-07-30,network-error,,0,,,,,0,,none,initial unavailable baseline,not assessed,,true,fetch failed,network access failed
LRS-43DD7C2EBC42BC,UB Code of Conduct for Research Integrity,https://www.ub.edu/comissiobioetica/sites/default/files/documents/normativa/codi_dintegritat_en_la_recerca_de_la_universitat_de_barcelona.pdf,https://www.ub.edu/comissiobioetica/sites/default/files/documents/normativa/codi_dintegritat_en_la_recerca_de_la_universitat_de_barcelona.pdf,2026-07-30,accessible,200,0,application/pdf,3013769,"""2dfc89-5fc0882ecd5a9""","Fri, 19 May 2023 09:26:10 GMT",1000000,b098df3493b34e69eab18f34fd6e5da94f26dc36eb6b23f15f4c47442951b95d,first 1000000 bytes,initial baseline,not assessed,,true,,
LRS-43E81134902564,Code of Ethics for Scientific Research in Belgium,https://www.belspo.be/belspo/organisation/publ/pub_ostc/Eth_code/ethcode_en.pdf,https://www.belspo.be/belspo/organisation/publ/pub_ostc/Eth_code/ethcode_en.pdf,2026-07-30,accessible,200,0,application/pdf,2713459,"""b1e89f34290ca1:0""","Fri, 08 Jan 2010 09:14:16 GMT",1000000,c8cb00e2aabeb36402088678b89c2390938db5c6a967a5f8c9e4e2abdfcf99c9,first 1000000 bytes,initial baseline,not assessed,,true,,
LRS-43FD13E37081DA,Oxford research integrity,https://www.ox.ac.uk/research/support/research-culture/research-practice/research-integrity,https://www.ox.ac.uk/research/support/research-culture/research-practice/research-integrity,2026-07-30,accessible,200,0,text/html; charset=UTF-8,,,"Thu, 30 Jul 2026 19:05:16 GMT",263609,0fde80c42910b256d4fce6f7fb457550ac8692a636b3026d359ed7aa1e800b89,complete received body,initial baseline,not assessed,,true,,
LRS-442E1493BDF84D,CEEI admission instructions,https://www.ciencia.gob.es/dam/jcr%3Ac5683944-1d37-4feb-a1cb-4d58676dc09c/InstruccionAdmisionCEEI_311024.pdf,https://www.ciencia.gob.es/dam/jcr%3Ac5683944-1d37-4feb-a1cb-4d58676dc09c/InstruccionAdmisionCEEI_311024.pdf,2026-07-30,network-error,,0,,,,,0,,none,initial unavailable baseline,not assessed,,true,fetch failed,network access failed
LRS-443A23B09B80EA,IICT BAS,https://iict.bas.bg/docs/phd-docs/act-on-development-acad-staff_022023.pdf,https://iict.bas.bg/docs/phd-docs/act-on-development-acad-staff_022023.pdf,2026-07-30,accessible,200,0,application/pdf,141854,"""68662f3a-22a1e""","Thu, 03 Jul 2025 07:20:26 GMT",141854,f2a60200d59c61558c02ad750959000795b20239ed7948d631f729eb69b2fe83,complete received body,initial baseline,not assessed,,true,,
LRS-4454E28619E793,Analysis of the legal framework for Open Science in Austria,https://www.bmbwf.gv.at/dam/jcr:8e3c899e-60c9-4841-83a2-da20d47a5a5c/Open_Science_Analyse_der_rechtlichen_Rahmenbedingungen_in_%C3%96sterreich_%C5%A0korjanc%2C_Endbericht_%28Okt_2023%29_2023-12-17.pdf,"https://www.bmb.gv.at/dam/jcr:8e3c899e-60c9-4841-83a2-da20d47a5a5c/Open_Science_Analyse_der_rechtlichen_Rahmenbedingungen_in_%c3%96sterreich_%c5%a0korjanc,_Endbericht_(Okt_2023)_2023-12-17.pdf",2026-07-30,redirected-accessible,200,1,application/pdf;charset=UTF-8,4218298,,"Thu, 05 Dec 2024 12:54:30 GMT",1000000,7bfac145822177edb6d990d7a509bf054abd8008227f405fc5488ded5f6f714e,first 1000000 bytes,initial baseline,human review required,,true,,redirect requires equivalence review
LRS-449036628F5918,KNAW complaints regulation 2024,https://storage.knaw.nl/2024-07/2024_Klachtenregeling_wetenschappelijke_integriteit_KNAW_def.pdf,https://storage.knaw.nl/2024-07/2024_Klachtenregeling_wetenschappelijke_integriteit_KNAW_def.pdf,2026-07-30,accessible,200,0,application/pdf,,"W/""1411f5b9c1dfd851aebbc620fa9c07ec""","Tue, 26 Nov 2024 07:09:05 GMT",179554,10cb761bf65065f742ed9fda7be0b20300643bb7665e289d8ab1324dc7a3a9d4,complete received body,initial baseline,not assessed,,true,,
LRS-449A5E59B4C1AF,April-July 2024 positive-opinion table,https://old.eof.gr/c/document_library/get_file?groupId=12225&uuid=d21eb517-6296-43f8-9962-55fbf1392def,https://old.eof.gr/c/document_library/get_file?groupId=12225&uuid=d21eb517-6296-43f8-9962-55fbf1392def,2026-07-30,accessible,200,0,application/pdf;charset=UTF-8,208060,,,208060,4c0fbba41e00329e42f7955baed560ac5625a9271df22e51fbb38403c25254b6,complete received body,initial baseline,not assessed,,true,,
LRS-44C7D166EE9A5F,EDI Code of Ethics,https://www.edi.lv/wp-content/uploads/2024/12/Etikas_kodekss_2024.pdf,https://www.edi.lv/wp-content/uploads/2024/12/Etikas_kodekss_2024.pdf,2026-07-30,accessible,200,0,application/pdf,1462171,"""164f9b-628884fd1a343""","Thu, 05 Dec 2024 16:23:00 GMT",1000000,144cf6dd8c9f576ffaa3641f06b3d3df2f9c78113c08f9057481dc1be69b746b,first 1000000 bytes,initial baseline,not assessed,,true,,
LRS-44E0C427E5E377,Act No. 90/2018,https://www.personuvernd.is/media/uncategorized/Act_No_90_2018_on_Data_Protection_and_the_Processing_of_Personal_Data.pdf,https://island.is/redirects/www.personuvernd.is/media/uncategorized/Act_No_90_2018_on_Data_Protection_and_the_Processing_of_Personal_Data.pdf,2026-07-30,http-error,404,1,text/html; charset=utf-8,,"""17y30ka6k371t5b""",,85528,4f8de14bd79871813b93671ab9a0dab57f28016b8a18fb6cdb68ef367c2ac11a,complete received body,initial baseline,human review required,,true,,redirect requires equivalence review | HTTP 404
LRS-44F1C360C44C5D,Fitr,https://fitr.mk/wp-content/uploads/2022/05/Pravilnik-tehnoloshki-razvoj-za-zabrzan-ekonomski-rast-ENG.pdf,https://fitr.mk/wp-content/uploads/2022/05/Pravilnik-tehnoloshki-razvoj-za-zabrzan-ekonomski-rast-ENG.pdf,2026-07-30,network-error,,0,,,,,0,,none,initial unavailable baseline,not assessed,,true,fetch failed,network access failed
LRS-44FF4FED8C44A8,NTUA ENERI project page,https://www.elke.ntua.gr/en/research_project/eneri-european-network-of-research-ethics-and-research-integrity-2,https://www.elke.ntua.gr/en/research_project/eneri-european-network-of-research-ethics-and-research-integrity-2/,2026-07-30,redirected-accessible,200,1,text/html; charset=UTF-8,15437,,,76737,6ecf25a5b4477e79b32d197a773cd8668721757879f168b3c614269118a2b689,complete received body,initial baseline,human review required,,true,,redirect requires equivalence review
LRS-4506177ECDD013,BSEU expert council regulation,https://nir.bseu.by/podgotovka/sovet/polog_exp_sovet.pdf,https://nir.bseu.by/podgotovka/sovet/polog_exp_sovet.pdf,2026-07-30,accessible,200,0,application/pdf,263266,"""f2d235ebd158d91:7ea""","Fri, 17 Mar 2023 13:11:00 GMT",263266,149ce35abfce9144c621ef466a591b3a5dc8c8025bdeb373a7b4dfc4563bbc02,complete received body,initial baseline,not assessed,,true,,
LRS-45277C39D8179C,AIP about page,https://aip.rks-gov.net/en/about-us,https://aip.rks-gov.net/en/about-us/,2026-07-30,redirected-accessible,200,1,text/html; charset=UTF-8,15967,,,67812,cb3ccd3c1caf89a116994b2e8ad90f8e75aefbe5b2b93ec7ac7e25a49f3adc4e,complete received body,initial baseline,human review required,,true,,redirect requires equivalence review
LRS-453E272751A17D,Department for the Economy Northern Ireland research culture and concordats,https://www.economy-ni.gov.uk/articles/uk-higher-education-research-culture-and-research-related-concordats,https://www.economy-ni.gov.uk/articles/uk-higher-education-research-culture-and-research-related-concordats,2026-07-30,accessible,200,0,text/html; charset=UTF-8,11054,"""1785245681""","Tue, 28 Jul 2026 13:34:41 GMT",39953,ae485c5eedbe48ae6c201e381e99c2c1042ffda5f8de7f8fec7002bdd7372f51,complete received body,initial baseline,not assessed,,true,,
LRS-4549916F36059E,ETAG Research Ethics Committee page,https://etag.ee/en/research-culture/research-integrity/research-ethics-committee,https://etag.ee/en/research-culture/research-integrity/research-ethics-committee/,2026-07-30,redirected-accessible,200,1,text/html; charset=UTF-8,33690,,"Thu, 30 Jul 2026 18:35:51 GMT",142718,37490542fe84deb625eceffb4fef898007772786afdc1c836fee1219a814e463,complete received body,initial baseline,human review required,,true,,redirect requires equivalence review
LRS-456F59B1FF9E62,RSU Academic Integrity Policy,https://www.rsu.lv/sites/default/files/imce/Documents/academic_integrity_policy_21022023_senata_eng.pdf,https://www.rsu.lv/sites/default/files/imce/Documents/academic_integrity_policy_21022023_senata_eng.pdf,2026-07-30,accessible,200,0,application/pdf,283917,"""6400925e-4550d""","Thu, 02 Mar 2023 12:11:10 GMT",283917,1bfa9ae342d299172c07bfc8e8f8f9bd3777dc2fea252e175e3ff1abe2798981,complete received body,initial baseline,not assessed,,true,,
LRS-457F6C5E49C276,Fond za nauku,https://fondzanauku.gov.rs/wp-content/uploads/2025/02/IDEAS-2024-SF-Grant-Manual.pdf,https://fondzanauku.gov.rs/wp-content/uploads/2025/02/IDEAS-2024-SF-Grant-Manual.pdf,2026-07-30,accessible,200,0,application/pdf,632380,,"Mon, 10 Feb 2025 12:48:16 GMT",632380,c494591c0592639e05842c99da622e6ed57d80a9ee5b5336ef52147a5b542fdb,complete received body,initial baseline,not assessed,,true,,
LRS-459A902FAD9DAA,Good practices at Inserm,https://www.inserm.fr/nos-recherches/bonnes-pratiques,https://www.inserm.fr/nos-recherches/bonnes-pratiques/,2026-07-30,redirected-accessible,200,1,text/html; charset=UTF-8,,"""11171-1785409137;br""",,85960,ba71f883cf7b5d79a4d3b64f55a07924b0b5066800334c66ce935c314fa99f37,complete received body,initial baseline,human review required,,true,,redirect requires equivalence review
LRS-45A0CC6C4EC130,Central Ethics Committee,https://old.mh.government.bg/en/ministry/commissions/central-ethics-committee,https://old.mh.government.bg/en/ministry/commissions/central-ethics-committee/,2026-07-30,redirected-accessible,200,1,text/html; charset=utf-8,,,,18129,76c8367bbe5bde804991be4ccfa90468f978cc388e2da4bb684ca8023229d3c2,complete received body,initial baseline,human review required,,true,,redirect requires equivalence review
LRS-45C3424EFA774D,UNIGE research ethics,https://www.unige.ch/recherche/en/resources/research-ethics,https://www.unige.ch/recherche/en/resources/research-ethics,2026-07-30,accessible,200,0,text/html; charset=UTF-8,17127,,,90670,415a618d12a4afacc9c5a485092d2fdbc6ca1c396ed6849ef2ed6163c1760397,complete received body,initial baseline,not assessed,,true,,
LRS-45C3BA5F1301FE,AQHE accreditation decisions page 2,https://www.akvo.mk/index.php/odbori/odbor-za-akreditacija/resenija-akreditacija?start=50,https://www.akvo.mk/index.php/odbori/odbor-za-akreditacija/resenija-akreditacija?start=50,2026-07-30,http-error,500,0,text/html; charset=UTF-8,,,,20879,a6b3f4913fdfb574da46d0a68d3486a5d5724640c43d5ad9f9a1a975d01af96a,complete received body,initial baseline,not assessed,,true,,HTTP 500
LRS-45D114BABB6013,Biobank Act,https://biobanksverige.se/en/the-swedish-biobank-act,https://biobanksverige.se/en/the-swedish-biobank-act/,2026-07-30,redirected-accessible,200,1,text/html; charset=UTF-8,13090,,,59932,ab047fb734312e7366461d1eb613506f9a00bc3d757268957d4d748673bd0afb,complete received body,initial baseline,human review required,,true,,redirect requires equivalence review
LRS-4614F589CB4D0D,KNAW publishes Social Safety in Dutch Academia,https://www.knaw.nl/en/publications/social-safety-dutch-academia-paper-practice,https://www.knaw.nl/en/publications/social-safety-dutch-academia-paper-practice,2026-07-30,http-error,403,0,text/html,118,,,118,58bf2215b395dcac74c009aa98701854e43cbe54a1cd3a95fee6a647ca9910d4,complete received body,initial baseline,not assessed,,true,,HTTP 403
LRS-46187DBBC5A875,LOWI opinions archive,https://lowi.nl/en/opinions,https://lowi.nl/en/opinions/,2026-07-30,redirected-accessible,200,1,text/html; charset=UTF-8,,,,50319,6fc3937f7aa7f1d63bfa085cf95a511fa9ff14d43f4175fa7280edf98c03de0f,complete received body,initial baseline,human review required,,true,,redirect requires equivalence review
LRS-46334B94BA10AA,Research institutions and ETAG sign the Estonian Code of Conduct for Research Integrity agreement,https://etag.ee/en/estonian-universities-research-institutions-and-the-estonian-research-council-sign-the-estonian-code-of-conduct-for-research-integrity-agreement,https://etag.ee/en/estonian-universities-research-institutions-and-the-estonian-research-council-sign-the-estonian-code-of-conduct-for-research-integrity-agreement,2026-07-30,http-error,404,0,text/html; charset=UTF-8,22539,,,87722,a761eb7b92cadd1ee474cb76612efb0fe5058e7855c6b1e06008e8ac56470aaf,complete received body,initial baseline,not assessed,,true,,HTTP 404
LRS-4666D49216B344,TA CR official board,https://tacr.gov.cz/o-nas/povinne-informace,https://tacr.gov.cz/o-nas/povinne-informace/,2026-07-30,redirected-accessible,200,1,text/html; charset=UTF-8,,,,70388,68d54984dabcd877067e66f6b6b8dac47b7bf7d21c2747bbe887bb63bdfde83d,complete received body,initial baseline,human review required,,true,,redirect requires equivalence review
LRS-466791ADD0D291,Research integrity,https://www.tuni.fi/en/research/responsible-science-and-research/research-integrity,https://www.tuni.fi/en,2026-07-30,redirected-accessible,200,1,text/html; charset=utf-8,,"""dfxjcd5q9v3pe2""",,172884,01cae042c91689c7593bbc75d2b11e85f0732a596ad803eca462f6f1f297315a,complete received body,initial baseline,human review required,,true,,redirect requires equivalence review
LRS-4673919F63929A,Flemish animal-experimentation route,https://www.vlaanderen.be/werken-met-proefdieren,https://www.vlaanderen.be/natuur-milieu-en-klimaat/dieren/proefdieren/werken-met-proefdieren,2026-07-30,redirected-accessible,200,1,text/html;charset=UTF-8,17428,,,84703,98511adca5a8263b016b258ca899c410d59647619351d10256ec6711828a77d6,complete received body,initial baseline,human review required,,true,,redirect requires equivalence review
LRS-46835DF6648A16,RD 53/2013 establishes the animal-research protection framework,https://www.boe.es/buscar/act.php?id=BOE-A-2013-1337,https://www.boe.es/buscar/act.php?id=BOE-A-2013-1337,2026-07-30,accessible,200,0,text/html; charset=UTF-8,,,,379627,693e9f90ffc647ab38e27a5d82c1fe5b7e494f09f3a920fca6dd00977a573c36,complete received body,initial baseline,not assessed,,true,,
LRS-4688E187D1679A,CNR misconduct page,https://www.cnr.it/en/research-integrity-misconduct,https://www.cnr.it/en/research-integrity-misconduct,2026-07-30,accessible,200,0,text/html; charset=utf-8,,"""1785434788-0""","Thursday, 30-Jul-2026 19:05:21 UTC",44482,2582822b348b06ec37b10f3e68b5ecd466244308bc6ae53e43413163d0dffd72,complete received body,initial baseline,not assessed,,true,,
LRS-46892A8C10B541,Rules of operation,https://www.gov.si/assets/ministrstva/MVZI/Znanost/Etika-in-integriteta-v-znanosti/Poslovnik-o-delu-Nacionalnega-sveta-za-etiko-in-integriteto-v-znanosti.pdf,https://www.gov.si/assets/ministrstva/MVZI/Znanost/Etika-in-integriteta-v-znanosti/Poslovnik-o-delu-Nacionalnega-sveta-za-etiko-in-integriteto-v-znanosti.pdf,2026-07-30,accessible,200,0,application/pdf,145628,"""238dc-63951b11d74f0""","Mon, 07 Jul 2025 07:21:26 GMT",145628,9080d2826422655b8516fc7897c195741d78da29629621d6ee1c172c40ad6c8e,complete received body,initial baseline,not assessed,,true,,
LRS-468CB8C7BC03BC,Brcko District and Republika Srpska higher-education law updates sharpen the competence map,https://hea.gov.ba/Content/Read/zakoni,https://hea.gov.ba/Content/Read/zakoni,2026-07-30,accessible,200,0,text/html; charset=utf-8,,,,64681,6e3d05d15a25dbc22e31dba1dded36b49bfef4a02fecc46ecb96b40f0b7a7466,complete received body,initial baseline,not assessed,,true,,
LRS-46A4BC83AEC045,DFG implementation transition period ends,https://wissenschaftliche-integritaet.de/en/comments/notes-implementation,https://www.wissenschaftliche-integritaet.de/en/comments/notes-implementation,2026-07-30,http-error,404,1,text/html;charset=UTF-8,,,,74961,8d82931142cabe5bd2199e1949ab49c4c1d2828961553d43659c4382ddce9e7a,complete received body,initial baseline,human review required,,true,,redirect requires equivalence review | HTTP 404
LRS-46F010AA947961,Cabinet approves EOSC and digital research infrastructure investment,https://www.izm.gov.lv/en/article/latvia-join-european-open-science-cloud-and-develop-modern-digital-research-infrastructure,https://www.izm.gov.lv/en/article/latvia-join-european-open-science-cloud-and-develop-modern-digital-research-infrastructure,2026-07-30,accessible,200,0,text/html; charset=UTF-8,21155,"W/""1785436489""","Thu, 30 Jul 2026 18:34:49 GMT",86629,aebf9046801852b7d6209ae6087442cbff151e15e4742b96418ced125107a5f8,complete received body,initial baseline,not assessed,,true,,
LRS-4703187D52C17E,AAK regulation on scientific degrees,https://aak.gov.az/upload/page/ed_asasname3.pdf,https://aak.gov.az/upload/page/ed_asasname3.pdf,2026-07-30,accessible,200,0,application/pdf,256885,"""5f86b206-3eb75""","Wed, 14 Oct 2020 08:08:38 GMT",256885,7c65721ab8f2690e9c82928cd0edd7b67867e077403f058acf84fb6b3e826744,complete received body,initial baseline,not assessed,,true,,
LRS-471106A02F2B0B,Current member-selection results,https://www.research.gov.ro/rezultatele-finale-privind-selectia-a-23-membri-pentru-consiliul-national-de-etica-a-cercetarii-stiintifice-dezvoltarii-tehnologice-si-inovarii-si-a-27-membri-pentru-consiliul-national-al-cercetarii-21891,https://www.research.gov.ro/rezultatele-finale-privind-selectia-a-23-membri-pentru-consiliul-national-de-etica-a-cercetarii-stiintifice-dezvoltarii-tehnologice-si-inovarii-si-a-27-membri-pentru-consiliul-national-al-cercetarii-21891,2026-07-30,network-error,,0,,,,,0,,none,initial unavailable baseline,not assessed,,true,fetch failed,network access failed
LRS-472C5196EB7B9E,ULB ethics and integrity,https://www.ulb.be/en/research/ethics-and-integrity,https://www.ulb.be/en/research/ethics-and-integrity,2026-07-30,accessible,200,0,text/html;charset=UTF-8,,,,245030,e7040fb62986c830e686586da3c4883eec0d25c345996baad9cb4371d26c60fc,complete received body,initial baseline,not assessed,,true,,
LRS-476F1F35CF8482,UMF Carol Davila ethics regulation,https://umfcd.ro/wp-content/uploads/2024/REGULAMENTE%20UMFCD/Regulamentul%20de%20Organizare%20%C8%99i%20Func%C8%9Bionare%20al%20Comisiei%20de%20Etic%C4%83%20%C8%99i%20Deontologie%20Universitar%C4%83.pdf,https://umfcd.ro/wp-content/uploads/2024/REGULAMENTE%20UMFCD/Regulamentul%20de%20Organizare%20%C8%99i%20Func%C8%9Bionare%20al%20Comisiei%20de%20Etic%C4%83%20%C8%99i%20Deontologie%20Universitar%C4%83.pdf,2026-07-30,accessible,200,0,application/pdf,580758,,"Mon, 09 Dec 2024 14:08:23 GMT",580758,b236cdc9a57e6f54677d7e3b047ff264092d451a906f68314ca061df45ed011d,complete received body,initial baseline,not assessed,,true,,
LRS-47701CCF88DF00,OeAWI guidelines page,https://oeawi.at/en/guidelines,https://oeawi.at/en/guidelines/,2026-07-30,redirected-accessible,200,1,text/html; charset=UTF-8,,,,92265,5f473e51a332b9250b0834721f9cc907b18c892de20a5260cec59f03f749bf4d,complete received body,initial baseline,human review required,,true,,redirect requires equivalence review
LRS-477ED1D12EE1B0,Doc-Web 10057629,https://www.garanteprivacy.it/web/guest/home/docweb/-/docweb-display/docweb/10057629,https://www.garanteprivacy.it/web/guest/home/docweb/-/docweb-display/docweb/10057629,2026-07-30,accessible,200,0,text/html;charset=UTF-8,60145,,,184955,1542f67e502ef4a14178442ce458b533ad112fc6a5ea9290356cbfed64075ac5,complete received body,initial baseline,not assessed,,true,,
LRS-479251608C044C,University of Akureyri regulations,https://www.unak.is/english/university/governance/laws-and-regulations/regulations-for-the-university-of-akureyri,https://www.unak.is/english/university/governance/laws-and-regulations/regulations-for-the-university-of-akureyri,2026-07-30,accessible,200,0,text/html; charset=UTF-8,35805,,,140449,264b35167bfe70a9ab4316b36b2b066c355ce2f51443dd684a2358e8b8b37bf4,complete received body,initial baseline,not assessed,,true,,
LRS-481B92ABA76EF4,Good Research Practice,https://veda.upol.cz/en/science-support/good-research-practice,https://veda.upol.cz/en/science-support/good-research-practice/,2026-07-30,redirected-accessible,200,1,text/html; charset=utf-8,25727,,,25727,545dcd3539f4a73f34e8afd6cd081ae83483f89e8c6cd9702c5573170cc8ff80,complete received body,initial baseline,human review required,,true,,redirect requires equivalence review
LRS-481CA1F4F42A3A,Yükseköğretim Kurulu,https://www.yok.gov.tr/en/page/history-h6NVn,https://www.yok.gov.tr/en/page/history-h6NVn,2026-07-30,accessible,200,0,text/html; charset=UTF-8,,,,115846,8fb738fdfede9559e41de532e1366e5b3f6f374f41d023d6d055fa581a7ab6e6,complete received body,initial baseline,not assessed,,true,,
LRS-481EA5A6E93713,APDA resolutions,https://www.apda.ad/resolucions,https://www.apda.ad/resolucions,2026-07-30,accessible,200,0,text/html; charset=utf-8,11533,,,50384,ddf165d126a53981afd88ef391549aebf8013280a9128683ced1a797923a25cc,complete received body,initial baseline,not assessed,,true,,
LRS-4822364A5D85DF,ANMDMR device investigations page,https://www.anm.ro/dispozitive-medicale/investigatii-clinice-si-studii-referitoare-la-performanta,https://www.anm.ro/dispozitive-medicale/investigatii-clinice-si-studii-referitoare-la-performanta/,2026-07-30,redirected-accessible,200,1,text/html; charset=UTF-8,23447,,,121873,8ff4c964348664e6aaad43881a137be88ef44c8f151aee4d7df0843a567e7c01,complete received body,initial baseline,human review required,,true,,redirect requires equivalence review
LRS-486E2D146E4A97,University of Zurich Integrity Ordinance,https://www.zhlex.zh.ch/Erlass.html?Open=&Ordnr=415.27,https://www.zh.ch/de/politik-staat/gesetze-beschluesse/gesetzessammlung/zhlex-ls/erlass-415_27-2020_05_25-2020_09_01-110.html,2026-07-30,redirected-accessible,200,2,text/html;charset=utf-8,8824,,"Thu, 30 Jul 2026 18:05:45 GMT",59439,8c502c726076d0159b72ab0f4dca86541bbcaaa2e939cb7da164b21e1d0f6378,complete received body,initial baseline,human review required,,true,,redirect requires equivalence review
LRS-48ACD55BD310B0,BSMU keeps a public work page for its ethics committee,https://www.bsmu.by/universitet/nauchnaya-deyatelnost/rabota-komiteta-po-bioetike,https://www.bsmu.by/universitet/nauchnaya-deyatelnost/rabota-komiteta-po-bioetike/,2026-07-30,redirected-accessible,200,1,text/html; charset=UTF-8,,,,88829,f98eec0ddc5a1131de47c83c76da78f62708360ca7d3d71accd54ff5f2d64770,complete received body,initial baseline,human review required,,true,,redirect requires equivalence review
LRS-48E557C92AF3EF,About the National Committee,https://www.hpra.ie/regulation/scientific-animal-protection/national-committee/about-the-national-committee,https://www.hpra.ie/regulation/scientific-animal-protection/national-committee/about-the-national-committee,2026-07-30,accessible,200,0,text/html; charset=utf-8,29022,,,116235,d4e6589f09670cce58844ecc7112c1930d56b99d4f2930316e0060b9fe7dea09,complete received body,initial baseline,not assessed,,true,,
LRS-48FE10192F045A,FCT transparency policies,https://www.fct.pt/en/sobre/politicas-de-transparencia,https://www.fct.pt/en/sobre/politicas-de-transparencia,2026-07-30,accessible,200,0,text/html; charset=UTF-8,15143,,"Thu, 30 Jul 2026 19:05:23 GMT",133808,60650fb271e78c091006fbb319d6d024526c6bbb7501c4346585677a2555a618,complete received body,initial baseline,not assessed,,true,,
LRS-492D78EE8B088F,UCD Research Integrity,https://www.ucd.ie/researchintegrity,https://www.ucd.ie/researchintegrity,2026-07-30,http-error,403,0,text/html,919,,,919,c3a309430405f3ce7b7dda042eadda5138bec5d1468f8a63377f645c4f0b2a25,complete received body,initial baseline,not assessed,,true,,HTTP 403
LRS-492EBD79E21822,Scientific employment regulation,https://www.fct.pt/wp-content/uploads/2024/05/Regulamento-n.%C2%BA-607-A_2017-Regulamento-do-Emprego-Cient%C3%ADfico_4.%C2%AAaltera%C3%A7%C3%A3o.pdf,https://www.fct.pt/wp-content/uploads/2024/05/Regulamento-n.%C2%BA-607-A_2017-Regulamento-do-Emprego-Cient%C3%ADfico_4.%C2%AAaltera%C3%A7%C3%A3o.pdf,2026-07-30,http-error,404,0,text/html; charset=UTF-8,,,"Thu, 30 Jul 2026 19:05:23 GMT",85335,aaae40a08b184431adefa74aa0862557e4ea7d54ebe87b6f375afff48cea68d5,complete received body,initial baseline,not assessed,,true,,HTTP 404
LRS-4932BA0CDF1848,UCPH annual reports and minutes,https://praksisudvalget.ku.dk/publikationer,https://praksisudvalget.ku.dk/publikationer,2026-07-30,accessible,200,0,text/html; charset=utf-8,9533,"""a6f1-6575dcc1bf126""","Fri, 24 Jul 2026 16:23:48 GMT",42737,e35236b271d2876cfba267d40e6b931a43f7302027455cb83e1a944539bb7210,complete received body,initial baseline,not assessed,,true,,
LRS-493C6F7EE891E9,Research integrity portal ombudspersons page,https://wissenschaftliche-integritaet.de/en/code-of-conduct/ombudspersons,https://www.wissenschaftliche-integritaet.de/en/gl-06-395034,2026-07-30,redirected-accessible,200,2,text/html;charset=UTF-8,12851,,,88138,f1b9b82ea96dced35d4a4525c7f14ff0b2bd0c3545ec37e48095d932792afc91,complete received body,initial baseline,human review required,,true,,redirect requires equivalence review
LRS-494C0E1FEC061A,SMCA clinical trials,https://vvkt.lrv.lt/en/clinical-trials-341,https://vvkt.lrv.lt/en/clinical-trials-341,2026-07-30,http-error,403,0,text/html; charset=UTF-8,,,,5689,dcbab11dc871dbae14f91d16ab650c29c1c59965fc3e26caaa24365dfffa8cab,complete received body,initial baseline,not assessed,,true,,HTTP 403
LRS-496A6CA32B8950,NASU Commission academic integrity case notice,https://www.nas.gov.ua/news/komisiya-pri-prezidi-nan-ukrani-iz-zahistu-nauki-protidi-psevdonauci-ta-falsifikaci-naukovih-doslidzhen-rozglyanula-povidomlennya-pro-porushennya-akademichno-dobrochesnosti,https://www.nas.gov.ua/news/komisiya-pri-prezidi-nan-ukrani-iz-zahistu-nauki-protidi-psevdonauci-ta-falsifikaci-naukovih-doslidzhen-rozglyanula-povidomlennya-pro-porushennya-akademichno-dobrochesnosti,2026-07-30,accessible,200,0,text/html; charset=UTF-8,,,,50367,dc6ed7e0d19c40a79133c21eed3a907ec00fab1a820668173ed133ed3dd7fafe,complete received body,initial baseline,not assessed,,true,,
LRS-498E571AF999E9,TA CR ethics code,https://tacr.gov.cz/wp-content/uploads/documents/2023/02/23/1677136977_KOD-01%20Etick%C3%BD%20kodex%20TA%20%C4%8CR%20v2.pdf,https://tacr.gov.cz/wp-content/uploads/documents/2023/02/23/1677136977_KOD-01%20Etick%C3%BD%20kodex%20TA%20%C4%8CR%20v2.pdf,2026-07-30,accessible,200,0,application/pdf,211103,,"Thu, 23 Feb 2023 07:22:57 GMT",211103,b7b92761ed85a94a91894b039fc8a26a3620a9aa7226096000efeb2d42be4de5,complete received body,initial baseline,not assessed,,true,,
LRS-499FFD7F06E14E,University of Vienna good scientific practice,https://www.univie.ac.at/ueber-uns/gute-wissenschaftliche-praxis,https://www.univie.ac.at/ueber-uns/gute-wissenschaftliche-praxis,2026-07-30,accessible,200,0,text/html; charset=utf-8,22780,,,291844,3ef7b5e4665cdbd18e92dabffdba2ee5f2947f322155b1658b2ef920297de9d8,complete received body,initial baseline,not assessed,,true,,
LRS-49B884427417E7,OeAWI note on European Code of Conduct 2023,https://oeawi.at/en/events/european-code-of-conduct-for-research-integrity-2023-published,https://oeawi.at/en/events/european-code-of-conduct-for-research-integrity-2023-published/,2026-07-30,redirected-accessible,200,1,text/html; charset=UTF-8,,,,91356,9cee301bb4446a59dcfbbc42e874e2f810596287c9e47d417c4e54d0f133df3d,complete received body,initial baseline,human review required,,true,,redirect requires equivalence review
LRS-49BB791EAF175B,ANVUR vision and strategy,https://www.anvur.it/en/agency/vision-and-strategy,https://www.anvur.it/en/agency/vision-and-strategy,2026-07-30,http-error,403,0,text/html; charset=UTF-8,,,,5797,df0cd99a12b3657580713c9a2d6dbe9fa16ddd8950a87ba6903abe44e98f19c1,complete received body,initial baseline,not assessed,,true,,HTTP 403
LRS-49BC9F2C6981FF,AGEPI overview,https://agepi.gov.md/en/about/overview,https://agepi.gov.md/en/about/overview,2026-07-30,accessible,200,0,text/html; charset=utf-8,,"""1785438324-1""","Thu, 30 Jul 2026 19:05:24 GMT",38608,9a0a6ec64085fc59c6439b9110c68ef2842914828e8d659afe03723f5793c284,complete received body,initial baseline,not assessed,,true,,
LRS-49FBE328F29730,Ethical principles for human research outside Sweden,https://staff.ki.se/tools-and-support/steering-documents/guidelines-on-ethical-principles-for-human-research-outside-sweden-0,https://staff.ki.se/tools-and-support/steering-documents/guidelines-on-ethical-principles-for-human-research-outside-sweden-0,2026-07-30,accessible,200,0,text/html; charset=UTF-8,72159,"""1785438324""","Thu, 30 Jul 2026 19:05:24 GMT",72159,9b7c6bbf4448ee6912593275b75ba84fd1830ae7393f5dda18ebad82dbb9a63a,complete received body,initial baseline,not assessed,,true,,
LRS-4A4910A54D3EA0,VCWI annual report 2024,https://www.vcwi.be/sites/default/files/VCWI_jaarverslag2024.pdf,https://www.vcwi.be/sites/default/files/VCWI_jaarverslag2024.pdf,2026-07-30,accessible,200,0,application/pdf,427152,"""68490-6392ebb55af4c""","Sat, 05 Jul 2025 13:38:54 GMT",427152,5c88e5350ac1b1e136986ce5654191dbfdfc2aebe4bb0826518e41b2d50ace11,complete received body,initial baseline,not assessed,,true,,
LRS-4A5DF34AA809B5,Necmettin Erbakan University plagiarism limitation-period precedent,https://erbakan.edu.tr/storage/departments/files/79999903/ET%C4%B0K%20%C4%B0HLAL%20DOK%C3%9CMANLARI/4-%20%28EMSAL%20KARAR%29%20%C4%B0NT%C4%B0HAL%20SU%C3%87UNDA%20ZAMANA%C5%9EIMINA%20DA%C4%B0R%20KARAR.pdf,https://erbakan.edu.tr/storage/departments/files/79999903/ET%C4%B0K%20%C4%B0HLAL%20DOK%C3%9CMANLARI/4-%20%28EMSAL%20KARAR%29%20%C4%B0NT%C4%B0HAL%20SU%C3%87UNDA%20ZAMANA%C5%9EIMINA%20DA%C4%B0R%20KARAR.pdf,2026-07-30,accessible,200,0,application/pdf,241234,"""67487056-3ae52""","Thu, 28 Nov 2024 13:29:58 GMT",241234,c71a55f4a62f04cb4ad4da1312b6e8b9114c91abf7fd90ba52c572d1a2790a59,complete received body,initial baseline,not assessed,,true,,
LRS-4A83A558AFCF70,Council membership is publicly presented and rules of operation are adopted,https://www.gov.si/novice/2024-03-25-vzpostavljen-nacionalni-svet-za-etiko-in-integriteto-v-znanosti,https://www.gov.si/novice/2024-03-25-vzpostavljen-nacionalni-svet-za-etiko-in-integriteto-v-znanosti,2026-07-30,accessible,200,0,text/html; charset=utf-8,,"W/""3cce329fb5efe2f1563ee82a2c552dd4""",,24373,cd6e9a8170793ce4d75f6fd218387b4f837fcb229d0b366d8077ab41e4a89e81,complete received body,initial baseline,not assessed,,true,,
LRS-4A8F73019C20B1,AZLP organisation and public-information list,https://azlp.mk/en/pdpa/organization,https://azlp.mk/en/pdpa/organization/,2026-07-30,redirected-accessible,200,1,text/html; charset=UTF-8,46481,"""b591-65738c3a53be1""","Wed, 22 Jul 2026 20:12:52 GMT",371723,b3a9d4afbdc6c1dde484d099e19f9a1f4d5bb3342c184994912956cacc7a5088,complete received body,initial baseline,human review required,,true,,redirect requires equivalence review
LRS-4AC8E53B23ABD7,ETH Zurich Integrity Commission,https://ethz.ch/en/the-eth-zurich/organisation/boards-university-groups-commissions/integritaetskommission.html,https://ethz.ch/en/the-eth-zurich/organisation/boards-university-groups-commissions/integritaetskommission.html,2026-07-30,accessible,200,0,text/html;charset=utf-8,,,,51886,f6d69c467ebacc144888acfaf8f4848bb1fdf19acc4084bad79827a32495cba5,complete received body,initial baseline,not assessed,,true,,
LRS-4AFF7C5D22CBB5,AKOKVO and Ethics Committee sign cooperation agreement,https://akokvo.me/en/cooperation-agreement-signed-between-the-agency-for-control-and-quality-assurance-of-higher-education-and-the-ethics-committee,https://akokvo.me/en/cooperation-agreement-signed-between-the-agency-for-control-and-quality-assurance-of-higher-education-and-the-ethics-committee/,2026-07-30,redirected-accessible,200,1,text/html; charset=UTF-8,,,,61544,c639941577e326080bedee3875ed363ed73c80a38b5c5683c7ff56706af765c1,complete received body,initial baseline,human review required,,true,,redirect requires equivalence review
LRS-4B17748CE96061,Ofis: French Office for Research Integrity,https://www.ofis-france.fr/en,https://www.ofis-france.fr/en/,2026-07-30,redirected-accessible,200,1,text/html; charset=UTF-8,,,,101892,b0bfa872ac0c44968f23b0f43c3fd6f028cc61437840fa3b4944f49de9b568a2,complete received body,initial baseline,human review required,,true,,redirect requires equivalence review
LRS-4B2665EBDBB0A4,Npof Annual Report 2024,https://npof.se/wp-content/uploads/2025/07/Arlig-rapport-2024_enkelsidig-lamplig-for-utskrift.pdf,https://npof.se/wp-content/uploads/2025/07/Arlig-rapport-2024_enkelsidig-lamplig-for-utskrift.pdf,2026-07-30,network-error,,0,,,,,0,,none,initial unavailable baseline,not assessed,,true,fetch failed,network access failed
LRS-4B6479A8E8A1EB,Lectoraten and research culture,https://www.vereniginghogescholen.nl/themas/lectoraten-en-onderzoekscultuur,https://www.vereniginghogescholen.nl/themas/lectoraten-en-onderzoekscultuur,2026-07-30,accessible,200,0,text/html; charset=utf-8,,"W/""f1b09b3f2f63546df7a7b8a9747e380a""",,21785,f1b09b3f2f63546df7a7b8a9747e380ac01d630f24a02adb41927b773e763130,complete received body,initial baseline,not assessed,,true,,
LRS-4BAC29E1C2E176,DCU Research Integrity Policy,https://www.dcu.ie/policies/research-integrity-policy,https://www.dcu.ie/policies/research-integrity-policy,2026-07-30,accessible,200,0,text/html; charset=UTF-8,26147,"""1785435248-gzip""","Thu, 30 Jul 2026 18:14:08 GMT",116719,fb5ec76142e12a76a954be4cb4883c2bb18eea2e23deebe6768cd2fe0315152f,complete received body,initial baseline,not assessed,,true,,
LRS-4BCECE0B20DD4D,HRB misconduct policy,https://www.hrb.ie/wp-content/uploads/2024/05/HRB-Policy-on-Research-Misconduct-1.pdf,https://www.hrb.ie/wp-content/uploads/2024/05/HRB-Policy-on-Research-Misconduct-1.pdf,2026-07-30,accessible,200,0,application/pdf,185581,,"Wed, 31 Jul 2024 10:41:14 GMT",185581,be98cf73e15d9f15dd17a898fe44c3b7d9e3e70063ea316b892285e99fd4d667,complete received body,initial baseline,not assessed,,true,,
LRS-4BF117B0F67F44,University of Milan quality-document mapping,https://www.unimi.it/sites/default/files/2021-01/all.%201%20Ateneo.pdf,https://www.unimi.it/sites/default/files/2021-01/all.%201%20Ateneo.pdf,2026-07-30,http-error,403,0,text/html; charset=UTF-8,,,,5899,fd87f8b019b98f3f2878664160d32132cba393005ea73aadda91a2e86dcbe2a7,complete received body,initial baseline,not assessed,,true,,HTTP 403
LRS-4C0C2B0CFD2D56,PDPS,https://pdps.ge/en/home,https://pdps.ge/en/home,2026-07-30,network-error,,0,,,,,0,,none,initial unavailable baseline,not assessed,,true,fetch failed,network access failed
LRS-4C1DE874EB29D7,BNSF overview,https://bnsf.bg/wps/portal/fond-izsledvaniq/fund/%D0%BEverview,https://bnsf.bg/wps/portal/fond-izsledvaniq/fund/%D0%BEverview,2026-07-30,accessible,200,0,text/html; charset=UTF-8,,,,124454,deea9bd919100e629f168e5856fb79f99577b73ebbca17a3e72b147a59b26cb5,complete received body,initial baseline,not assessed,,true,,
LRS-4C62651D129842,Committed organisations,https://tenk.fi/en/research-integrity/organisations-committed-rircr-guidelines,https://tenk.fi/en/research-integrity/organisations-committed-rircr-guidelines,2026-07-30,accessible,200,0,text/html; charset=UTF-8,,"""1785439993""","Thu, 30 Jul 2026 19:33:13 GMT",32457,d10dd1d908497a16f683b6694443e94a40b33caa0c690065374facb77744341d,complete received body,initial baseline,not assessed,,true,,
LRS-4C716D4A007988,Imperial annual statement on research integrity 2025,https://www.imperial.ac.uk/research-and-innovation/about-imperial-research/research-integrity-investigations/misconduct/annual-statement-on-research-integrity-2025,https://www.imperial.ac.uk/research-and-innovation/about-imperial-research/research-integrity-investigations/misconduct/annual-statement-on-research-integrity-2025/,2026-07-30,redirected-accessible,200,1,text/html; charset=UTF-8,31763,,,195440,d33e28468f0c45e997f50e9d3c707eb74544a90f981dd590c0ebb642f6e3152d,complete received body,initial baseline,human review required,,true,,redirect requires equivalence review
LRS-4C8CEC583A980A,UniRSM Code of Ethics,https://www.unirsm.sm/ateneo/codice-etico,https://www.unirsm.sm/ateneo/codice-etico/,2026-07-30,redirected-accessible,200,1,text/html; charset=UTF-8,16386,,,86234,8d150ac450aec00c4c552090c03cf845bc1d6bfa67aca3b9a525e441c9a4b798,complete received body,initial baseline,human review required,,true,,redirect requires equivalence review
LRS-4C9FA65FDFF448,Annual report 2024,https://research.kuleuven.be/en/integrity-ethics/integrity/annual-report/jaarverslag_2024,https://research.kuleuven.be/en/integrity-ethics/integrity/annual-report/jaarverslag_2024,2026-07-30,accessible,200,0,text/html;charset=utf-8,,,"Mon, 08 Sep 2025 10:11:22 GMT",64595,b10b5d179b26e52c01980f3745741bc2db797083ef1fc48d754574c6ffb4c0f5,complete received body,initial baseline,not assessed,,true,,
LRS-4CB48090447A7F,Scientific Integrity Regulation,https://www.unito.it/sites/default/files/reg_integrita_scientifica_2016.pdf,https://www.unito.it/sites/default/files/reg_integrita_scientifica_2016.pdf,2026-07-30,http-error,403,0,text/html; charset=UTF-8,,,,5914,f26e0885bba2f540a123231cd835c0c5300e8f5edc138789fd8a15b7dae98aa9,complete received body,initial baseline,not assessed,,true,,HTTP 403
LRS-4CB4A39B649C7D,National Medical Ethics Committee,https://www.gov.si/en/registries/working-bodies/national-medical-ethics-committee,https://www.gov.si/en/registries/working-bodies/national-medical-ethics-committee,2026-07-30,accessible,200,0,text/html; charset=utf-8,,"W/""8d32ba3950fb0e356102fd4a94c7568c""",,25048,ae173faf51bd5c4fb59c007b7431a0bb4f8f2f623c027467d1b3937223ae076d,complete received body,initial baseline,not assessed,,true,,
LRS-4D0C6CE0E75CB9,EPFL Directive concerning research integrity,https://www.epfl.ch/about/overview/wp-content/uploads/2019/09/3.3.2_principe_integrite_recherche_an.pdf,https://www.epfl.ch/about/overview/wp-content/uploads/2019/09/3.3.2_principe_integrite_recherche_an.pdf,2026-07-30,accessible,200,0,application/pdf,369191,"""67c7484f-5a227""","Tue, 04 Mar 2025 18:37:03 GMT",369191,98c6656cc6650bee07e56449b1b78853434ef6a27c039035bfb616df4f736287,complete received body,initial baseline,not assessed,,true,,
LRS-4D16C198AE3206,Leiden CWI annual report 2023-2024,https://www.organisatiegids.universiteitleiden.nl/binaries/content/assets/ul2staff/reglementen/onderzoek/jaarverslag-cwi-2023-2024-def.pdf,https://www.organisatiegids.universiteitleiden.nl/binaries/content/assets/ul2staff/reglementen/onderzoek/jaarverslag-cwi-2023-2024-def.pdf,2026-07-30,accessible,200,0,application/pdf;charset=UTF-8,,"""1782638180580""","Thu, 19 Jun 2025 10:58:34 GMT",216675,8aecc8e464de92c209121ea11356678e5953b16bdc421e84fbeafd73309674b9,complete received body,initial baseline,not assessed,,true,,
LRS-4D27A6FA638BA5,Scientific Research and Innovation Activity Act (ZZrID),https://pisrs.si/api/datoteke/integracije/358724984,https://pisrs.si/api/datoteke/integracije/358724984,2026-07-30,accessible,200,0,application/pdf,,,,398724,093a852c764a865331062308c750ce0c46c46dac5887c9b4714fe3c5903eea42,complete received body,initial baseline,not assessed,,true,,
LRS-4D309D309F5C9C,Reporting misconduct in research,https://www.umu.se/en/researcher/plan-and-implement/research-ethics-and-good-research-practice/reporting-misconduct-in-research,https://www.umu.se/en/researcher/plan-and-implement/research-ethics-and-good-research-practice/reporting-misconduct-in-research/,2026-07-30,redirected-accessible,200,1,text/html; charset=utf-8,,,,65111,05dc4d728734282f17ab40a448dea10c7aacab25c64ac0534ba0666e35e1288a,complete received body,initial baseline,human review required,,true,,redirect requires equivalence review
LRS-4D37BE40205A2C,Statement on institutional irregularities,https://uniri.hr/wp-content/uploads/2024/02/2024_02_12_Vijece_casti_Priopcenje.pdf,https://uniri.hr/wp-content/uploads/2024/02/2024_02_12_Vijece_casti_Priopcenje.pdf,2026-07-30,accessible,200,0,application/pdf,527843,"""80de3-6116793c306e3""","Thu, 15 Feb 2024 08:40:18 GMT",527843,ab30191fa83d3c0895006fc93236cedab0046598d37b1fe9c8f3e3186f2432ee,complete received body,initial baseline,not assessed,,true,,
LRS-4D49CEE3A31F44,D. A. Tsenov Academy Academic Ethics Committee,https://www.uni-svishtov.bg/bg/about-university/structure/komisiya-po-akademichna-etika,https://www.uni-svishtov.bg/bg/about-university/structure/komisiya-po-akademichna-etika,2026-07-30,accessible,200,0,text/html; charset=UTF-8,17479,,,122077,2bf267aa95eb143df1fd187aa8043b9d803bf1e9f08d2648153c19af7a2a881a,complete received body,initial baseline,not assessed,,true,,
LRS-4DB2186E427DEA,Liechtenstein Institute statute,https://liechtenstein-institut.li/Portals/0/docs/Statuten/Statut%2011.pdf,https://liechtenstein-institut.li/Portals/0/docs/Statuten/Statut%2011.pdf,2026-07-30,accessible,200,0,application/pdf,94262,"""698c5cf8-17036""","Wed, 11 Feb 2026 10:42:00 GMT",94262,bf141f0a4329b9e4f8548a6d894ed318a0315362e8816851a2f0f7900cb372dc,complete received body,initial baseline,not assessed,,true,,
LRS-4DCF42B0EC5C29,Doctoral amendment 26 August 2022,https://www.legifrance.gouv.fr/jorf/id/JORFARTI000046228972,https://www.legifrance.gouv.fr/jorf/id/JORFARTI000046228972,2026-07-30,http-error,403,0,text/html; charset=UTF-8,,,,5774,f6a34db51353c578a16971d024199fe68b8927b74733221c53117c288b01c771,complete received body,initial baseline,not assessed,,true,,HTTP 403
LRS-4E0BFA561AFB60,Clinical-trials register page,https://ogyei.gov.hu/klinikai_vizsgalatok_nyilvantartasa/klinikai_vizsgalatok,https://ogyei.gov.hu/klinikai_vizsgalatok_nyilvantartasa/klinikai_vizsgalatok,2026-07-30,accessible,200,0,text/html; charset=UTF-8,,,,39679,376c96f2d9e032cf0593378ddfa5ff674bc51049fc8f4d48a7f79e7d7b695667,complete received body,initial baseline,not assessed,,true,,
LRS-4E319BFA5CC5DE,Ethics Board page,https://www.ucg.ac.me/objava/blog/3/objava/50-eticki-odbor,https://www.ucg.ac.me/objava/blog/3/objava/50-eticki-odbor,2026-07-30,accessible,200,0,text/html; charset=UTF-8,29525,,,152543,a617a817b75c170e1f64816802ee21c684ec76659fb2c35d047e794ba494a9eb,complete received body,initial baseline,not assessed,,true,,
LRS-4E7F4A6C2B338F,Guidelines on FWO's ethics checklist,https://www.fwo.be/media/t3dix3qj/guidelines-on-fwo-s-ethics-checklist.pdf,https://www.fwo.be/media/t3dix3qj/guidelines-on-fwo-s-ethics-checklist.pdf,2026-07-30,accessible,200,0,application/pdf,1802436,"""1dc4c9fbc6019c4""","Mon, 03 Nov 2025 08:56:26 GMT",1000000,bf3c85ce7184e72ad0558b3537ad2bf5a44bb328e2770d44887b600c12deb65a,first 1000000 bytes,initial baseline,not assessed,,true,,
LRS-4E86126E48D54E,Clinical Trials Regulation no 536/2014,https://www.ravimiamet.ee/en/medicines/clinical-trials/clinical-trials-regulation,https://www.ravimiamet.ee/en/medicines/clinical-trials/clinical-trials-regulation,2026-07-30,http-error,403,0,text/html; charset=UTF-8,,,,5837,d3055a921b6951e901331fdcc8b1f0ede84736d25340b082360b7ff1a02627a4,complete received body,initial baseline,not assessed,,true,,HTTP 403
LRS-4EC278711EB801,web.mon.bg,https://web.mon.bg/mon,https://web.mon.bg/mon,2026-07-30,accessible,200,0,text/html; charset=UTF-8,,,,68192,819c1c7f3c786fe8aeb90afe9cf439f5c49e3233d36416333449c7cf23eccfc6,complete received body,initial baseline,not assessed,,true,,
LRS-4ECCDE7A0807D0,TENK statement summaries,https://tenk.fi/en/research-integrity/tenks-statement-summaries,https://tenk.fi/en/research-integrity/tenks-statement-summaries,2026-07-30,accessible,200,0,text/html; charset=UTF-8,,"""1785427644""","Thu, 30 Jul 2026 16:07:24 GMT",46358,de6806baab5d76ea6b8e93d21b52505a9697f8d047fd9ef480a17eb65371b48a,complete received body,initial baseline,not assessed,,true,,
LRS-4EE18FFAFFAEBE,AIRC policies page,https://www.direzionescientifica.airc.it/policies,https://www.direzionescientifica.airc.it/policies/,2026-07-30,redirected-accessible,200,1,text/html; charset=UTF-8,5353,,,28836,2525bea5874d4ba3e9bca67768f8166e783421f5ed2d81139567f40a3bf57ccb,complete received body,initial baseline,human review required,,true,,redirect requires equivalence review
LRS-4F180657439A56,APD/GBA research data,https://www.autoriteprotectiondonnees.be/professionnel/themes/recherche,https://www.autoriteprotectiondonnees.be/professionnel/themes/recherche,2026-07-30,accessible,200,0,text/html; charset=UTF-8,13504,"""01868898271d9fbc96c7cea6defeb673d163d9e9-gzip""",,78062,87f8d1a2449a8ae795984404fb177b7c315b2fa90a5733580fbf53b1781c3c5d,complete received body,initial baseline,not assessed,,true,,
LRS-4F222A73F7D0B5,UCG - Univerzitet Crne Gore,https://www.ucg.ac.me/skladiste/blog_6/objava_3722/fajlovi/Decision%20on%20use%20of%20Software%20for%20plagiarism%20detection%20at%20the%20Univeristy%20of%20Montenegro.pdf,https://www.ucg.ac.me/skladiste/blog_6/objava_3722/fajlovi/Decision%20on%20use%20of%20Software%20for%20plagiarism%20detection%20at%20the%20Univeristy%20of%20Montenegro.pdf,2026-07-30,accessible,200,0,application/pdf,324983,"""4f577-626f430a335c4""","Fri, 15 Nov 2024 14:14:50 GMT",324983,78c05c2d672dfbaff3294614982f22c8efa5d382e1dceea22f9f9d82c26889d6,complete received body,initial baseline,not assessed,,true,,
LRS-4F2DF89D5FC4F6,Open Science Platform 2.0,https://nitra.gov.rs/images/nauka/TONuS-Platforma_2.0-Final.pdf,https://nitra.gov.rs/images/nauka/TONuS-Platforma_2.0-Final.pdf,2026-07-30,accessible,200,0,application/pdf,283435,"""68887d56-4532b""","Tue, 29 Jul 2025 07:50:46 GMT",283435,fef1b0faa5744cd1b95fddebab96fad79847123daaaa8711e8f0a5fd1913c13a,complete received body,initial baseline,not assessed,,true,,
LRS-4F458BA996CB1A,ETH Zurich scientific misconduct page,https://ethz.ch/en/research/ethics-and-animal-welfare/research-integrity/wissenschaftliches-fehlverhalten.html,https://ethz.ch/en/research/ethics-and-animal-welfare/research-integrity/wissenschaftliches-fehlverhalten.html,2026-07-30,http-error,404,0,text/html;charset=utf-8,,,,7894,e5cf849c4f5592654d43be2ae0f43796af25acd188ac08934b20f4ec8425d3a9,complete received body,initial baseline,not assessed,,true,,HTTP 404
LRS-4F49532B00709B,Innovate Cyprus R&I Strategy Framework 2019-2023,https://chiefscientist.gov.cy/wp-content/uploads/Innovate-Cyprus-CYRI-Strategy-Framework-2019-2023-NBRI-May-2019-2.pdf,https://chiefscientist.gov.cy/wp-content/uploads/Innovate-Cyprus-CYRI-Strategy-Framework-2019-2023-NBRI-May-2019-2.pdf,2026-07-30,accessible,200,0,application/pdf,5487228,,"Mon, 11 Nov 2019 10:59:46 GMT",1000000,15e1dabbf2295ba0d77c2cdde068b82ade585945f38d76f65ee425c3349c636a,first 1000000 bytes,initial baseline,not assessed,,true,,
LRS-4F96A664076B68,Ministry of Civil Affairs,https://mcp.gov.ba/en/faq-education,https://mcp.gov.ba/en/faq-education,2026-07-30,accessible,200,0,text/html; charset=utf-8,44351,,,166979,454b2f5d7e4492d28940f5a80007c643b4d2555f38eb3380c555413b2b606fd8,complete received body,initial baseline,not assessed,,true,,
LRS-4FA432401D3F59,AIFA ethics committees list PDF,https://www.aifa.gov.it/documents/20142/2691801/2025.11.03_Elenco_Comitati_Etici_SC_EN.pdf,https://www.aifa.gov.it/documents/20142/2691801/2025.11.03_Elenco_Comitati_Etici_SC_EN.pdf,2026-07-30,network-error,,0,,,,,0,,none,initial unavailable baseline,not assessed,,true,fetch failed,network access failed
LRS-4FDEDB9687BB90,About the Committee,https://bioetica.governo.it/en/the-committee/about-the-committee,https://bioetica.governo.it/en/the-committee/about-the-committee,2026-07-30,accessible,200,0,text/html; charset=utf-8,,,,161371,3949ad550f42025e9a1fa4609c84924cd1f190e80249aaff8bdbc411378fef9e,complete received body,initial baseline,not assessed,,true,,
LRS-50300A4F2F52EC,About the Lithuanian Bioethics Committee,https://bioetika.lrv.lt/en/about-us,https://bioetika.lrv.lt/en/about-us,2026-07-30,http-error,403,0,text/html; charset=UTF-8,,,,5660,7e5790e5d0e20d376f996ca735c220f0f471885c49fbcfd4b6d820aed19e03bd,complete received body,initial baseline,not assessed,,true,,HTTP 403
LRS-50336DD9F8FD24,UKRI research integrity hub,https://www.ukri.org/manage-your-award/good-research-resource-hub/research-integrity,https://www.ukri.org/manage-your-award/good-research-resource-hub/research-integrity/,2026-07-30,redirected-accessible,200,1,text/html; charset=UTF-8,17992,,,83404,0f0cb910155c635d785e171cb8913ae2da0f7c062d2501232cbf0b3531dac841,complete received body,initial baseline,human review required,,true,,redirect requires equivalence review
LRS-504CDD9A53C0C1,VAK documents and editions tab,https://vak.minobrnauki.gov.ru/documents,https://vak.minobrnauki.gov.ru/documents,2026-07-30,network-error,,0,,,,,0,,none,initial unavailable baseline,not assessed,,true,fetch failed,network access failed
LRS-506CBB3AD6DBF4,LAS Code of Ethics source page,https://www.lza.lv/en/about-us/content/60-uncategorised,https://www.lza.lv/en/about-us/content/60-uncategorised,2026-07-30,accessible,200,0,text/html; charset=utf-8,18631,,"Thu, 30 Jul 2026 19:05:31 GMT",79169,c7a53e3e49a6848ef15c5f47ee899c742ce325b80404116edde1c8f01a392e43,complete received body,initial baseline,not assessed,,true,,
LRS-50AEEE8324F2C8,Charles University Research Ethics Commission,https://cuni.cz/UKEN-880.html,https://cuni.cz/UKEN-880.html,2026-07-30,accessible,200,0,text/html; charset=UTF-8,,,,49422,6caaf16bdb5051248ae1ac86f050016e1c02a56ae84ab2352ac10a01a1d718e0,complete received body,initial baseline,not assessed,,true,,
LRS-50B1D4BD090D08,POLITEHNICA Bucharest research ethics page,https://upb.ro/etica-in-cercetare,https://upb.ro/etica-in-cercetare/,2026-07-30,redirected-accessible,200,1,text/html; charset=UTF-8,,,"Thu, 30 Jul 2026 19:05:33 GMT",209280,7db8d9e97652a928a08693e3f49b73ec3c2e78aa3a78be6cdf0eaf8966b792fd,complete received body,initial baseline,human review required,,true,,redirect requires equivalence review
LRS-5126DC78BC0E80,RIF STEP work programme,https://iris.research.org.cy/file/public/cfe2d71b-fc4f-f011-81ab-005056ab00f0,https://iris.research.org.cy/file/public/cfe2d71b-fc4f-f011-81ab-005056ab00f0,2026-07-30,accessible,200,0,application/pdf; charset=utf-8,,,,1000000,5f82cec0b21b690ef452ff5c5e5712bca937cd8c98ac780543668bb563f7335a,first 1000000 bytes,initial baseline,not assessed,,true,,
LRS-515EB33B08CBD8,Open science at UKIM,https://ukim.edu.mk/en/otvorena-nauka-na-ukim,https://ukim.edu.mk/en/otvorena-nauka-na-ukim/,2026-07-30,redirected-accessible,200,1,text/html; charset=UTF-8,,,,283410,2742fbdf783b062a834a38c147da5843a31c0e1c06e189f3468ee8af9ecced7e,complete received body,initial baseline,human review required,,true,,redirect requires equivalence review
LRS-518A7498E35729,MICIU animal project evaluation,https://www.ciencia.gob.es/Investigar/Evaluaciondeproyectos.html,https://www.ciencia.gob.es/Investigar/Evaluaciondeproyectos.html,2026-07-30,network-error,,0,,,,,0,,none,initial unavailable baseline,not assessed,,true,fetch failed,network access failed
LRS-518C4236444AFC,VAK author-abstract library target,https://vak.gov.by/library,https://vak.gov.by/library,2026-07-30,network-error,,0,,,,,0,,none,initial unavailable baseline,not assessed,,true,fetch failed,network access failed
LRS-519397BD1E0A72,Clinical trials,https://www.llv.li/en/business/industry-professional-associations/health-professions-and-remedies/medical-devices-in-vitro-diagnostics/clinical-exams,https://www.llv.li/en/business/industry-professional-associations/health-professions-and-remedies/medical-devices-in-vitro-diagnostics/clinical-exams,2026-07-30,http-error,403,0,text/html; charset=UTF-8,,,,6154,49856f86d7aed47cdd004f7358e8d35fc4de14022684dbbd23b1027b03ea3eb9,complete received body,initial baseline,not assessed,,true,,HTTP 403
LRS-51ABA4E89BF03A,ALMBIH public clinical-trials register endpoint,https://klinicka.almbih.gov.ba/pages/klinicka-registar-javni,https://klinicka.almbih.gov.ba/pages/klinicka-registar-javni,2026-07-30,accessible,200,0,text/html; charset=utf-8,1867,,,2721,8af2a11cc559a94ba7cb43da5fb484418fc8d58dbaf027851af84a288e14fe48,complete received body,initial baseline,not assessed,,true,,
LRS-51C3EE6E46A9CC,Methodology for evaluation of standards,https://saavs.sk/wp-content/uploads/2022/11/Methodology-for-evaluation-of-standards-as-amended-on-22-September-2022.pdf,https://saavs.sk/wp-content/uploads/2022/11/Methodology-for-evaluation-of-standards-as-amended-on-22-September-2022.pdf,2026-07-30,accessible,200,0,application/pdf,,"W/""94896-5ee0fb562582c""","Tue, 22 Nov 2022 14:08:38 GMT",608406,7ccf2487f34b673c42b427cb9da21097bb6bb6574317b26524c34ee7266ddaa7,complete received body,initial baseline,not assessed,,true,,
LRS-51C766D2051531,Latvian Council of Science about us,https://www.lzp.gov.lv/en/about-us,https://www.lzp.gov.lv/en/about-us,2026-07-30,accessible,200,0,text/html; charset=UTF-8,,"W/""1785438334""","Thu, 30 Jul 2026 19:05:34 GMT",85516,673892aaab3ab310e66eaa6d41d92dbf39d7bfc646295a4169adfa7e041125d2,complete received body,initial baseline,not assessed,,true,,
LRS-5243890870A55C,Academic Ethics Committee mandate in the Academic Staff Act,https://ibl.bas.bg/wp-content/uploads/2020/07/act_on_development_acadStaff_022019.pdf,https://ibl.bas.bg/wp-content/uploads/2020/07/act_on_development_acadStaff_022019.pdf,2026-07-30,accessible,200,0,application/pdf,206998,"""32896-6418391172bc0""","Sun, 19 Oct 2025 14:13:11 GMT",206998,4dbcffbbc083855f52efdd38266206cd5340ea69d7fcb57680235b27d5822264,complete received body,initial baseline,not assessed,,true,,
LRS-526A94D0C2D510,University ethics report 2024-2025,https://unibuc.ro/wp-content/uploads/2025/05/Raport-Comisia-de-Etica-2024-2025.pdf,https://unibuc.ro/wp-content/uploads/2025/05/Raport-Comisia-de-Etica-2024-2025.pdf,2026-07-30,accessible,200,0,application/pdf,741446,,"Thu, 22 May 2025 10:15:21 GMT",741446,b9fd8c0e57edb5936d119deba1de893b034b99c869d37e763fc06238ddbfdaaa,complete received body,initial baseline,not assessed,,true,,
LRS-526F6A63D9AD65,National Contact Point for Knowledge Security,https://english.rvo.nl/topics/national-contact-point-knowledge-security,https://english.rvo.nl/topics/national-contact-point-knowledge-security,2026-07-30,accessible,200,0,text/html; charset=utf-8,,"""15upupzf6q238ud""",,151451,ed8bdc893c7e8a2bb7d99afb751974bcdeaab90758f2434680fe8d0531d02d76,complete received body,initial baseline,not assessed,,true,,
LRS-529A5FF8D40388,University of Latvia whistleblowing and possible plagiarism decision 28 May 2019,https://www.lu.lv/par-mums/akademiskas-etikas-komisija/28052019-par-trauksmes-celsanu-un-iespejamo-plagiatu,https://www.lu.lv/par-mums/akademiskas-etikas-komisija/28052019-par-trauksmes-celsanu-un-iespejamo-plagiatu,2026-07-30,accessible,200,0,text/html; charset=utf-8,11342,"""615e04a325ef6e305d27804f68b2e1a5-gzip""",,63776,b639f04e815fb6f4b11b0cdb407b42661e9a059f3ab17c07dbf8d4fea44d2430,complete received body,initial baseline,not assessed,,true,,
LRS-529DE2B17DF026,ICI Bucharest ethics-code route,https://ici.ro/ro/reguli-si-reglementari,https://ici.ro/ro/reguli-si-reglementari/,2026-07-30,redirected-accessible,200,1,text/html; charset=utf-8,,,,9645,f67edf8d5ff7aaaa464de051aef749fbf465184029ed0cc0d8eae39737ec10ba,complete received body,initial baseline,human review required,,true,,redirect requires equivalence review
LRS-52ECF47902C96A,Law of Ukraine On Education,https://zakon.rada.gov.ua/laws/show/en/2145-19,https://zakon.rada.gov.ua/laws/show/en/2145-19,2026-07-30,http-error,403,0,text/html; charset=utf-8,4249,,,4249,0afd86d495b0eb9dfb33abd6ff200f5e5658b5b7480dcffbc5d80717f4bd0adb,complete received body,initial baseline,not assessed,,true,,HTTP 403
LRS-52EE62CB11CCC4,University of Edinburgh Annual Research Integrity Statements,https://research-office.ed.ac.uk/research-ethics-integrity/annual-research-integrity-statements,https://research-office.ed.ac.uk/research-integrity/annual-research-integrity-statements,2026-07-30,redirected-accessible,200,1,text/html; charset=UTF-8,11190,"W/""1785438114""","Thu, 30 Jul 2026 19:01:54 GMT",63816,fa6677cc77bf3c67281ec49f8aef1b8618074037c29d25af7964d99a3bab14ce,complete received body,initial baseline,human review required,,true,,redirect requires equivalence review
LRS-532AE2FF4A3F08,Ferizaj KAA page,https://akreditimi.rks-gov.net/university-of-applied-sciences-ferizaj,https://akreditimi.rks-gov.net/university-of-applied-sciences-ferizaj/,2026-07-30,redirected-accessible,200,1,text/html; charset=UTF-8,15647,,,96883,d55633abaa50c4d3ff09e57c3fa02bae4ea42dc1efcf99769466ab9ddbc2fefd,complete received body,initial baseline,human review required,,true,,redirect requires equivalence review
LRS-532C3AC5CFEAC8,ENRIO Slovenia country report,https://www.enrio.eu/country-reports/slovenia,https://www.enrio.eu/country-reports/slovenia/,2026-07-30,redirected-accessible,200,1,text/html; charset=UTF-8,12252,,,45135,50756b4d1a288f5ce474c173610f425ad30847c22892ab7d1eeb081086e85ad9,complete received body,initial baseline,human review required,,true,,redirect requires equivalence review
LRS-534FBB7A5B2547,ENRIO Belgium members page,https://www.enrio.eu/members/belgium,https://www.enrio.eu/members/belgium/,2026-07-30,redirected-accessible,200,1,text/html; charset=UTF-8,12423,,,47778,fa0c55d42afcf75498133a52eb459a847a3feacd9fc6edda3eb3483d8383e218,complete received body,initial baseline,human review required,,true,,redirect requires equivalence review
LRS-53693470C8C615,ASM public hearings,https://asm.md/en/public-hearings-2020,https://asm.md/en/public-hearings-2020,2026-07-30,accessible,200,0,text/html; charset=UTF-8,,,,32843,28e9b0494e82c3a88857bf96612c52734efcb36b34550d2acb287a3992da46ff,complete received body,initial baseline,not assessed,,true,,
LRS-537162F82CF350,UCL annual statement on research integrity 2023-2024,https://www.ucl.ac.uk/research-innovation-services/sites/research_innovation_services/files/ucl_research_integrity_annual_statement_2023-2024.pdf,https://www.ucl.ac.uk/research-innovation-services/sites/research_innovation_services/files/ucl_research_integrity_annual_statement_2023-2024.pdf,2026-07-30,accessible,200,0,application/pdf,231414,"""6793d6f0-387f6""","Fri, 24 Jan 2025 18:07:44 GMT",231414,311af37c273c33f521cce78a202bb7398241b8b44cfe75d7d46068ae012ab824,complete received body,initial baseline,not assessed,,true,,
LRS-538B536A177ED9,Guidelines for ethical review in human sciences,https://tenk.fi/en/advice-and-materials/guidelines-ethical-review-human-sciences,https://tenk.fi/en/advice-and-materials/guidelines-ethical-review-human-sciences,2026-07-30,accessible,200,0,text/html; charset=UTF-8,,"""1785427258""","Thu, 30 Jul 2026 16:00:58 GMT",69037,e14d0b8ee3cf722c2ca90ae077fa6fffb1703c6a1d206eb282d1abbc941893cb,complete received body,initial baseline,not assessed,,true,,
LRS-53ACF516DBB7BA,VCWI annual report 2025,https://www.vcwi.be/sites/default/files/VCWI_jaarverslag2025.pdf,https://www.vcwi.be/sites/default/files/VCWI_jaarverslag2025.pdf,2026-07-30,accessible,200,0,application/pdf,536653,"""8304d-64db328e9a900""","Mon, 23 Mar 2026 16:02:21 GMT",536653,83568286367eed382a1eebd8fdadf8fa2710fa6856c64e9d428d94e3b35bd6d8,complete received body,initial baseline,not assessed,,true,,
LRS-53B763637A7503,COST in Bosnia and Herzegovina,https://mcp.gov.ba/en/about-eu-cost,https://mcp.gov.ba/en/about-eu-cost,2026-07-30,accessible,200,0,text/html; charset=utf-8,36407,,,148047,9b24be56c6af584e4278c54ac6f41bff11f984e1e24c171a893dd62c51d22589,complete received body,initial baseline,not assessed,,true,,
LRS-53C12FBC314713,University of Akureyri Code of Ethics,https://www.unak.is/english/university/governance/the-code-of-ethics-of-the-university-of-akureyri/1000,https://www.unak.is/english/university/governance/the-code-of-ethics-of-the-university-of-akureyri/1000,2026-07-30,accessible,200,0,text/html; charset=UTF-8,18948,,,69877,cbf6f7cc023825f2d201ed27d1d1c36cd4190ec2ed4d8fdc391852b82c3a354a,complete received body,initial baseline,not assessed,,true,,
LRS-53E2C3A2DF29B8,Ethics Council annual report 2022-2023,https://www.unizg.hr/fileadmin/rektorat/O_Sveucilistu/Dokumenti_javnost/Izvjesca/Eticki_savjet/2022_2023_Godisnje_izvjesce_o_radu_ES.pdf,https://www.unizg.hr/fileadmin/rektorat/O_Sveucilistu/Dokumenti_javnost/Izvjesca/Eticki_savjet/2022_2023_Godisnje_izvjesce_o_radu_ES.pdf,2026-07-30,accessible,200,0,application/pdf,3365027,"""6c1041-3358a3-621d6f5d4ce8f""","Wed, 11 Sep 2024 12:16:31 GMT",1000000,9bb2ede583b1775fe2267acc69c9ff1a09a28d2025528088a1059f989a8feceb,first 1000000 bytes,initial baseline,not assessed,,true,,
LRS-53E6FBCB43C03E,BELSPO Research Security,https://www.belspo.be/belspo/ResearchSecurity/index_en.stm,https://www.belspo.be/belspo/ResearchSecurity/index_en.stm,2026-07-30,accessible,200,0,text/html,12036,,,12036,4ccfc9eb8c9a806c7a879a000af694e925cdfa50f34d09e05a6f617f6f14145a,complete received body,initial baseline,not assessed,,true,,
LRS-53E89DE0261C27,Government approves the framework university ethics code,https://legislatie.just.ro/Public/DetaliiDocumentAfis/281569,https://legislatie.just.ro/Public/DetaliiDocumentAfis/281569,2026-07-30,network-error,,0,,,,,0,,none,initial unavailable baseline,not assessed,,true,fetch failed,network access failed
LRS-53F50EB976F1AA,RSF position paper on ethics of animal use,https://rscf.ru/fondfiles/PotE_eng.pdf,https://rscf.ru/fondfiles/PotE_eng.pdf,2026-07-30,network-error,,0,,,,,0,,none,initial unavailable baseline,not assessed,,true,fetch failed,network access failed
LRS-542D2B24213193,Xjenza Malta,https://xjenzamalta.mt/,https://xjenzamalta.mt/,2026-07-30,accessible,200,0,text/html; charset=UTF-8,32709,,,256169,2202990fd4b71cb55d8e58984057f73d880dce4132a7664a60e571f5351dd822,complete received body,initial baseline,not assessed,,true,,
LRS-5443CBB242DB31,External evaluation and self-evaluation rulebook adopted,https://www.nacionalensovetzavoinid.com.mk/images/dokumenti/%D0%9F%D1%80%D0%B0%D0%B2%D0%B8%D0%BB%D0%BD%D0%B8%D0%BA%20%D0%B7%D0%B0%20%D0%B5%D0%B2%D0%B0%D0%BB%D1%83%D0%B0%D1%86%D0%B8%D1%98%D0%B0%20%D0%B8%20%D1%81%D0%B0%D0%BC%D0%BE%D0%B5%D0%B2%D0%B0%D0%BB%D1%83%D0%B0%D1%86%D0%B8%D1%98%D0%B0.pdf,https://www.nacionalensovetzavoinid.com.mk/images/dokumenti/%D0%9F%D1%80%D0%B0%D0%B2%D0%B8%D0%BB%D0%BD%D0%B8%D0%BA%20%D0%B7%D0%B0%20%D0%B5%D0%B2%D0%B0%D0%BB%D1%83%D0%B0%D1%86%D0%B8%D1%98%D0%B0%20%D0%B8%20%D1%81%D0%B0%D0%BC%D0%BE%D0%B5%D0%B2%D0%B0%D0%BB%D1%83%D0%B0%D1%86%D0%B8%D1%98%D0%B0.pdf,2026-07-30,accessible,200,0,application/pdf,730265,,"Mon, 26 Dec 2022 18:16:43 GMT",730265,6387970217eb4c8d79a132630d9eddfa4dbdfd5909bd4d7854e599cad7c7a673,complete received body,initial baseline,not assessed,,true,,
LRS-5460290498D8A8,Institute of Literature BAS Academic Ethics Committee,https://ilit.bas.bg/bg/kae,https://ilit.bas.bg/bg/kae,2026-07-30,accessible,200,0,text/html; charset=utf-8,69524,,,69524,380395038d13e788b3268093d948f32aae590898577a8085566ac83d7bb165b6,complete received body,initial baseline,not assessed,,true,,
LRS-547C17E155A07F,Law on Higher Education and Research establishes the national academic-ethics legal context,https://skvc.lrv.lt/en/legislation/legal-acts,https://skvc.lrv.lt/en/legislation/legal-acts,2026-07-30,http-error,403,0,text/html; charset=UTF-8,,,,5698,149b59b65b736be7b0882924f08ea913457f492a11c8228a6bed044fefde2ff0,complete received body,initial baseline,not assessed,,true,,HTTP 403
LRS-549885FDB89C16,Faculty of Humanities and Social Sciences ethics approvals,https://arhiva.ff.sum.ba/hr/obavijesti-novosti/psihologija/odlukeeti%C4%8Dko-povjerenstvo,https://arhiva.ff.sum.ba/hr/obavijesti-novosti/psihologija/odlukeeti%C4%8Dko-povjerenstvo,2026-07-30,accessible,200,0,text/html; charset=utf-8,,"""1785438342-1""","Thu, 30 Jul 2026 19:05:42 GMT",57056,edd785cbafc30664a80daa82e0ff4fa9564bf9dc71c8567716ad7f8bbaa678f9,complete received body,initial baseline,not assessed,,true,,
LRS-54D79FFA1DB154,RAPS help document,https://raps.swissethics.ch/custom/RAPS_help.pdf,https://raps.swissethics.ch/custom/RAPS_help.pdf,2026-07-30,accessible,200,0,application/pdf,176970,"""2b34a-648b28b6df9d8""","Mon, 19 Jan 2026 00:12:20 GMT",176970,8d5d1e3ef5eb930b2bce1b5d10f21f8eccebdff4d242332ecbda34140316d67f,complete received body,initial baseline,not assessed,,true,,
LRS-54F1CD224900A8,Hamidiye HADYEK page,https://sbu.edu.tr/arastirma/etik-kurullar/hamidiye-hayvan-deneyleri-yerel-etik-kurulu,https://sbu.edu.tr/arastirma/etik-kurullar/hamidiye-hayvan-deneyleri-yerel-etik-kurulu/,2026-07-30,redirected-accessible,200,1,text/html; charset=utf-8,81312,"""m0adb7duhr85gb""",,383904,9cdb5377d63d49698a5e67040008c6f3b002bb87aecbd6422d87c058617d44c8,complete received body,initial baseline,human review required,,true,,redirect requires equivalence review
LRS-54F55BBE4A309C,Committee Scientific Integrity,https://www.eur.nl/en/about-university/organisation/legal-affairs/legal-procedures/committee-scientific-integrity,https://www.eur.nl/en/about-university/organisation/legal-affairs/legal-procedures/committee-scientific-integrity,2026-07-30,accessible,200,0,text/html; charset=UTF-8,,"W/""1785438342-gzip""","Thu, 30 Jul 2026 19:05:42 GMT",170955,6c79c8c5de4c9c4cee8c8cd0c846bbfe2422787b5a779c6660b993b0d6d8e455,complete received body,initial baseline,not assessed,,true,,
LRS-54F5B003D71E12,NSRI PLOS ONE publication,https://doi.org/10.1371/journal.pone.0263023,https://journals.plos.org/plosone/article?id=10.1371/journal.pone.0263023,2026-07-30,redirected-accessible,200,3,text/html;charset=UTF-8,,,,204741,7cb71f2517530f38958ae6f9bf6fd5a0cbb1d32414c1d7be5adbab34e4e4847e,complete received body,initial baseline,human review required,,true,,redirect requires equivalence review
LRS-555FC76E41B582,Guidelines for Science Communication in Line with Academic Ethics,https://etikostarnyba.lt/wp-content/uploads/2025/10/GUIDELINES-FOR-SCIENCE-COMMUNICATION-in-Line-with-Academic-Ethics.pdf,https://etikostarnyba.lt/wp-content/uploads/2025/10/GUIDELINES-FOR-SCIENCE-COMMUNICATION-in-Line-with-Academic-Ethics.pdf,2026-07-30,accessible,200,0,application/pdf,375729,,"Mon, 27 Oct 2025 13:35:52 GMT",375729,21bdbf4e2e5b251458af337cad562140f75d7ed1af01db38ee9a9a4098f697d7,complete received body,initial baseline,not assessed,,true,,
LRS-557205F3A0AB2F,CSFK Ethics Committee page,https://csfk.hun-ren.hu/en/intranet/ethics-committee,https://csfk.hun-ren.hu/en/intranet/ethics-committee/,2026-07-30,redirected-accessible,200,1,text/html; charset=UTF-8,12650,,,54481,7a8f1fc884ccd4cad0db6fdac9a575eefa9dd801712f3ce0d3223f7a58707f95,complete received body,initial baseline,human review required,,true,,redirect requires equivalence review
LRS-55B67D3F0F6C97,Code of Ethics for Researchers,https://pan.pl/app/uploads/2025/06/Code_of_ethics_for_researchers_2024.pdf,https://pan.pl/app/uploads/2025/06/Code_of_ethics_for_researchers_2024.pdf,2026-07-30,accessible,200,0,application/pdf,286894,"""541e7-63749607c5f98-gzip""","Wed, 11 Jun 2025 10:35:51 GMT",344551,48bee9b4e40cb413425d355ce4a3ee0e0d7ed91119d9112ea62c2aa2f21788e7,complete received body,initial baseline,not assessed,,true,,
LRS-55BEA10D3874FD,Research Council of Hungary,https://nkfih.gov.hu/english-2017/boards-and-committees/research-council-of-hungary/introduction,https://nkfih.gov.hu/english-2017/boards-and-committees/research-council-of-hungary/introduction,2026-07-30,accessible,200,0,text/html; charset=UTF-8,28043,,,214105,04d8d12f43260d3f93a2e5f61d9395d1abb3c3270835170e455c90d158f7eb0c,complete received body,initial baseline,not assessed,,true,,
LRS-55C6E8278EA9A3,Code of Professional Ethics,https://web1.grf.bg.ac.rs/p/docs/ostalo/code_of_professional_ethics_eng_1721023387698.pdf,https://web1.grf.bg.ac.rs/p/docs/ostalo/code_of_professional_ethics_eng_1721023387698.pdf,2026-07-30,accessible,200,0,application/pdf,37760,code_of_professional_ethics_eng_1721023387698.pdf_37760_1721023387000,"Mon, 15 Jul 2024 06:03:07 GMT",37760,029232a9d8896b53011c7b3c0ea65bcb9ae7313e96bec9960d9481930a40e74f,complete received body,initial baseline,not assessed,,true,,
LRS-55C9B1B1D7D73D,Act 2019:504,https://www.uhr.se/en/start/laws-and-regulations/Laws-and-regulations/act-on-responsibility-for-good-research-practice,https://www.uhr.se/en/start/laws-and-regulations/Laws-and-regulations/act-on-responsibility-for-good-research-practice,2026-07-30,accessible,200,0,text/html; charset=utf-8,90861,,,90861,26b9b094eb22ecd8435580b31c8051ca84c7ed3178250b32311da53eb30fafb8,complete received body,initial baseline,not assessed,,true,,
LRS-55CE6B21FC5300,Ethics and Integrity hub,https://www.uni.lu/en/about/ethics-integrity,https://www.uni.lu/en/about/ethics-integrity,2026-07-30,accessible,202,0,text/html; charset=UTF-8,2087,,,2087,fe8ab2ace815cd2293ba69035e0310f8a1446d566890e1dfad54fdd074774123,complete received body,initial baseline,not assessed,,true,,
LRS-5651E2CECB80F6,Delegated Decree No. 169/2023 on UniRSM institutional structure,https://www.unirsm.sm/wp-content/uploads/2023/12/DD-n.169-2023-Assetto-istituzionale-e-organizzativo-UNIRSM.pdf,https://www.unirsm.sm/wp-content/uploads/2023/12/DD-n.169-2023-Assetto-istituzionale-e-organizzativo-UNIRSM.pdf,2026-07-30,accessible,200,0,application/pdf,409340,"""63efc-620bf1971e180""","Wed, 28 Aug 2024 14:23:18 GMT",409340,a4b68f11297a843f7ce4469add807b73de7b255a837650c613e6babeaadfc72b,complete received body,initial baseline,not assessed,,true,,
LRS-56EA0DEF4C6860,Babes-Bolyai public case extracts,https://www.ubbcluj.ro/ro/despre/organizare/files/etica/Hotararea_7_din_2022_a_Comisiei_de_etica_UBB_cazul_Bode_EXTRASE__.pdf,https://www.ubbcluj.ro/ro/despre/organizare/files/etica/Hotararea_7_din_2022_a_Comisiei_de_etica_UBB_cazul_Bode_EXTRASE__.pdf,2026-07-30,accessible,200,0,application/pdf,467429,"""721e5-5ec636c4e2c82""","Tue, 01 Nov 2022 07:10:46 GMT",467429,f24ad94a6c407ba1f807126f694ab1079f87e5047ade50f59972da626d8a0def,complete received body,initial baseline,not assessed,,true,,
LRS-570BAB06D1A732,FEK/NREC,https://www.forskningsetikk.no/en,https://www.forskningsetikk.no/en,2026-07-30,accessible,200,0,text/html; charset=utf-8,,,,21551,46139e835edd1af4b9ec5d453d6ee4db6460d6f9a1f278bc956b1e145d72bbc0,complete received body,initial baseline,not assessed,,true,,
LRS-57391F0D44916F,Corvinus REC resolutions page,https://www.uni-corvinus.hu/main-page/about-the-university/senate-university-committees/kutatasetikai-bizottsag/resolutions?lang=en,https://www.uni-corvinus.hu/main-page/about-the-university/senate-university-committees/kutatasetikai-bizottsag/resolutions/?lang=en,2026-07-30,redirected-accessible,200,1,text/html; charset=UTF-8,,,,120720,8f4c03d3f4627280643d6f2ecd9dad71c7be34595a85268a1d424f0f12c77fe5,complete received body,initial baseline,human review required,,true,,redirect requires equivalence review
LRS-5745903DDDF30B,Ofis July 2025 recommendations,https://www.ofis-france.fr/wp-content/uploads/2025/10/RecommandationsJuillet2025_Ofis.pdf,https://www.ofis-france.fr/wp-content/uploads/2025/10/RecommandationsJuillet2025_Ofis.pdf,2026-07-30,accessible,200,0,application/pdf,775050,"""68dd672d-bd38a""","Wed, 01 Oct 2025 17:38:53 GMT",775050,dbc6deadacf1c4b9b85306b582f414410fb42be17f6f5b21188ca33dcf0e77a1,complete received body,initial baseline,not assessed,,true,,
LRS-578A30DBB104B1,Research and Doctoral Commission,https://www.uda.ad/recerca/escola-internacional-de-doctorat/comissio-de-recerca-i-doctorat,https://www.uda.ad/recerca/escola-internacional-de-doctorat/comissio-de-recerca-i-doctorat/,2026-07-30,redirected-accessible,200,1,text/html; charset=UTF-8,41572,,,258051,642e5463945fa547d9d7c3ed2ec5efd4b68d5d659a9028b814e9d27d3274798b,complete received body,initial baseline,human review required,,true,,redirect requires equivalence review
LRS-57AFCC35699E00,EIEO Committee page,https://www.zrc-sazu.si/podpora_raziskovanju/en/strani/eiem-commission,https://www.zrc-sazu.si/podpora_raziskovanju/en/strani/eiem-commission,2026-07-30,accessible,200,0,text/html; charset=UTF-8,90327,"""1785438344""","Thu, 30 Jul 2026 19:05:44 GMT",90327,49fd317f3685d143c80a875603f17553de4f0aeeab6e603ac0017280df027703,complete received body,initial baseline,not assessed,,true,,
LRS-57B0BC42B772A6,UNIC University Research Ethics Committee,https://www.unic.ac.cy/research/research-committees/university-research-ethics-committee,https://www.unic.ac.cy/research/research-committees/university-research-ethics-committee,2026-07-30,accessible,200,0,text/html; charset=UTF-8,,,"Wed, 02 Jun 2021 11:38:28 GMT",1000000,9e59d24520dd728d39e1a0f013b9e14951120635a621b6dac82ce80d744784b7,first 1000000 bytes,initial baseline,not assessed,,true,,
LRS-57BCEF4729DCA0,Univerzitet u Tuzli,https://untz.ba/studij-nastava/ured-za-nastavu/kodeks-nastavnicke-etike,https://untz.ba/studij-nastava/ured-za-nastavu/kodeks-nastavnicke-etike/,2026-07-30,redirected-accessible,200,1,text/html; charset=UTF-8,,,,221926,4cd60c1409e9e4cb6309b6c01e48b9005032d73e942329827407ec7d6ae099c9,complete received body,initial baseline,human review required,,true,,redirect requires equivalence review
LRS-57C3C58BFF23F3,Ministry of Education and Science,https://mon.gov.mk/en-GB/odnosi-so-javnost/novosti/usvoen-e-patokaz-za-istrazuvackata-infrastruktura-na-republika-severna-makedonija,https://mon.gov.mk/en-GB/odnosi-so-javnost/novosti/usvoen-e-patokaz-za-istrazuvackata-infrastruktura-na-republika-severna-makedonija,2026-07-30,accessible,200,0,text/html; charset=utf-8,,,,164857,7392951d920553149f527b08510d667ffd06a8b6366b7cc89ce1d5cada330c14,complete received body,initial baseline,not assessed,,true,,
LRS-583D390BFE91A5,Latvian Institute of Organic Synthesis Ethics Code,https://www.osi.lv/wp-content/uploads/2024/10/Code-of-ethics_25.09.2024.pdf,https://www.osi.lv/wp-content/uploads/2024/10/Code-of-ethics_25.09.2024.pdf,2026-07-30,accessible,200,0,application/pdf,547537,"""66fbdf14-85ad1""","Tue, 01 Oct 2024 11:37:56 GMT",547537,7233d6c39c01107e524c267a72503c2f15f16e7ecb4517c86985f654fc391a43,complete received body,initial baseline,not assessed,,true,,
LRS-584972F4DFD15A,Corvinus REC representative resolution,https://www.uni-corvinus.hu/downloads/8kb8.1i05gfd/rec-krh-2023-351.e24.pdf,https://www.uni-corvinus.hu/downloads/8kb8.1i05gfd/rec-krh-2023-351.e24.pdf,2026-07-30,accessible,200,0,application/pdf,141347,,"Thu, 01 Jan 1970 00:00:00 GMT",141347,173a5018d42ba1731c2ccc3e2f11fbc6f8bac118435bcd44bd903244d63f5ed1,complete received body,initial baseline,not assessed,,true,,
LRS-58511063318F3C,LMU regulation on safeguarding good scientific practice,https://cms-cdn.lmu.de/media/contenthub/amtliche-veroeffentlichungen/gwp-ordnung.pdf,https://cms-cdn.lmu.de/media/contenthub/amtliche-veroeffentlichungen/gwp-ordnung.pdf,2026-07-30,accessible,200,0,application/pdf,192560,"""2f030-657c6b2872f41""","Wed, 29 Jul 2026 21:32:50 GMT",192560,18748817c22aaf81a2777627fca374eb0a9cdf757b04c9b6116b9f4de4b1340d,complete received body,initial baseline,not assessed,,true,,
LRS-588525702BEEE2,Law 9/2026,https://diariodarepublica.pt/dr/detalhe/lei/9-2026-954701055,https://diariodarepublica.pt/dr/detalhe/lei/9-2026-954701055,2026-07-30,accessible,200,0,text/html; charset=utf-8,,,,2346,043b1ab50ac43d1f14ac425f913d3255819d737cc44d6f2e0f13b672237bb4d5,complete received body,initial baseline,not assessed,,true,,
LRS-5885868A044B9F,BASG national clinical-trial requirements,https://www.basg.gv.at/en/healthcare-professionals/clinical-trials/clinical-trials-of-medicinal-products/national-requirements,https://www.basg.gv.at/en/healthcare-professionals/clinical-trials/clinical-trials-of-medicinal-products/national-requirements,2026-07-30,accessible,200,0,text/html;charset=utf-8,27122,,,209700,76d2bd2117a4ed0f1a30335d8b2f7eba2869b9285d15a49b5d4bdcf23b5dcc52,complete received body,initial baseline,not assessed,,true,,
LRS-58DB44C3883261,PMF UKIM,https://www.pmf.ukim.edu.mk/filemanager/248_Eticki_kodeks.pdf,https://www.pmf.ukim.edu.mk/filemanager/248_Eticki_kodeks.pdf,2026-07-30,accessible,200,0,application/pdf,438818,"""6b222-5c6866ced5470;6502b6e6ada83","Wed, 07 Jul 2021 10:58:58 GMT",438818,1f077cd416c26202dd576df48d9f0c6095cf0603da6d9a2b5aef3bdeb0ecd854,complete received body,initial baseline,not assessed,,true,,
LRS-58F01E437C9E0D,Austrian higher-education ombuds directory,https://www.wu.ac.at/fileadmin/wu/h/structure/management/senate/Ergebnisse/Daten/03_2024_6.-Auflage-der-Broschuere-Ombudsstellen.pdf,https://www.wu.ac.at/fileadmin/wu/h/structure/management/senate/Ergebnisse/Daten/03_2024_6.-Auflage-der-Broschuere-Ombudsstellen.pdf,2026-07-30,accessible,200,0,application/pdf,4222873,"""6620e7c1-406f99""","Thu, 18 Apr 2024 09:28:33 GMT",1000000,569e41e9e104390e3a2b123d8caa682b54a1d0787af85e73d78845d61dee1b5f,first 1000000 bytes,initial baseline,not assessed,,true,,
LRS-591857996C9FE4,King's College London Research Misconduct Procedure,https://www.kcl.ac.uk/policyhub/research-misconduct-procedure,https://www.kcl.ac.uk/policyhub/research-misconduct-procedure,2026-07-30,accessible,200,0,text/html; charset=utf-8,61572,"W/""6778a-VLl3at3tYolUkVoOIYwUFsScpOU""",,425078,956074b826c67efe8f7b9083a591556ff4087f0706e35066371b8f0bdbe52b88,complete received body,initial baseline,not assessed,,true,,
LRS-592F0614F74E19,Latvian State Institute of Wood Chemistry Ethics Code,https://kki.lv/sites/default/files/documents/LVKKI-%C4%93tikas%20kodekss-2024%20%281%29.pdf,https://kki.lv/sites/default/files/documents/LVKKI-%C4%93tikas%20kodekss-2024%20%281%29.pdf,2026-07-30,accessible,200,0,application/pdf,684790,"""a72f6-6788c6e8-87c7dfc46d6f3250;;;""","Thu, 16 Jan 2025 08:44:24 GMT",684790,c9df447a14679ba7ee8b84ef3bcc2ba278759c209e95038000baaf9b9e734686,complete received body,initial baseline,not assessed,,true,,
LRS-5932F9829DE621,CEIUC regulation,https://www.uc.pt/site/assets/files/475840/20220816_reg_789_reg_comissao_etica_investigacao_uc.pdf,https://www.uc.pt/site/assets/files/475840/20220816_reg_789_reg_comissao_etica_investigacao_uc.pdf,2026-07-30,accessible,200,0,application/pdf,276361,"""6a5e5712-43789""","Mon, 20 Jul 2026 17:12:50 GMT",276361,adf0e075c1ac294280a1f60c22db7e79ca662cf6d3f98c82fe641455c89f6fd9,complete received body,initial baseline,not assessed,,true,,
LRS-593E0B9E9464A5,Animal-research non-technical summaries,https://www.salute.gov.it/new/it/tema/prevenzione-e-controllo-malattie-degli-animali/sintesi-non-tecnica,https://www.salute.gov.it/new/it/tema/prevenzione-e-controllo-malattie-degli-animali/sintesi-non-tecnica,2026-07-30,accessible,200,0,text/html; charset=UTF-8,,,,12780,ebe49c753af82cf2a517bff1fb6d0ea7d82f1f1a4447dce6eb5090a3efa30bbf,complete received body,initial baseline,not assessed,,true,,
LRS-5951FC2249E8F8,ELTE Bárczi committee page,https://barczi.elte.hu/en/scientific-and-research-ethics-committee,https://barczi.elte.hu/en/scientific-and-research-ethics-committee,2026-07-30,accessible,200,0,text/html; charset=UTF-8,12014,"""1785438346-gzip""","Thu, 30 Jul 2026 19:05:46 GMT",67476,6118e2afaf9387f1a5f6641a42f766baa95e0952c298ff199df64a7530fd9cfa,complete received body,initial baseline,not assessed,,true,,
LRS-59A4667514F6A8,Russian Academy of Sciences,https://www.ras.ru/popularization.aspx,https://www.ras.ru/popularization.aspx,2026-07-30,network-error,,0,,,,,0,,none,initial unavailable baseline,not assessed,,true,fetch failed,network access failed
LRS-59AEF217605F28,TUBITAK AYEK regulation,https://tubitak.gov.tr/sites/default/files/2024-05/277_islenmis_hali_1.pdf,https://tubitak.gov.tr/sites/default/files/2024-05/277_islenmis_hali_1.pdf,2026-07-30,accessible,200,0,application/pdf,254138,"""664499b8-3e0ba""","Wed, 15 May 2024 11:17:12 GMT",254138,fdd02e85d2a4db114d0e6c66fb061adb9fdcaf619beedb2ea93b24bfa19e7e44,complete received body,initial baseline,not assessed,,true,,
LRS-59D9AA29E8BBEE,KAA SCQ meeting minutes page,https://akreditimi.rks-gov.net/state-council-of-quality/scq-meetings,https://akreditimi.rks-gov.net/state-council-of-quality/scq-meetings/,2026-07-30,redirected-accessible,200,1,text/html; charset=UTF-8,12557,,,68573,7a80586c337a13217e28df9aedeb4c3aa435359a709d6c55f68d1ac5cf74cd9a,complete received body,initial baseline,human review required,,true,,redirect requires equivalence review
LRS-59FA31220D0141,Law 43/2014,https://legislatie.just.ro/Public/DetaliiDocumentAfis/157944,https://legislatie.just.ro/Public/DetaliiDocumentAfis/157944,2026-07-30,network-error,,0,,,,,0,,none,initial unavailable baseline,not assessed,,true,fetch failed,network access failed
LRS-5A6704ACD76CA2,Policy on Good Research Practice,https://www.tcd.ie/research/assets/pdf/Policy%20on%20Good%20Research%20Practice_1.1.pdf,https://www.tcd.ie/media/tcd/about/policies/pdfs/Policy-on-Good-Research-Practice_1.1.pdf,2026-07-30,redirected-accessible,200,1,application/pdf,,"W/""d5b36-65579b7c61218""","Tue, 30 Jun 2026 14:52:02 GMT",875318,b191435e6a53736b29a3ec1ca62449e74e6f54bc74da0b4977bdf3bc2b2aa0f3,complete received body,initial baseline,human review required,,true,,redirect requires equivalence review
LRS-5A76601F40D0E0,U.Porto CEUP documents page,https://sigarra.up.pt/up/pt/conteudos_geral.ver?pct_grupo=1200&pct_pag_id=1001669&pct_parametros=p_pagina%3D1001669,https://sigarra.up.pt/up/pt/conteudos_geral.ver?pct_grupo=1200&pct_pag_id=1001669&pct_parametros=p_pagina%3D1001669,2026-07-30,http-error,403,0,text/html; charset=UTF-8,,,,6069,fd9dc515c79b81193beaf0a7cba547d4db33aa59e0c736a104eaeb847a13f997,complete received body,initial baseline,not assessed,,true,,HTTP 403
LRS-5A9468556E1394,UZH ethics and integrity overview,https://www.uzh.ch/en/researchinnovation/ethics/integrity.html,https://www.uzh.ch/en/researchinnovation/ethics/integrity.html,2026-07-30,accessible,200,0,text/html;charset=UTF-8,23528,,"Thu, 30 Jul 2026 19:05:47 GMT",145232,d1c44042abe10df3a241ae1e863365c3685013ff5049ec167b3e31614d1f2765,complete received body,initial baseline,not assessed,,true,,
LRS-5AB22792A8A6EF,DFG press release 39/2024,https://www.dfg.de/en/service/press/press_releases/2024/press_release_no_39,https://www.dfg.de/en/service/press/press_releases/2024/press_release_no_39,2026-07-30,http-error,404,0,text/html;charset=UTF-8,,,,314567,33e9b51572643cf2f2d9ca5b3d6bbedd9eb1728a601651191d4832fef7357cb8,complete received body,initial baseline,not assessed,,true,,HTTP 404
LRS-5ABC12E6ED800F,Research Integrity workshops 2025,https://eventi.unitn.it/it/research-integrity-workshops-2025,https://eventi.unitn.it/it/research-integrity-workshops-2025,2026-07-30,accessible,200,0,text/html; charset=UTF-8,11086,"""1785438347-gzip""","Thu, 30 Jul 2026 19:05:47 GMT",46735,ba44fac4b086ef96524369b5e764e3bf675c3b55263224a331ecefd746e4c343,complete received body,initial baseline,not assessed,,true,,
LRS-5AD7BDDCB387BC,Ofis recommendations article,https://www.ofis-france.fr/recommandations-relatives-a-la-procedure-de-traitement-des-manquements-a-lintegrite-scientifique,https://www.ofis-france.fr/recommandations-relatives-a-la-procedure-de-traitement-des-manquements-a-lintegrite-scientifique/,2026-07-30,redirected-accessible,200,1,text/html; charset=UTF-8,,,,124100,53bebaf77daf0d885454bbf6317169d39af3fef7806e95033982dd1ba0f236c8,complete received body,initial baseline,human review required,,true,,redirect requires equivalence review
LRS-5ADC0D13E9D8CE,2017 Odbor work report,https://sabor.hr/sites/default/files/uploads/sabor/2019-01-18/081406/IZVJ_ODBOR_ETIKA_2017.pdf,https://sabor.hr/sites/default/files/uploads/sabor/2019-01-18/081406/IZVJ_ODBOR_ETIKA_2017.pdf,2026-07-30,accessible,200,0,application/pdf,2099213,"""20080d-62381ce5b586c""","Wed, 02 Oct 2024 17:31:20 GMT",1000000,bf272cfea7dac8b53a57740cc4a860c979e71054cead32796b61d5424df10fb5,first 1000000 bytes,initial baseline,not assessed,,true,,
LRS-5AF697754C1F49,biobank.cy,https://biobank.cy/ieab,https://biobank.cy/ieab/,2026-07-30,redirected-accessible,200,1,text/html; charset=UTF-8,,,"Thu, 30 Jul 2026 19:10:48 GMT",166908,2e59e8cf43cad6b5af7c57e4a8094cb0316a61386cfc064dd6f3bd03e5c28c1c,complete received body,initial baseline,human review required,,true,,redirect requires equivalence review
LRS-5AF93D44B7FFDB,ANACEC ethics and deontology code,https://www.anacec.md/files/cod-etica.pdf,https://www.anacec.md/files/cod-etica.pdf,2026-07-30,accessible,200,0,application/pdf,297434,"""489da-5b8c7e0f97200""","Wed, 13 Jan 2021 13:11:36 GMT",297434,bb3e3f16b0d5d6a2093eb112e85f42f3f9fe26e0ff31a6ebb8a277227d1b85b1,complete received body,initial baseline,not assessed,,true,,
LRS-5B1D5F16E333F7,Trinity Anti-Fraud and Anti-Corruption Policy,https://www.tcd.ie/media/tcd/about/policies/pdfs/Fraud-Policy.pdf,https://www.tcd.ie/media/tcd/about/policies/pdfs/Fraud-Policy.pdf,2026-07-30,accessible,200,0,application/pdf,,"W/""84435-64dda4367cb88""","Wed, 25 Mar 2026 14:41:29 GMT",541749,1bf7c93aa70a242de1df39dbe9af067b60fe94c1ead5d61a1b105c8d48cc7cb7,complete received body,initial baseline,not assessed,,true,,
LRS-5B40C66B19CEAD,European Code of Conduct for Research Integrity,https://www.forskningsetikk.no/en/guidelines/the-european-code-of-conduct-for-research-integrity,https://www.forskningsetikk.no/en/guidelines/the-european-code-of-conduct-for-research-integrity,2026-07-30,accessible,200,0,text/html; charset=utf-8,,,,16647,5b3c72d2b96f0d29ea93cfb68653bb271fd412d4ae73dbe391c0fb896714b3f4,complete received body,initial baseline,not assessed,,true,,
LRS-5B77481FD60277,NASU article on adoption of the Law on Academic Integrity,https://www.nas.gov.ua/news/verhovna-rada-ukrani-uhvalila-zakon-pro-akademichnu-dobrochesnist,https://www.nas.gov.ua/news/verhovna-rada-ukrani-uhvalila-zakon-pro-akademichnu-dobrochesnist,2026-07-30,accessible,200,0,text/html; charset=UTF-8,,,,48893,20615a3a6109cf9509382ccc92300c3298e8861ddd8e141fb25685659ae3207a,complete received body,initial baseline,not assessed,,true,,
LRS-5B9AB65A5BFA09,Attestation webinar page,https://minobrnauki.gov.ru/press-center/news/nauka-i-obrazovanie/99016,https://minobrnauki.gov.ru/press-center/news/nauka-i-obrazovanie/99016,2026-07-30,network-error,,0,,,,,0,,none,initial unavailable baseline,not assessed,,true,fetch failed,network access failed
LRS-5BAD85EE26C4A9,Tukija legislation,https://tukija.fi/en/legislation,https://tukija.fi/en/legislation,2026-07-30,accessible,200,0,text/html;charset=UTF-8,,,,107179,6ddda4e93371f4bf2a50cc7660c8ad0130df7557145a49e4573c7023f1a33688,complete received body,initial baseline,not assessed,,true,,
LRS-5BBBB483D300C6,Data Protection Inspectorate annual-report chapter on research data,https://aastaraamat.aki.ee/aastaraamat-2021-2022-tervis/isikuandmed-teadusuuringutes,https://aastaraamat.aki.ee/aastaraamat-2021-2022-tervis/isikuandmed-teadusuuringutes,2026-07-30,http-error,403,0,text/html; charset=UTF-8,,,,5837,e9f3216e56b00857e9f08f57bbced69c53ef3b7e1c2112eac7b4bcad873487ff,complete received body,initial baseline,not assessed,,true,,HTTP 403
LRS-5BC043037831F4,Law 4957/2022 refreshes the university ethics framework,https://www.uth.gr/en/university/institutional/ethics-issues,https://www.uth.gr/en/university/institutional/ethics-committee,2026-07-30,redirected-accessible,200,1,text/html; charset=UTF-8,82410,"""1785437659""","Thu, 30 Jul 2026 18:54:19 GMT",82410,db7a7488787f84fb3e5085d209f35237043e96c16d42a2f7bded70d65cbe9506,complete received body,initial baseline,human review required,,true,,redirect requires equivalence review
LRS-5BC93C9F8D1740,ANR ethics scientific integrity and deontology,https://anr.fr/CharteDeontologie,https://anr.fr/fr/lanr/engagements/lintegrite-scientifique/,2026-07-30,redirected-accessible,200,1,text/html; charset=utf-8,17088,,,242653,e09d0b295c999cf7fe08d9ab99543eaecf9ea4c673193f44a87572357f65a353,complete received body,initial baseline,human review required,,true,,redirect requires equivalence review
LRS-5BDD42CDE57468,Academic Integrity Regulations,https://www.ru.nl/en/regulations/academic-integrity-regulations,https://www.ru.nl/en/regulations/academic-integrity-regulations,2026-07-30,accessible,200,0,text/html; charset=UTF-8,15304,,"Thu, 30 Jul 2026 19:05:50 GMT",55281,630e2ec274a17037cdbd612904c80004b775f5269108343b39b59abc48185e12,complete received body,initial baseline,not assessed,,true,,
LRS-5C328937BAE206,Central Academic Ethics Commission 2024 performance report,https://www.vu.lt/site_files/Vertimai/EN_translation_CAEK_veiklos_ataskaita_2024.pdf,https://www.old.vu.lt/site_files/Vertimai/EN_translation_CAEK_veiklos_ataskaita_2024.pdf,2026-07-30,redirected-accessible,200,1,application/pdf,178411,,"Mon, 24 Feb 2025 12:54:52 GMT",178411,6c1d9b63810b9a89493f53384888c05b7016748ca4f802cc584ba06fcc2c0b89,complete received body,initial baseline,human review required,,true,,redirect requires equivalence review
LRS-5C32895200C0DF,OsloMet Science Ombud,https://ansatt.oslomet.no/en/vitenskapsombud,https://ansatt.oslomet.no/en/vitenskapsombud,2026-07-30,accessible,200,0,text/html;charset=UTF-8,,,,85206,eb111bce6344d5848e31318fdc769fa67b28dcc33eab26509b91c266e053a79e,complete received body,initial baseline,not assessed,,true,,
LRS-5C5B4A9C3491DB,UniRSM quality assurance,https://www.unirsm.sm/ateneo/assicurazione-qualita,https://www.unirsm.sm/ateneo/assicurazione-qualita/,2026-07-30,redirected-accessible,200,1,text/html; charset=UTF-8,18719,,,102395,07e03a26ca74055b4fdcde5ea625d9f5d33bd47b97142803ace614007f325990,complete received body,initial baseline,human review required,,true,,redirect requires equivalence review
LRS-5C85F6616B2A9C,Higher Education Institutions page,https://akokvo.me/en/higher-education-institutions,https://akokvo.me/en/higher-education-institutions/,2026-07-30,redirected-accessible,200,1,text/html; charset=UTF-8,,,,64012,6ad4bcd8ec2a14cd90ef6504bb24ebeaf6364a668999463adf283427c609b76b,complete received body,initial baseline,human review required,,true,,redirect requires equivalence review
LRS-5CF5354EFACBB0,UM scientific integrity,https://www.maastrichtuniversity.nl/research/integrity-ethics/scientific-integrity,https://www.maastrichtuniversity.nl/research/integrity-ethics/scientific-integrity,2026-07-30,accessible,200,0,text/html; charset=UTF-8,,,,595256,d8086f0cec1ec1881b2a828c60ba152de2b73eb4594527b7e59345d44fd5ca11,complete received body,initial baseline,not assessed,,true,,
LRS-5D222855B8B1BD,Ethical Review Act,https://www.uhr.se/en/start/laws-and-regulations/Laws-and-regulations/the-ethical-review-act,https://www.uhr.se/en/start/laws-and-regulations/Laws-and-regulations/the-ethical-review-act,2026-07-30,http-error,404,0,text/html; charset=utf-8,124725,,,124725,d6157321fe0c18774a929b5cc274e2ce91bbe3d303e3d7c10c4dc9b263b00640,complete received body,initial baseline,not assessed,,true,,HTTP 404
LRS-5D380E5619A8C9,NKB website,https://nkb.gov.pl/en,https://abm.gov.pl/,2026-07-30,redirected-accessible,200,2,text/html; charset=UTF-8,,,,28377,245653b8d568d00e7a318687f8896e78420b86eea5f7078aa7675cb3cd9b5b34,complete received body,initial baseline,human review required,,true,,redirect requires equivalence review
LRS-5D9E2A15EBE6FF,Legislative and Strategic Framework page,https://www.gov.me/en/mps/legislative-and-strategic-framework-for-the-areas-of-education-science-and-innovation,https://www.gov.me/en/mps/legislative-and-strategic-framework-for-the-areas-of-education-science-and-innovation,2026-07-30,accessible,200,0,text/html; charset=utf-8,571766,"W/""8b976-6F0mXp0ZGKpOs3Va9k6aYrj8ALE""",,571766,c2f41749025217024609446fdd257d16bd80a9cde7fdd24533fe130452367096,complete received body,initial baseline,not assessed,,true,,
LRS-5DA80D6348DD57,Ethics Committee of Tallinn University,https://www.tlu.ee/en/ethics-committee-tallinn-university,https://www.tlu.ee/en/ethics-committee-tallinn-university,2026-07-30,accessible,200,0,text/html; charset=UTF-8,120751,"""1785438351""","Thu, 30 Jul 2026 19:05:51 GMT",120751,8b8d33b59b6a3f7af496750ed481a05dc6b9b1b8a00d6ae3aeb5919f28bd1c86,complete received body,initial baseline,not assessed,,true,,
LRS-5DEBFF21ECD4F1,First National Policy Statement published,https://www.iua.ie/for-researchers/research-integrity,https://www.iua.ie/for-researchers/research-integrity/,2026-07-30,redirected-accessible,200,1,text/html; charset=UTF-8,,,,97954,84dff733f10d8bfa2f0a2afe83f17bfedbd76c61aa3f4c4500d5896602c2f621,complete received body,initial baseline,human review required,,true,,redirect requires equivalence review
LRS-5DF325DCBA63DB,NAQA secretariat structure,https://en.naqa.gov.ua/?page_id=3768,https://en.naqa.gov.ua/?page_id=3768,2026-07-30,accessible,200,0,text/html; charset=UTF-8,,,,175140,b9a89f1a3a0a8e2af50b725f6cba20ae5183db157cba7dd42a793243f9d8d52a,complete received body,initial baseline,not assessed,,true,,
LRS-5E072A5D2E1A2F,Avalik teave,https://www.kirmus.ee/et/meist/avalik-teave,https://www.kirmus.ee/et/meist/avalik-teave,2026-07-30,accessible,200,0,text/html; charset=UTF-8,14411,,,67520,3cc880e140a83db99f645a2172553e7083d5440a540eb998c77cd955819dedd3,complete received body,initial baseline,not assessed,,true,,
LRS-5E2D4451368900,IRB Ethical Code,https://www.irb.hr/O-IRB-u/Dokumenti/Strateski-i-programski-dokumenti-IRB-a/Eticki-kodeks-IRB-a,https://www.irb.hr/O-IRB-u/Dokumenti/Strateski-i-programski-dokumenti-IRB-a/Eticki-kodeks-IRB-a,2026-07-30,accessible,200,0,text/html; charset=UTF-8,,,,34667,1acdc9ff3e6d3b5e5cc4df6b9ad392e9ea065be6d16b3ee7fa0f1de9e154d14e,complete received body,initial baseline,not assessed,,true,,
LRS-5E45E63505F99A,University of Tirana regulations page,https://unitir.edu.al/uni-3,https://unitir.edu.al/uni-3/,2026-07-30,redirected-accessible,200,1,text/html; charset=UTF-8,,,"Sun, 26 Jul 2026 19:48:46 GMT",330211,777171a790aeb859ef53ac3e520d56a4020fc936de8b80049d02d6957fb419bf,complete received body,initial baseline,human review required,,true,,redirect requires equivalence review
LRS-5E9827C19FAFEF,Data Protection Authority data protection policy,https://island.is/en/o/the-data-protection-authority/data-protection-policy,https://island.is/en/o/the-data-protection-authority/data-protection-policy,2026-07-30,accessible,200,0,text/html; charset=utf-8,,"""vk91xcl90i6xnl""",,323821,4512cb63babbcaf6e1a82b71f4a45360271f32263f165a173ac86cbc859968dc,complete received body,initial baseline,not assessed,,true,,
LRS-5ECA63591FEA5F,Concordat Self-Assessment Tool,https://ukrio.org/ukrio-resources/publications/concordat-self-assessment-tool,https://ukrio.org/concordat-self-assessment-tool/,2026-07-30,redirected-accessible,200,1,text/html; charset=UTF-8,,"""d4272d58a6250477802f5122dc3e7277""","Thu, 30 Jul 2026 19:05:54 GMT",71473,386484e67118c839ca70f16648ad97be548a8109688ed656b975bbee7659b7c4,complete received body,initial baseline,human review required,,true,,redirect requires equivalence review
LRS-5ECC9B9BEE8340,UMONS CEIS regulation annex,https://web.umons.ac.be/app/uploads/2025/04/CA145-Point-16-Annexe-22-adaptee-CEIS.pdf,https://web.umons.ac.be/app/uploads/2025/04/CA145-Point-16-Annexe-22-adaptee-CEIS.pdf,2026-07-30,network-error,,0,,,,,0,,none,initial unavailable baseline,not assessed,,true,fetch failed,network access failed
LRS-5ECF5DBA115533,Law 4521/2018 activates committee infrastructure in public research bodies,https://www.eie.gr/en/the-nhrf/committees/research-ethics-committee,https://www.eie.gr/en/the-nhrf/committees/research-ethics-committee/,2026-07-30,redirected-accessible,200,1,text/html; charset=UTF-8,,,,71163,9e42700fec56323de7b1a3a90578d16858aa2bbaa004f4195c07e96d3c5b6f61,complete received body,initial baseline,human review required,,true,,redirect requires equivalence review
LRS-5EE4829379834C,Estonian Biobank,https://genomics.ut.ee/en/content/estonian-biobank,https://genomics.ut.ee/en/content/estonian-biobank,2026-07-30,http-error,403,0,text/html; charset=UTF-8,,,,5837,f00b42f690ee0d026aa8c1f5d7536e7d0921eb79efdf9c6b61c961ac91e2d047,complete received body,initial baseline,not assessed,,true,,HTTP 403
LRS-5EE6DC53EAE883,Personuvernd,https://www.personuvernd.is/,https://island.is/s/personuvernd,2026-07-30,redirected-accessible,200,3,text/html; charset=utf-8,,"""13k98vr92up3otw""",,174565,8830ff9651e24a4cade85cf75f1a3c6a1184533e4128ba524c39140e546fc986,complete received body,initial baseline,human review required,,true,,redirect requires equivalence review
LRS-5EF355BC47672F,Ethics Committee functioning regulation,https://www.unimi.it/it/ateneo/normative/regolamenti/regolamento-comitato-etico,https://www.unimi.it/it/ateneo/normative/regolamenti/regolamento-comitato-etico,2026-07-30,http-error,403,0,text/html; charset=UTF-8,,,,5926,2e2913cd7a39001049ec898938f47248e9888c38a90db6d3e2c8e6ffadee3e20,complete received body,initial baseline,not assessed,,true,,HTTP 403
LRS-5F3F2FF04427BC,Oxford Academic Integrity in Research: Code of Practice and Procedure,https://hr.admin.ox.ac.uk/academic-integrity-in-research,https://www.ox.ac.uk/redirects-hr-support,2026-07-30,http-error,403,1,text/html; charset=UTF-8,,,,5676,86c6b0f375175ee8a0465304ab6afdd2635f025ad23dd5e1137b602d3a55f635,complete received body,initial baseline,human review required,,true,,redirect requires equivalence review | HTTP 403
LRS-5F4FD43652CAB8,Order No. 706n PDF,https://roszdravnadzor.gov.ru/i/upload/images/2025/4/8/1744060465.0132-1-3939573.pdf,https://roszdravnadzor.gov.ru/i/upload/images/2025/4/8/1744060465.0132-1-3939573.pdf,2026-07-30,network-error,,0,,,,,0,,none,initial unavailable baseline,not assessed,,true,fetch failed,network access failed
LRS-5F6BE66CC28288,FCT reporting describes work on a scientific-research integrity code,https://www.fct.pt/wp-content/uploads/2024/02/FCT_Relatorio-Avaliacao-QUAR2016.pdf,https://www.fct.pt/wp-content/uploads/2024/02/FCT_Relatorio-Avaliacao-QUAR2016.pdf,2026-07-30,http-error,404,0,text/html; charset=UTF-8,,,"Thu, 30 Jul 2026 19:05:55 GMT",85039,dd3f44f09116da14df595721842cdeb0bbdce057d9241b1bb72930be138927b5,complete received body,initial baseline,not assessed,,true,,HTTP 404
LRS-5F753247079B89,NACID academic-staff data collection begins,https://nacid.bg/en/register-of-academic-staff,https://nacid.bg/en/register-of-academic-staff/,2026-07-30,redirected-accessible,200,1,text/html; charset=UTF-8,,,,22053,fb307f3ce164b330dd3fee3a2365b02e07a91576b0ead3523fdfb970fe37650e,complete received body,initial baseline,human review required,,true,,redirect requires equivalence review
LRS-5FB2EC59914E6A,Exploratory advice recommends revising the old code,https://www.universiteitenvannederland.nl/onderwerpen/onderzoek/wetenschappelijke-integriteit,https://www.universiteitenvannederland.nl/onderwerpen/onderzoek/wetenschappelijke-integriteit,2026-07-30,accessible,200,0,text/html; charset=UTF-8,,"W/""1784735107""","Wed, 22 Jul 2026 15:45:07 GMT",118272,f1ea4ccf8e9626b51de4010bc9d565baaa028b430c9ae52173cf01d4bc9819ec,complete received body,initial baseline,not assessed,,true,,
LRS-60133F2EC4618E,Ofis 2022-2023 synthesis on treatment of scientific-integrity breaches,https://www.ofis-france.fr/wp-content/uploads/2025/06/Ofis-Synthese-bisannuelle-2022-2023-traitement-manquements-integrite-scientifique.pdf,https://www.ofis-france.fr/wp-content/uploads/2025/06/Ofis-Synthese-bisannuelle-2022-2023-traitement-manquements-integrite-scientifique.pdf,2026-07-30,accessible,200,0,application/pdf,1700391,"""684a8e72-19f227""","Thu, 12 Jun 2025 08:23:14 GMT",1000000,da8a57e91578b424d08f925fc814f6c190d3684d16432d835591fe286262e085,first 1000000 bytes,initial baseline,not assessed,,true,,
LRS-6016984DC1A4A7,UKCORI Annual Statement 2025 PDF,https://ukcori.org/wp-content/uploads/2025/07/UK-Committee-on-Research-Integrity-Annual-Statement-2025.pdf,https://ukcori.org/wp-content/uploads/2025/07/UK-Committee-on-Research-Integrity-Annual-Statement-2025.pdf,2026-07-30,accessible,200,0,application/pdf,4878025,"""4a6ec9-63a1c660a0948""","Thu, 17 Jul 2025 09:11:45 GMT",1000000,b62b45357f04292e924bb75527a05ebf11897866e6efb747934e91222d15fe9c,first 1000000 bytes,initial baseline,not assessed,,true,,
LRS-601F3C07118317,CRASP Good Practices in Universities,https://www.krasp.org.pl/files/public/dokumenty/KRASP_Kodeks_Dobre%20praktyki_EN.pdf,https://www.krasp.org.pl/files/public/dokumenty/KRASP_Kodeks_Dobre%20praktyki_EN.pdf,2026-07-30,accessible,200,0,application/pdf,463955,"""71453-5ff413d35f5e7""","Thu, 29 Jun 2023 09:22:28 GMT",463955,f2f831db072914613599c1c74e7b646fcdf753eb01ce63f255e95df6d13d89af,complete received body,initial baseline,not assessed,,true,,
LRS-6038DFC1724055,ISCIII Code of Good Scientific Practice,https://www.isciii.es/documents/20119/523624/CodigoBuenasPracticasCientificas.pdf/6b468db9-efbb-8d5a-4ba2-5689f7e0f335,https://www.isciii.es/documents/20119/523624/CodigoBuenasPracticasCientificas.pdf/6b468db9-efbb-8d5a-4ba2-5689f7e0f335,2026-07-30,accessible,200,0,application/pdf,338544,,"Fri, 09 Aug 2024 06:14:55 GMT",338544,9f1ad847034afa80bd745191dd2f2450bdbb57ace01cdde3df37c08511295c50,complete received body,initial baseline,not assessed,,true,,
LRS-6040BA3A4131C1,Institutional Review Board of Landspitali,https://island.is/en/o/landspitali/institutional-review-board-of-landspitali,https://island.is/en/o/landspitali/institutional-review-board-of-landspitali,2026-07-30,accessible,200,0,text/html; charset=utf-8,,"""v8cmxlree14tlu""",,225498,65b4ea3044749fd7b83d0b87b0a1caebb6bd658b6885beb6cd9b34717dc5f191,complete received body,initial baseline,not assessed,,true,,
LRS-605698362B0EF0,UCL Research Integrity page,https://www.ucl.ac.uk/research-innovation-services/compliance-and-assurance/research-integrity,https://www.ucl.ac.uk/research-innovation-services/compliance-and-assurance/research-integrity,2026-07-30,accessible,200,0,text/html; charset=utf-8,9409,"""1785281103-1""","Tue, 28 Jul 2026 23:25:03 GMT",40829,ca2eff49b8922cee33025f5ebd3e667178727d95fc0c7a0432cceaf51d9ea579,complete received body,initial baseline,not assessed,,true,,
LRS-605B5C401C6706,Universities Act 1997,https://www.irishstatutebook.ie/eli/1997/act/24/enacted/en/print.html,https://www.irishstatutebook.ie/eli/1997/act/24/enacted/en/print.html,2026-07-30,accessible,200,0,text/html,37646,"""3f9f7-6440bd856c010-gzip""","Thu, 20 Nov 2025 19:38:45 GMT",260599,bff278589b0eead847ba34076021432738e16e69221926bab7e2282a11e94bfd,complete received body,initial baseline,not assessed,,true,,
LRS-6066FD4C6C5A75,RIS Conseil,https://www.ofis-france.fr/espace-resint/ris-conseil-resint,https://www.ofis-france.fr/espace-resint/ris-conseil-resint/,2026-07-30,redirected-accessible,200,1,text/html; charset=UTF-8,,,,112879,fb1d28c975d5678a24c5335f593f3327ddb243a38c649553383237e7c3189d84,complete received body,initial baseline,human review required,,true,,redirect requires equivalence review
LRS-60C37F6803B388,CIR-CAT internal regulations,https://web.gencat.cat/ca/generalitat/com-ens-organitzem/departaments/recerca-universitats/CIR-CAT/reglament-cir-cat,https://web.gencat.cat/ca/generalitat/com-ens-organitzem/departaments/recerca-universitats/CIR-CAT/reglament-cir-cat,2026-07-30,accessible,200,0,text/html;charset=utf-8,23858,"""288cb-657d839be1e51-gzip""","Thu, 30 Jul 2026 18:27:33 GMT",166091,04f4de7b168130ab7ad0b0f99eb9233d43b7b2e49481c4c5340d52b52a65d246,complete received body,initial baseline,not assessed,,true,,
LRS-60F7367989F793,Centre Scientifique de Monaco governance,https://www.centrescientifique.mc/en/article/monaco-scientific-center/governance,https://www.centrescientifique.mc/en/article/monaco-scientific-center/governance,2026-07-30,accessible,200,0,text/html; charset=UTF-8,,,,50183,19a67a4be8ab1cd624bef91e7d77f06534631bdffad8eda139f8d8d4c5d932f2,complete received body,initial baseline,not assessed,,true,,
LRS-61032F6819B639,Planned publication of AI and nature/environment research ethics guidance,https://tenk.fi/en/news/draft-recommendation-ethical-use-ai-research-now-open-comments,https://tenk.fi/en/news/draft-recommendation-ethical-use-ai-research-now-open-comments,2026-07-30,http-error,404,0,text/html; charset=UTF-8,,"""1785440023""","Thu, 30 Jul 2026 19:33:43 GMT",14924,887c274e8d72f7cdd6a8be35254133872c0431efd78e5ef420cd64491b5909ba,complete received body,initial baseline,not assessed,,true,,HTTP 404
LRS-615668C8E2B874,PDPA,https://pdpa.am/en,https://pdpa.am/en,2026-07-30,http-error,502,0,text/html; charset=UTF-8,6364,,,6364,ab62c2c843faca8edd9a0be463366db2105deb1a6fa85cb1ff6ea13b95b597c9,complete received body,initial baseline,not assessed,,true,,HTTP 502
LRS-6187AEBF55E8EE,NCEQE decisions,https://eqe.ge/en/deqars,https://eqe.ge/en/deqars,2026-07-30,accessible,200,0,text/html; charset=UTF-8,,,,71972,2c9348c624912fe67e319b78fb5e2e902cd8d53f59e48ab3eba243510c72af8f,complete received body,initial baseline,not assessed,,true,,
LRS-618F57410D7674,Universite Paris-Saclay POLETHIS scientific-integrity network,https://www.universite-paris-saclay.fr/recherche/polethis-ethique-et-integrite/polethis-axe-du-reseau-integrite-scientifique,https://www.universite-paris-saclay.fr/recherche/polethis-ethique-et-integrite/polethis-axe-du-reseau-integrite-scientifique,2026-07-30,accessible,200,0,text/html; charset=UTF-8,12783,"""1785433883-gzip""","Thu, 30 Jul 2026 17:51:23 GMT",77809,473866275dc31e0d7fbec2a2b56cbe0de0a29ca23927192457001cd4a838899f,complete received body,initial baseline,not assessed,,true,,
LRS-61AEDDCC9CC4A5,POLETHIS,https://www.universite-paris-saclay.fr/recherche/polethis-ethique-et-integrite,https://www.universite-paris-saclay.fr/research/polethis-ethique-et-integrite,2026-07-30,redirected-accessible,200,2,text/html; charset=UTF-8,15384,"""1785438357-gzip""","Thu, 30 Jul 2026 19:05:57 GMT",90112,9b86a956f33eb8ebfe645618276d8db261b0b6ffdd7abf1421080a92792db801,complete received body,initial baseline,human review required,,true,,redirect requires equivalence review
LRS-61D5AA6B0E7355,National Survey on Research Integrity launched,https://www.zonmw.nl/nl/nieuws/grootste-studie-ooit-over-wetenschappelijke-integriteit-van-start,https://www.zonmw.nl/nl/nieuws/grootste-studie-ooit-over-wetenschappelijke-integriteit-van-start,2026-07-30,accessible,200,0,text/html; charset=UTF-8,14934,"""1785438357-gzip""","Thu, 30 Jul 2026 19:05:57 GMT",73594,27f94951d0c58a4cc84a57fbb188cb6702b0ef4278018f84d32c6b5d09febdf4,complete received body,initial baseline,not assessed,,true,,
LRS-620CD5DFF02D49,CNER 2024 activity report,https://cner.gouvernement.lu/dam-assets/documents/rapport-activite/cner-rapport-dactivits-2024-v10-dd-21725.pdf,https://cner.gouvernement.lu/dam-assets/documents/rapport-activite/cner-rapport-dactivits-2024-v10-dd-21725.pdf,2026-07-30,accessible,200,0,application/pdf,401460,,,401460,2677b314d8c0c5196e7d76dec43797d20ee462c72490c64c57425813fc194575,complete received body,initial baseline,not assessed,,true,,
LRS-622BCE5010FEFC,University of Edinburgh research misconduct page,https://research-office.ed.ac.uk/research-integrity/research-misconduct,https://research-office.ed.ac.uk/research-integrity/research-misconduct,2026-07-30,accessible,200,0,text/html; charset=UTF-8,11515,"W/""1785426919""","Thu, 30 Jul 2026 15:55:19 GMT",54645,2c7dbd61b7d784ab8d300ce3aede9899b8360d08ff50e75fb281101f4100e5f4,complete received body,initial baseline,not assessed,,true,,
LRS-624BA7EE990ED1,Article L.211-2,https://www.legifrance.gouv.fr/codes/article_lc/LEGIARTI000042753467,https://www.legifrance.gouv.fr/codes/article_lc/LEGIARTI000042753467,2026-07-30,http-error,403,0,text/html; charset=UTF-8,,,,5844,d4cd8231d08ebca652afbca00cebb1be695b4df46aaa7a55939645785eae2ed1,complete received body,initial baseline,not assessed,,true,,HTTP 403
LRS-6282E82D92272E,Investigation procedure,https://www.ncn.gov.pl/sites/default/files/pliki/zarzadzenia-dyrektora/zarzadzenieDyr-22_2020_ang.pdf,https://www.ncn.gov.pl/sites/default/files/pliki/zarzadzenia-dyrektora/zarzadzenieDyr-22_2020_ang.pdf,2026-07-30,http-error,302,6,text/html,122,,,122,6cc120b593014e69127b195267e0f185fcb643aba49be1eb87c58f15fd1bdb10,complete received body,initial baseline,human review required,,true,,redirect requires equivalence review | HTTP 302
LRS-62A32CF7C769A4,Sapienza Senate minutes 10 December 2024,https://www2.uniroma1.it/senatoaccademico/verbali/verbale2024-12-10.htm,https://www2.uniroma1.it/senatoaccademico/verbali/verbale2024-12-10.htm,2026-07-30,timeout,,0,,,,,0,,none,initial unavailable baseline,not assessed,,true,This operation was aborted,request timed out
LRS-62E544EAB70E98,LCS AI and research governance trace,https://www.lzp.gov.lv/en/article/european-research-and-innovation-councils-secretariats-meeting-held-latvia,https://www.lzp.gov.lv/en/article/european-research-and-innovation-councils-secretariats-meeting-held-latvia,2026-07-30,accessible,200,0,text/html; charset=UTF-8,,"W/""1785438358""","Thu, 30 Jul 2026 19:05:58 GMT",87613,15a5f9038c91bd7cddfb7159c0cd9b46cb2359a641c764c4eb88305ad6f64491,complete received body,initial baseline,not assessed,,true,,
LRS-62EF9E5B8E1267,National Research and Innovation Strategy,https://mesr.gouvernement.lu/en/dossiers/dossiers/strategie-nationale-de-la-recherche-et-de-innovation-2026.html,https://mesr.gouvernement.lu/en/dossiers/dossiers/strategie-nationale-de-la-recherche-et-de-innovation-2026.html,2026-07-30,accessible,200,0,text/html; charset=utf-8,96127,,,96127,bde371fdc20400426ffa71f39766a47db737d536956eaf3a094fa0967d60532a,complete received body,initial baseline,not assessed,,true,,
LRS-630C101CF4A73C,DFG guidelines on handling research data,https://www.dfg.de/resource/blob/172098/guidelines-research-data.pdf,https://www.dfg.de/resource/blob/172098/guidelines-research-data.pdf,2026-07-30,accessible,200,0,application/pdf,133926,"""b08fcad16f1ff5ddca967f1ebde3a8c3""",,133926,699da9dea80981b93e900389276cbde60c2e21cc649404e32803a8ac0a77dfd0,complete received body,initial baseline,not assessed,,true,,
LRS-6318292CED6D2D,ANQA accreditation,https://www.anqa.am/en/accreditation,https://www.anqa.am/en/accreditation,2026-07-30,accessible,200,0,text/html; charset=utf-8,,,,96885,0fd3966a0ace5ac9fe554aea577f0ef376e71a96448173ce0dbac6cefb03c9d4,complete received body,initial baseline,not assessed,,true,,
LRS-632E0F7FAE8CA8,AIFA National Observatory on Clinical Trials,https://www.aifa.gov.it/en/osservatorio-nazionale-sperimentazione-clinica,https://www.aifa.gov.it/en/osservatorio-nazionale-sperimentazione-clinica,2026-07-30,network-error,,0,,,,,0,,none,initial unavailable baseline,not assessed,,true,fetch failed,network access failed
LRS-6384CB8ADEB8D1,Veterinary Office animal health and welfare department,https://www.vet.gov.ba/hr/odjel-zdravlje-dobrobit-zivotinja/c250,https://www.vet.gov.ba/hr/odjel-zdravlje-dobrobit-zivotinja/c250,2026-07-30,accessible,200,0,text/html; charset=UTF-8,6767,,,40617,77d0db91070169215016d0a473ad91312ab099359a7e7cf5eb9cd3ccab175a8b,complete received body,initial baseline,not assessed,,true,,
LRS-638CE21067F4F4,National statistics on formal investigations 2017,https://www.iua.ie/wp-content/uploads/2020/07/National-Stats-on-Formal-Investigations-of-Research-Misconduct-2017.pdf,https://www.iua.ie/wp-content/uploads/2020/07/National-Stats-on-Formal-Investigations-of-Research-Misconduct-2017.pdf,2026-07-30,accessible,200,0,application/pdf,787838,"""5f02ee1e-c057e""","Mon, 06 Jul 2020 09:25:50 GMT",787838,42957c573f7d548234c7b46f7f72894c245fbba52e900ff2f74c784e024efa0c,complete received body,initial baseline,not assessed,,true,,
LRS-6390CBCA70C995,Framework code text,https://legislatie.just.ro/Public/DetaliiDocumentAfis/281570,https://legislatie.just.ro/Public/DetaliiDocumentAfis/281570,2026-07-30,network-error,,0,,,,,0,,none,initial unavailable baseline,not assessed,,true,fetch failed,network access failed
LRS-63A12A9F5AB9F7,Research Integrity Officer role and reporting structure,https://www.iua.ie/wp-content/uploads/2019/08/Research-Integrity-Officer-Role-Reporting-Structure-FINAL-April-2016-1.pdf,https://www.iua.ie/wp-content/uploads/2019/08/Research-Integrity-Officer-Role-Reporting-Structure-FINAL-April-2016-1.pdf,2026-07-30,accessible,200,0,application/pdf,111817,"""5d962396-1b4c9""","Thu, 03 Oct 2019 16:36:38 GMT",111817,4b940dc3e0dc7da0fec4a7490f311462e062230a8f772d7c481728bcd256ae79,complete received body,initial baseline,not assessed,,true,,
LRS-63B71C1A119361,Statute of the UVLF Ethics Committee,https://www.uvlf.sk/document/statut-etickej-komisie.PDF,https://www.uvlf.sk/document/statut-etickej-komisie.PDF,2026-07-30,accessible,200,0,application/pdf,1698316,,,1000000,ecce08ef17735363b77cfb645d4317f6d7133b34dd73bf3e7ad53560f600449d,first 1000000 bytes,initial baseline,not assessed,,true,,
LRS-63C1823B8ADBB1,UKCORI analysis of annual research integrity statements 2025,https://ukcori.org/our-work/analysis-of-research-integrity-annual-statements-2025,https://ukcori.org/our-work/analysis-of-research-integrity-annual-statements-2025/,2026-07-30,redirected-accessible,200,1,text/html; charset=UTF-8,9199,,,38507,b92da3d8c7d15c38b2158bec81f031100673e0d7f23502d116a5f3a28b8b018f,complete received body,initial baseline,human review required,,true,,redirect requires equivalence review
LRS-63D096F5F0BD5C,Bureau for Scientific Integrity,https://www.uibk.ac.at/de/forschung/qualitaetssicherung/buero-wissenschaftliche-integritaet,https://www.uibk.ac.at/de/forschung/qualitaetssicherung/buero-wissenschaftliche-integritaet/,2026-07-30,redirected-accessible,200,1,text/html; charset=utf-8,,,,39435,f541a733c9180eb04194b334fff312a406a340d2b89210a79a7a49da2d0a79c9,complete received body,initial baseline,human review required,,true,,redirect requires equivalence review
LRS-63DE4FCBB848A5,KAA law,https://akreditimi.rks-gov.net/wp-content/uploads/LAW_NO._08_L-110_ON_KOSOVO_ACCREDITATION_AGENCY.pdf,https://akreditimi.rks-gov.net/wp-content/uploads/LAW_NO._08_L-110_ON_KOSOVO_ACCREDITATION_AGENCY.pdf,2026-07-30,accessible,200,0,application/pdf,230218,"""3834a-6049843e6c040""","Tue, 05 Sep 2023 08:18:01 GMT",230218,9e0b23fb7623cff7915e04bc76b30607a0a30203f2f9d5428adf1098c40f59b4,complete received body,initial baseline,not assessed,,true,,
LRS-63DE8AB03CCF1D,OU committee and confidential adviser,https://www.ou.nl/-/commissie-en-vertrouwenspersoon-wetenschappelijke-integriteit,https://www.ou.nl/-/commissie-en-vertrouwenspersoon-wetenschappelijke-integriteit,2026-07-30,accessible,200,0,text/html;charset=UTF-8,,,,90737,75b68e3ea8510053a48d42371d7dc23756b82b605f026d3adad80ed7f85fb629,complete received body,initial baseline,not assessed,,true,,
LRS-640F3A9252B87C,WUR Scientific Integrity Complaints Procedure,https://www.wur.nl/upload_mm/e/3/c/bd73a0fa-522c-4b2f-968e-9586fe274214_20171220_Scientific-integrity_Complaints_Procedure_WUR_UK.pdf,https://www.wur.nl/upload_mm/e/3/c/bd73a0fa-522c-4b2f-968e-9586fe274214_20171220_Scientific-integrity_Complaints_Procedure_WUR_UK.pdf,2026-07-30,http-error,404,0,text/html; charset=utf-8,3171,"""wm2ehrbo0ayw""",,14216,c948802284f6231f40bcf0015e6ae9076235c2a20426328bd0a9f9f0f111eb61,complete received body,initial baseline,not assessed,,true,,HTTP 404
LRS-6411E5202E78C9,CCMO overview of accredited MRECs,https://english.ccmo.nl/mrecs/accredited-mrecs,https://english.ccmo.nl/mrecs/accredited-mrecs,2026-07-30,accessible,200,0,text/html; charset=utf-8,54367,,,267316,6a432744900084f30e81235a3f5fc9978938b586009b516ca40f2a0cfb4e8d5e,complete received body,initial baseline,not assessed,,true,,
LRS-641755B3D198AC,Research Ethics Committee,https://www.unitn.it/en/research/responsible-research/ethics-and-integrity/research-ethics-committee,https://www.unitn.it/en/research/responsible-research/ethics-and-integrity/research-ethics-committee,2026-07-30,http-error,403,0,text/html; charset=UTF-8,,,,6011,a042005f2d217e4afedff086da8da7ce91620e510a8508025ba5dd37df4d38d3,complete received body,initial baseline,not assessed,,true,,HTTP 403
LRS-6427CF1E2D3895,RSU Research Ethics Committee Regulations,https://www.rsu.lv/sites/default/files/imce/Documents/rsu_research_ethics_committee_regulations_en.pdf,https://www.rsu.lv/sites/default/files/imce/Documents/rsu_research_ethics_committee_regulations_en.pdf,2026-07-30,accessible,200,0,application/pdf,121946,"""5feb1b27-1dc5a""","Tue, 29 Dec 2020 12:03:51 GMT",121946,32685e1e1296a9c5da400bb5da74588552eed106bb831536959898e90f2c6be7,complete received body,initial baseline,not assessed,,true,,
LRS-6435829584C1ED,"HRS4R Review, October 2025",https://ucg.ac.me/skladiste/blog_17/objava_39887/fajlovi/HRS4R%20Review%2C%20October%202025.pdf,https://ucg.ac.me/skladiste/blog_17/objava_39887/fajlovi/HRS4R%20Review%2C%20October%202025.pdf,2026-07-30,accessible,200,0,application/pdf,1221888,"""12a500-6425f5e12685b""","Thu, 30 Oct 2025 12:27:07 GMT",1000000,62a04b7474d97a287377c1c128e60e8baa49aada82dd732dbbaaa64d86600e0d,first 1000000 bytes,initial baseline,not assessed,,true,,
LRS-644AB66EAAB475,Current TENK advisory-body project term,https://tenk.fi/en,https://tenk.fi/en,2026-07-30,accessible,200,0,text/html; charset=UTF-8,,"""1785427363""","Thu, 30 Jul 2026 16:02:43 GMT",42779,8b02e25f87f5b724a3c548543ae699ad17332bf37a3ece9dd82846a1cff07953,complete received body,initial baseline,not assessed,,true,,
LRS-644B00BDD19075,University of Malta Animal Welfare Committee,https://www.um.edu.mt/about/governance/committees/animalwelfare,https://www.um.edu.mt/about/governance/committees/animalwelfare/,2026-07-30,redirected-accessible,200,1,text/html,9533,"""9fe9-6574484e4e440-gzip""","Thu, 23 Jul 2026 10:14:19 GMT",40937,453b1aa76f9deb2ebc4337525c3bfec998aa87c4ee0142da59417ced921e8360,complete received body,initial baseline,human review required,,true,,redirect requires equivalence review
LRS-645480FBEA1891,TU Berlin principles for good scientific practice,https://www.tu.berlin/ueber-die-tu-berlin/organisation/rechtliches/richtlinien-leitlinien/grundsaetze-zur-sicherung-guter-wissenschaftlicher-praxis,https://www.tu.berlin/ueber-die-tu-berlin/organisation/rechtliches/richtlinien-leitlinien/grundsaetze-zur-sicherung-guter-wissenschaftlicher-praxis,2026-07-30,accessible,200,0,text/html; charset=utf-8,32853,,,158951,407318073d4234effadd8e2690a4d26ceb9a3fa6462d08c7986860004e3fdfe0,complete received body,initial baseline,not assessed,,true,,
LRS-64781DBAD8C9B3,Code on Science and Innovation adopted,https://www.legis.md/cautare/downloadpdf/15867,https://www.legis.md/cautare/downloadpdf/15867,2026-07-30,http-error,403,0,text/html; charset=UTF-8,,,,5691,3d20d30434e6015bb7c42d0e21b2d4566ae0f84e8b4d6551faa12e9f77089390,complete received body,initial baseline,not assessed,,true,,HTTP 403
LRS-64D0FD1B3EDE79,AQUA agency page,https://www.aqua.ad/lagencia,https://www.aqua.ad/lagencia,2026-07-30,accessible,200,0,text/html; charset=UTF-8,,"W/""1785333215""","Wed, 29 Jul 2026 13:53:35 GMT",49957,756d8c07861dcb99f91d55454f7cf0f21a6d180d4a0b3eda02efe672a4f0edb1,complete received body,initial baseline,not assessed,,true,,
LRS-64D58E6C223485,UKCORI formed,https://ukcori.org/our-governance,https://ukcori.org/our-governance/,2026-07-30,redirected-accessible,200,1,text/html; charset=UTF-8,10065,,,85180,914db623feb8ebec1a05203a586f325b72d96b182627ccbde15e75f748481420,complete received body,initial baseline,human review required,,true,,redirect requires equivalence review
LRS-64D5E555D77D41,Review of annual statements on research integrity 2025,https://ukcori.org/wp-content/uploads/2025/09/Review-of-annual-statements-on-research-integrity-2025-Full-report.pdf,https://ukcori.org/wp-content/uploads/2025/09/Review-of-annual-statements-on-research-integrity-2025-Full-report.pdf,2026-07-30,accessible,200,0,application/pdf,2172353,"""2125c1-63fb006ce8258""","Fri, 26 Sep 2025 08:25:21 GMT",1000000,c87301d7560a6c8b78e2b2def5b7ca27b6123cb0f6158aa492427d85906ab671,first 1000000 bytes,initial baseline,not assessed,,true,,
LRS-64FC049ABB6DD3,ABM news on the committee website,"https://abm.gov.pl/en/news/253,Website-of-the-Supreme-Bioethics-Committee-for-Clinical-Trials.html","https://abm.gov.pl/en/news/253,Website-of-the-Supreme-Bioethics-Committee-for-Clinical-Trials.html",2026-07-30,accessible,200,0,text/html; charset=UTF-8,,,,16479,1cc70dff2ff222381339bf94a023b582eccd868194048f73a42aa1763aa4dcfa,complete received body,initial baseline,not assessed,,true,,
LRS-6501DD8AAF9B11,Reporting suspected deviations,https://www.staff.lu.se/research-and-education/research-support/research-ethics-and-animal-testing-ethics/deviations-good-research-practice/reporting-suspected-deviations-good-research-practice,https://www.staff.lu.se/research-and-education/research-support/research-ethics-and-animal-testing-ethics/deviations-good-research-practice/reporting-suspected-deviations-good-research-practice,2026-07-30,accessible,200,0,text/html; charset=UTF-8,21618,,"Thu, 30 Jul 2026 10:14:14 GMT",180827,d6aa1f71ea3ef6b472038be085546e6529e044bda3b18fe384b706fd3f6e4fc4,complete received body,initial baseline,not assessed,,true,,
LRS-65319DD2B342B0,LARI annual report 2020-2022,https://lari.lu/wp-content/uploads/2024/08/LARI_Annual-Report_2020-2022.pdf,https://lari.lu/wp-content/uploads/2024/08/LARI_Annual-Report_2020-2022.pdf,2026-07-30,accessible,200,0,application/pdf,7164127,"""672f43d8-6d50df""","Sat, 09 Nov 2024 11:13:28 GMT",1000000,1959168182049640cd412bd417e942fafd03d7040270a6deaeee0e15609f9a34,first 1000000 bytes,initial baseline,not assessed,,true,,
LRS-6533B1E547EB0A,Current point-in-time for Protection of Animals Used for Scientific Purposes Regulations,https://legislation.mt/eli/sl/439.20/eng/pdf,https://legislation.mt/eli/sl/439.20/eng/pdf,2026-07-30,accessible,200,0,text/html; charset=utf-8,19860,,,69520,2bd5eb554d5edc28dc7a7541096df26949ea79aba5c908c6e15bdc2c11af0c4d,complete received body,initial baseline,not assessed,,true,,
LRS-657A5F28DFCA8C,King's College London Research Integrity,https://www.kcl.ac.uk/research/research-environment/rgei/research-integrity,https://www.kcl.ac.uk/research/research-environment/rgei/research-integrity,2026-07-30,accessible,200,0,text/html; charset=utf-8,140818,"W/""daa7b-96SWiHP05efIGOADYBSyXziLVS0""",,896961,a7973ea18823a064e604b332e461cb067c7419f4f42527125e60128e87087e2c,complete received body,initial baseline,not assessed,,true,,
LRS-6590BCD5C6CEA9,HRA UK Policy Framework for Health and Social Care Research,https://www.hra.nhs.uk/planning-and-improving-research/policies-standards-legislation/uk-policy-framework-health-social-care-research/uk-policy-framework-health-and-social-care-research,https://www.hra.nhs.uk/planning-and-improving-research/policies-standards-legislation/uk-policy-framework-health-social-care-research/uk-policy-framework-health-and-social-care-research/,2026-07-30,redirected-accessible,200,1,text/html; charset=utf-8,,,,231347,ce861785513bc13249d1bf2768b5bf33ba6f99d941c62fd3948d7625d6f41ee9,complete received body,initial baseline,human review required,,true,,redirect requires equivalence review
LRS-65924CD2C06B8C,Thesis Center news page,https://www.yok.gov.tr/tr/news/yokun-tez-merkezinden-faydalanan-kullanici-sayisi-6-milyona-ulasti-j5daF,https://www.yok.gov.tr/tr/news/yokun-tez-merkezinden-faydalanan-kullanici-sayisi-6-milyona-ulasti-j5daF,2026-07-30,accessible,200,0,text/html; charset=UTF-8,,,,190091,e89c24e5a4614dca7661bbf161169b4d725b25abffda4e0970a046355ec6c011,complete received body,initial baseline,not assessed,,true,,
LRS-65973F97AAD98D,USAL HRS4R action plan,https://hrs4r.usal.es/plan-accion,https://hrs4r.usal.es/plan-accion/,2026-07-30,redirected-accessible,200,1,text/html; charset=UTF-8,,,,168784,c13a345a42a274c54b8234979540f9e31c8d0ff18dac940c970e51c585cc48b2,complete received body,initial baseline,human review required,,true,,redirect requires equivalence review
LRS-65AFDE5EB56D2E,Ministry of Health announces candidate intake for ethics council,https://minzdrav.gov.ru/en/special/news/2024/11/02/21879-minzdrav-rossii-ob-yavlyaet-nabor-kandidatov-na-vklyuchenie-v-sovet-po-etike,https://minzdrav.gov.ru/en/special/news/2024/11/02/21879-minzdrav-rossii-ob-yavlyaet-nabor-kandidatov-na-vklyuchenie-v-sovet-po-etike,2026-07-30,network-error,,0,,,,,0,,none,initial unavailable baseline,not assessed,,true,fetch failed,network access failed
LRS-65BF52BA345770,University of Muenster ethics adviser,https://www.uni-muenster.de/Verwaltung/en/orga/ethik.html,https://www.uni-muenster.de/Verwaltung/en/orga/ethik.html,2026-07-30,accessible,200,0,text/html,4815,"""3b82-630c5c83d5cce-gzip""","Thu, 20 Mar 2025 13:04:46 GMT",15234,0c4ade98cbd375173406b8834e4802a2677e0985ec8a4b502bd8da7c27c43cd9,complete received body,initial baseline,not assessed,,true,,
LRS-65D641D7F686A0,Gottingen Ombudsstelle annual report 2022,https://www.uni-goettingen.de/de/document/download/3ba377e4018c26c9fdd656f5703f69fa.pdf/Jahresbericht%20Ombudsstelle_2022_final.pdf,https://www.uni-goettingen.de/de/document/download/3ba377e4018c26c9fdd656f5703f69fa.pdf/Jahresbericht%20Ombudsstelle_2022_final.pdf,2026-07-30,accessible,200,0,application/pdf,1354863,"""63fc9109-14ac6f""","Mon, 27 Feb 2023 11:16:25 GMT",1000000,1bb434e44521c31a97ddd96cef5cc72ed1ec1e91786c9bdd2cc878a38066febc,first 1000000 bytes,initial baseline,not assessed,,true,,
LRS-65DB1CD36E910E,UAK ethics directive,https://www.uak.gov.tr/documents/documents/68837ee5015df.pdf,https://www.uak.gov.tr/documents/documents/68837ee5015df.pdf,2026-07-30,network-error,,0,,,,,0,,none,initial unavailable baseline,not assessed,,true,fetch failed,network access failed
LRS-65E85105A121BD,RCETH Republican Clinical and Pharmacological Laboratory functions,https://www.rceth.by/en/Departments/Rcpl,https://www.rceth.by/en/Departments/Rcpl,2026-07-30,accessible,200,0,text/html; charset=utf-8,37058,,,37058,5347e69140c179f020265c4217d4ab3a214d8f54be2980a3d5258f35b19e8c58,complete received body,initial baseline,not assessed,,true,,
LRS-65F6FCE319B65A,Hceres about us,https://www.hceres.fr/en/about-us,https://www.hceres.fr/en/about-us,2026-07-30,accessible,200,0,text/html; charset=UTF-8,43562,"""1785419633""","Thu, 30 Jul 2026 13:53:53 GMT",43562,174ab0d9cff600b6417a3d19f01be31ed30990d0b831221db3468ec2407e23de,complete received body,initial baseline,not assessed,,true,,
LRS-6603F3C1154169,UKRIO barriers to investigating and reporting misconduct,https://ukrio.org/ukrio-resources/barriers-to-investigating-and-reporting-research-misconduct,https://ukrio.org/ukrio-resources/barriers-to-investigating-and-reporting-research-misconduct/,2026-07-30,redirected-accessible,200,1,text/html; charset=UTF-8,,"""9e9808d5ed44429032a869f6139f5e50""","Thu, 30 Jul 2026 19:06:05 GMT",59589,fa3693466f5b74b2fadf9df1d296b66d59209f6c39d22c0cf130d9d5d416ebac,complete received body,initial baseline,human review required,,true,,redirect requires equivalence review
LRS-6623756DD479D6,Council of Europe 2017 round table,https://pjp-eu.coe.int/en/web/horizontal-facility/news-on-corruption/-/asset_publisher/DV79UgcvnlJe/content/round-table-on-integrity-in-higher-education-in-kosovo-,https://pjp-eu.coe.int/en/web/horizontal-facility/news-on-corruption/-/asset_publisher/DV79UgcvnlJe/content/round-table-on-integrity-in-higher-education-in-kosovo-,2026-07-30,http-error,403,0,text/html; charset=UTF-8,,,,6230,72d9fb6ca933273746103f05d35ee0265ef4826aa91f0b9f15b289ba5eba359c,complete received body,initial baseline,not assessed,,true,,HTTP 403
LRS-664867AD1A7DC5,Imperial annual statement on research integrity 2024,https://www.imperial.ac.uk/research-and-innovation/about-imperial-research/research-integrity-investigations/misconduct/annual-statement-on-research-integrity-2024,https://www.imperial.ac.uk/research-and-innovation/about-imperial-research/research-integrity-investigations/misconduct/annual-statement-on-research-integrity-2024/,2026-07-30,redirected-accessible,200,1,text/html; charset=UTF-8,31362,,,193948,c3bce1e4c665bc716a08a67ef29d1abee6b06732133b779c02f1d74e957d6569,complete received body,initial baseline,human review required,,true,,redirect requires equivalence review
LRS-6670739FF4F3F1,ISCIII ethics committees and research support,https://www.isciii.es/en/servicios/comites-etica,https://www.isciii.es/en/servicios/comites-etica,2026-07-30,accessible,200,0,text/html;charset=UTF-8,220439,,,220439,7172be105bea43748ebebe18dfd9cb51e3be2b6c153cbbe188f96402ac772393,complete received body,initial baseline,not assessed,,true,,
LRS-6677358F8434F7,Law on Higher Education and Scientific Activity,https://narodne-novine.nn.hr/clanci/sluzbeni/2022_10_119_1834.html,https://narodne-novine.nn.hr/clanci/sluzbeni/2022_10_119_1834.html,2026-07-30,accessible,200,0,text/html; charset=utf-8,,,,253598,e48a944c9a43534bc2f8f4663061f289066a86d92611c72cac4b52fcc8cdf9bf,complete received body,initial baseline,not assessed,,true,,
LRS-668DAE5326E075,Innovation Fund Denmark guidelines,https://innovationsfonden.dk/sites/default/files/2025-02/01.03.2025%20Guidelines%20International%20Collaborations.pdf,https://innovationsfonden.dk/sites/default/files/2025-02/01.03.2025%20Guidelines%20International%20Collaborations.pdf,2026-07-30,accessible,200,0,application/pdf,1699142,,"Fri, 28 Feb 2025 06:18:21 GMT",1000000,b956dddaa6f8da3d2f6cacc5c2bdf21767ed108e8ed1ac067f9a46a63e005f72,first 1000000 bytes,initial baseline,not assessed,,true,,
LRS-66B625EE1E9A93,EBIN annual report 2020,https://www.sm.ee/sites/default/files/documents/2022-06/Eesti%20bioeetika%20ja%20inimuuringute%20n%C3%B5ukogu%20aastaaruanne%202020.pdf,https://www.sm.ee/sites/default/files/documents/2022-06/Eesti%20bioeetika%20ja%20inimuuringute%20n%C3%B5ukogu%20aastaaruanne%202020.pdf,2026-07-30,http-error,403,0,text/html; charset=UTF-8,,,,4899,6ce73cdbdfa584a9b373a31be7b59b27fbd2e5f4eeda07dc0f2a5f9ab6a7b888,complete received body,initial baseline,not assessed,,true,,HTTP 403
LRS-66B9A1F38D1771,FCT Regulation for projects funded exclusively by national funds,https://www.fct.pt/wp-content/uploads/2024/11/Regulation-for-Projects-Funded-Exclusively-by-National-Funds.pdf,https://www.fct.pt/wp-content/uploads/2024/11/Regulation-for-Projects-Funded-Exclusively-by-National-Funds.pdf,2026-07-30,http-error,404,0,text/html; charset=UTF-8,,,"Thu, 30 Jul 2026 19:06:06 GMT",85160,5fe54e043e337a10f30a0471b8f7bf331d004f82f5bf2968751fac9d25cfc5ce,complete received body,initial baseline,not assessed,,true,,HTTP 404
LRS-66BD21B513F495,MNCN-CSIC Ethics Committee,https://www.mncn.csic.es/es/quienes-somos/comite-de-etica,https://www.mncn.csic.es/es/quienes-somos/comite-de-etica,2026-07-30,accessible,200,0,text/html; charset=UTF-8,48984,"""1785438366""","Thu, 30 Jul 2026 19:06:06 GMT",48984,bc9609c91b467ee2ca5dd546ab9e4375fc0d264a1b1310c6bad883dab6a4cd55,complete received body,initial baseline,not assessed,,true,,
LRS-66CF717AFC779A,NARD / ANCD competences,https://ancd.gov.md/en/content/competences,https://ancd.gov.md/en/content/competences,2026-07-30,accessible,200,0,text/html; charset=UTF-8,,"W/""1785438366""","Thu, 30 Jul 2026 19:06:06 GMT",113132,370d1641013a2037bc7e5661f58509ecb4939448570fa9a4be4c0aabef8510d4,complete received body,initial baseline,not assessed,,true,,
LRS-670E39AE1281C6,BELSPO P4Science 2024-2025 information file,https://www.belspo.be/belspo/P4Science-S4Policy/call/P4Science_2025/P4S_call2024-25-Info-File_v2.pdf,https://www.belspo.be/belspo/P4Science-S4Policy/call/P4Science_2025/P4S_call2024-25-Info-File_v2.pdf,2026-07-30,accessible,200,0,application/pdf,499138,"""46921eb51ab8db1:0""","Mon, 28 Apr 2025 08:51:18 GMT",499138,8af3055ecb89c5e78cc394ef58b2994c7b7dda3922aff5d7a031709f33790898,complete received body,initial baseline,not assessed,,true,,
LRS-6710693546E1FE,Federal Law No. 127-FZ adopted,https://minobrnauki.gov.ru/upload/iblock/907/urrxt15w7116rzrtxut9ko8mzlbd29so.pdf,https://minobrnauki.gov.ru/upload/iblock/907/urrxt15w7116rzrtxut9ko8mzlbd29so.pdf,2026-07-30,network-error,,0,,,,,0,,none,initial unavailable baseline,not assessed,,true,fetch failed,network access failed
LRS-672AEBF1E34726,Government rules on animal testing,https://www.rijksoverheid.nl/onderwerpen/dierproeven/regels-dierproeven,https://www.rijksoverheid.nl/themas/klimaat-milieu-en-natuur/dierproeven/regels-dierproeven,2026-07-30,redirected-accessible,200,1,text/html; charset=utf-8,50442,,,250058,0b6a865ed1c265a2dfe46186b6bacf2462e513acfc1ef7109bfb14cc60474593,complete received body,initial baseline,human review required,,true,,redirect requires equivalence review
LRS-6740351F751F63,About the commission,https://www.forskningsetikk.no/en/about-us/our-committees-and-commission/granskingsutvalget/about-the-commission,https://www.forskningsetikk.no/en/about-us/our-committees-and-commission/granskingsutvalget/about-the-commission,2026-07-30,accessible,200,0,text/html; charset=utf-8,,,,18560,c5115b510d923694591c103192794eb1b12e1fa99811af5d6ebcbaee7263c25a,complete received body,initial baseline,not assessed,,true,,
LRS-677490CF62023D,USM HRS4R renewed report,https://cercetare.usm.md/wp-content/uploads/Renewed_HRS4R_2025.pdf,https://cercetare.usm.md/wp-content/uploads/Renewed_HRS4R_2025.pdf,2026-07-30,accessible,200,0,application/pdf,1147950,,"Fri, 14 Mar 2025 08:35:22 GMT",1000000,fb876d1429e76765c4e6476d07c65e9a765fffc64021db86c27f67de536b85c7,first 1000000 bytes,initial baseline,not assessed,,true,,
LRS-67813B52884D85,CNRS creates MIS and ANR names a RIS,https://mis.cnrs.fr/,https://mis.cnrs.fr/,2026-07-30,network-error,,0,,,,,0,,none,initial unavailable baseline,not assessed,,true,fetch failed,network access failed
LRS-67BA3F98F59C7F,UAMD Ethics Council and permanent committees,https://uamd.edu.al/keshilli-i-etikes-dhe-komisionet-e-perhershme-institucionale-uamd,https://uamd.edu.al/keshilli-i-etikes-dhe-komisionet-e-perhershme-institucionale-uamd,2026-07-30,http-error,404,0,text/html; charset=UTF-8,,,,89679,8e70e7450aae1889f74f26bcb1641897acf628b69754857dfbd9093eaae2851c,complete received body,initial baseline,not assessed,,true,,HTTP 404
LRS-67C8D6B147AD21,Accredited higher education institutions,https://www.neaa.government.bg/en/accredited-higher-education-institutions/higher-institutions,https://www.neaa.government.bg/en/accredited-higher-education-institutions/higher-institutions,2026-07-30,accessible,200,0,text/html; charset=UTF-8,20196,,,165853,b6d1fa07f7652e84b760c2acb370624dc18420a8e215633ef5df9debfbe51faa,complete received body,initial baseline,not assessed,,true,,
LRS-67F82FF285E3D2,Science policy,https://www.izm.gov.lv/lv/zinatnes-politika,https://www.izm.gov.lv/lv/zinatnes-politika,2026-07-30,accessible,200,0,text/html; charset=UTF-8,45704,"W/""1785433040""","Thu, 30 Jul 2026 17:37:20 GMT",223316,9aed695eec745a5ce1de607aa1cdb6490e15f262a762af3635e43a1d4fa0f5ab,complete received body,initial baseline,not assessed,,true,,
LRS-67FAE7F315648E,Code of Practice for Research,https://ukrio.org/ukrio-resources/publications/code-of-practice-for-research,https://ukrio.org/ukrio-resources/publications/code-of-practice-for-research,2026-07-30,accessible,200,0,text/html; charset=UTF-8,,"""51747d1bbd93b0712fefd4d011196e5c""","Thu, 30 Jul 2026 19:06:07 GMT",75806,4e255a3d0f3043816f9cccbbd60044ae7536bdd7973effe75040b543501da9f2,complete received body,initial baseline,not assessed,,true,,
LRS-6867D2289964F9,CAS Annual Report 2024,https://www.avcr.cz/en/about-us/annual-report,https://www.avcr.cz/en/about-us/annual-report,2026-07-30,accessible,200,0,text/html;charset=UTF-8,47789,,"Thu, 30 Jul 2026 19:06:08 GMT",47789,6283f3f465c5fa2e41bd28e933edf7ef12e85f8cacca61661f5842af5a0c9c22,complete received body,initial baseline,not assessed,,true,,
LRS-6867EE8832B28E,Hochschulkonferenz page,https://www.bmfwf.gv.at/wissenschaft/hochschulgremien/hsk.html,https://www.bmfwf.gv.at/wissenschaft/hochschulgremien/hsk.html,2026-07-30,accessible,200,0,text/html;charset=UTF-8,21210,,"Thu, 30 Jul 2026 19:06:07 GMT",161618,18ded38f5564ade25da4165ed2f003844c2bd4c0878674ce7e9d3353a0922940,complete received body,initial baseline,not assessed,,true,,
LRS-6899D06E5D83EA,AQUA 2024 activity report,https://www.aqua.ad/sites/default/files/2025-06/2_24-041_Mem%C3%B2ria_activitats_2024.pdf,https://www.aqua.ad/sites/default/files/2025-06/2_24-041_Mem%C3%B2ria_activitats_2024.pdf,2026-07-30,accessible,200,0,application/pdf,786430,"""683d616b-bfffe""","Mon, 02 Jun 2025 08:31:39 GMT",786430,2aefa5d5af5e6a403b2afeb4c525e9fe40a3cccc5fc76793fb2e244fcb5bc317,complete received body,initial baseline,not assessed,,true,,
LRS-68D3BA3D81C531,Law on Medicines,https://www.arlis.am/hy/acts/193634,https://www.arlis.am/hy/acts/193634,2026-07-30,accessible,200,0,text/html; charset=UTF-8,,,,184145,25acad458720adc9df2250ddfddd6340b37b65f48051a4836fb680d9092dcfb3,complete received body,initial baseline,not assessed,,true,,
LRS-68D8585D38790C,National College of Ireland research integrity,https://www.ncirl.ie/Research/Research-at-National-College-of-Ireland/Research-Support/Research-Integrity,https://www.ncirl.ie/Research/Research-at-National-College-of-Ireland/Research-Support/Research-Integrity,2026-07-30,accessible,200,0,text/html; charset=utf-8,,,,92152,2f66ab7963e3b2f8aecc05c3ea451203ace60ac49d8086eb2743b69a5a291ad7,complete received body,initial baseline,not assessed,,true,,
LRS-68F56EE0C3D19F,HRS4R Action Plan,https://www.unipd.it/en/sites/en.unipd.it/files/University%20of%20Padua%20-%20HRS4R%20Action%20Plan%202024-2026.pdf,https://www.unipd.it/en,2026-07-30,redirected-accessible,200,1,text/html; charset=utf-8,,,,1000000,47b8a277e5e325f3e44a8ff65128dda5c53c7de897b4c093d35f07e6f2fe3612,first 1000000 bytes,initial baseline,human review required,,true,,redirect requires equivalence review
LRS-6917B0D3263650,HESC laws and regulations,https://degrees.hesc.am/en/node/542,https://degrees.hesc.am/en/node/542,2026-07-30,accessible,200,0,text/html; charset=UTF-8,,,,38287,fa4cdcc51acccdb8e216c248145a62607c8da6d94f16a1819b8de8f070d368ba,complete received body,initial baseline,not assessed,,true,,
LRS-691AB2ECAB16E3,Law on Medicines and Pharmaceutical Activities,https://matsne.gov.ge/en/document/view/29836,https://matsne.gov.ge/en/document/view/29836,2026-07-30,accessible,200,0,text/html; charset=utf-8,47817,,,441118,c9752b80476621d147f6571a4a027d548a7376904f93941224018639e758a2e1,complete received body,initial baseline,not assessed,,true,,
LRS-6928155B33A120,FSVO Animal Experimentation sector,https://www.blv.admin.ch/blv/en/home/das-blv/organisation/organigramm/tg.html,https://www.blv.admin.ch/blv/en/home/das-blv/organisation/organigramm/tg.html,2026-07-30,http-error,404,0,text/html;charset=utf-8,,,,329049,bb665ec9c4bbbf88f0331c2b46329f803af5378261ea0e96c488349404a16b25,complete received body,initial baseline,not assessed,,true,,HTTP 404
LRS-692AA5F9A736EF,ENRIO Lithuania,https://www.enrio.eu/members/lithuania,https://www.enrio.eu/members/lithuania/,2026-07-30,redirected-accessible,200,1,text/html; charset=UTF-8,12636,,,47626,977bee33d5a287002683b0545b3fac862c037f30e6a2b747bdbb31aea9812f70,complete received body,initial baseline,human review required,,true,,redirect requires equivalence review
LRS-694451F31162F9,HRA cross-border research toolkit,https://www.hra.nhs.uk/about-us/news-updates/new-toolkit-support-research-carried-out-across-borders-uk,https://www.hra.nhs.uk/about-us/news-updates/new-toolkit-support-research-carried-out-across-borders-uk/,2026-07-30,redirected-accessible,200,1,text/html; charset=utf-8,,,,36127,562edb4d7741092479cd3f7f7da027a58b2e19a2aade63dcab0569f1e6fc9283,complete received body,initial baseline,human review required,,true,,redirect requires equivalence review
LRS-694D9904245BC2,CEIC opinions in evaluation page,https://www.ceic.pt/web/ceic/pareceres-em-avaliacao,https://www.ceic.pt/web/ceic/pareceres-em-avaliacao,2026-07-30,accessible,200,0,text/html;charset=UTF-8,6298,,,32625,1b9480acd0c6bc9b078c9a3c1f3e304f7533e9853497e251ee2f8055b70ca81e,complete received body,initial baseline,not assessed,,true,,
LRS-6966E5AD75BEE9,AQHE accreditation decisions,https://www.akvo.mk/index.php/odbori/odbor-za-akreditacija/resenija-akreditacija,https://www.akvo.mk/index.php/odbori/odbor-za-akreditacija/resenija-akreditacija,2026-07-30,http-error,500,0,text/html; charset=UTF-8,,,,20879,a6b3f4913fdfb574da46d0a68d3486a5d5724640c43d5ad9f9a1a975d01af96a,complete received body,initial baseline,not assessed,,true,,HTTP 500
LRS-698C57F6663315,2025 education-sector anticorruption implementation report,https://mec.gov.md/sites/default/files/raport_privind_implementarea_in_anul_2025_a_planului_sectorial_anticoruptie_in_domeniul_educatiei_aprobat_prin_ordinul_ministrului_educatiei_si_cercetarii_nr._658_din_07.05.2025._1_2.pdf,https://mec.gov.md/sites/default/files/raport_privind_implementarea_in_anul_2025_a_planului_sectorial_anticoruptie_in_domeniul_educatiei_aprobat_prin_ordinul_ministrului_educatiei_si_cercetarii_nr._658_din_07.05.2025._1_2.pdf,2026-07-30,accessible,200,0,application/pdf,276761,"""697b4554-43919""","Thu, 29 Jan 2026 11:32:36 GMT",276761,c6ccca898a249b4391b2aaeae9104a12da9ac5e7c9e78943a0500d7a25bb389d,complete received body,initial baseline,not assessed,,true,,
LRS-6A020B475F2DF7,ni.ac.rs,https://www.ni.ac.rs/dokumenti/category/140-komitet-za-profesionalnu-etiku,https://www.ni.ac.rs/dokumenti/category/140-komitet-za-profesionalnu-etiku,2026-07-30,accessible,200,0,text/html; charset=utf-8,,,"Thu, 30 Jul 2026 19:06:13 GMT",75621,419e6506d098b0771abe2197b6411ae3b73bb33e17ae3533c6c0b1af2d27a280,complete received body,initial baseline,not assessed,,true,,
LRS-6A1252868444B5,NCEQE authorization FAQ,https://eqe.ge/en/faq/35/show,https://eqe.ge/en/faq/35/show,2026-07-30,accessible,200,0,text/html; charset=UTF-8,,,,85465,02aefa6db055ead83f4bcab78be1ccb6b33da67c2231511486e1cec39711e7c7,complete received body,initial baseline,not assessed,,true,,
LRS-6A1758D759AFFC,Npof decisions penalties and appeals,https://npof.se/en/research-misconduct/decisions-penalties-and-appeals,https://npof.se/en/research-misconduct/decisions-penalties-and-appeals,2026-07-30,network-error,,0,,,,,0,,none,initial unavailable baseline,not assessed,,true,fetch failed,network access failed
LRS-6A223E3519F9D4,Research-integrity roundtable and 2025 annual report article,https://vaia.gov.sk/sk/2026/04/veda-ako-moralny-kompas-slovensko-systematizuje-pravidla-vyskumnej-integrity,https://vaia.gov.sk/sk/2026/04/veda-ako-moralny-kompas-slovensko-systematizuje-pravidla-vyskumnej-integrity/,2026-07-30,redirected-accessible,200,1,text/html; charset=UTF-8,24066,,,118130,f7f94896237da2b80430fa0873efc8bcf35a16335155f38f570daae22cce68af,complete received body,initial baseline,human review required,,true,,redirect requires equivalence review
LRS-6A8AAFA2F1D2AE,Organisations committed to the human-sciences guideline,https://tenk.fi/fi/eettinen-ennakkoarviointi/ihmistieteiden-ohjeeseen-sitoutuneet-organisaatiot,https://tenk.fi/fi/eettinen-ennakkoarviointi/ihmistieteiden-ohjeeseen-sitoutuneet-organisaatiot,2026-07-30,accessible,200,0,text/html; charset=UTF-8,,"""1785416381""","Thu, 30 Jul 2026 12:59:41 GMT",29851,6d7c3675f478f89c9ba12fd59b17b11d8f649d629a77e876e332805e2d1a30d8,complete received body,initial baseline,not assessed,,true,,
LRS-6AB49CFCE4EF44,University of Tirana legislation page,https://unitir.edu.al/legjislacioni,https://unitir.edu.al/legjislacioni/,2026-07-30,redirected-accessible,200,1,text/html; charset=UTF-8,,,"Fri, 24 Jul 2026 10:27:18 GMT",333540,815a570c0481dbab30a53468784b63086f10f38ff3abadba0899b3ae7de8a737,complete received body,initial baseline,human review required,,true,,redirect requires equivalence review
LRS-6AB7983BF9B67F,EPM Guide to ethical review published,https://etikprovningsmyndigheten.se/wp-content/uploads/2024/05/Guide-to-the-ethical-review_webb.pdf,https://etikprovningsmyndigheten.se/wp-content/uploads/2024/05/Guide-to-the-ethical-review_webb.pdf,2026-07-30,accessible,200,0,application/pdf,3013454,"""6659ba05-2dfb4e""","Fri, 31 May 2024 11:52:37 GMT",1000000,7352295f062c0c7f91772bb0a42f0e1c995cacbe1e3826ecddb8bab94266b369,first 1000000 bytes,initial baseline,not assessed,,true,,
LRS-6AC1D94CC6B74C,UZH news: Researchers Who Cheat,https://www.news.uzh.ch/en/articles/news/2023/integrity-scientific.html,https://www.news.uzh.ch/en/articles/news/2023/integrity-scientific.html,2026-07-30,accessible,200,0,text/html;charset=UTF-8,14322,,"Thu, 30 Jul 2026 19:06:12 GMT",71667,79e8cd63edeab376c3175b04a8f7bd41b62937915475ada57e7a11a70b3b1d39,complete received body,initial baseline,not assessed,,true,,
LRS-6AC9362F87DA60,TSU academic-integrity policy approved,https://www.tsu.ge/en/quality-assurance/page/Regulations--Integrity-,https://www.tsu.ge/en/quality-assurance/page/Regulations--Integrity-,2026-07-30,accessible,200,0,text/html; charset=UTF-8,13406,,,81552,f39a919c41df8decceb0b595567533404b80f0c0b33a2c03c1656de8441884d7,complete received body,initial baseline,not assessed,,true,,
LRS-6AE297750B0A02,RISEBA Research Integrity,https://riseba.lv/en/science/research-integrity,https://riseba.lv/en/science/research-integrity/,2026-07-30,redirected-accessible,200,1,text/html; charset=UTF-8,,,,76534,2e6de567a8cffdfe5774c1d58a279daf08901c8ac466d18d26a9c5842b626ba1,complete received body,initial baseline,human review required,,true,,redirect requires equivalence review
LRS-6AEDBDC8661069,ICI Bucharest ethics code,https://www.ici.ro/documents/94/Cod_de_etica.pdf,https://www.ici.ro/documents/94/Cod_de_etica.pdf,2026-07-30,accessible,200,0,application/pdf,193235,"""1d4599e008a5862fbdaffd5a52d9055eaec740b1""","Tue, 12 Aug 2025 11:30:12 GMT",193235,023d8d68a7318caa19006051b6d96cb5ad4ea45db54c7fa0c1badb427f8fc702,complete received body,initial baseline,not assessed,,true,,
LRS-6B122697079CB2,LMU Medical Faculty good scientific practice resources,https://www.med.lmu.de/de/promotion/gwp,https://www.med.lmu.de/de/promotion/gwp/,2026-07-30,redirected-accessible,200,1,text/html,7155,"""aa87-657ca9348b299-gzip""","Thu, 30 Jul 2026 02:10:26 GMT",43655,47f7ddeeaf68b53e6f9bdc5afdae7c470c1c6d5798845e2d6a6e2ebfbb550417,complete received body,initial baseline,human review required,,true,,redirect requires equivalence review
LRS-6B2BEE3A296EA9,Roskomnadzor home page,https://rkn.gov.ru/,https://rkn.gov.ru/,2026-07-30,network-error,,0,,,,,0,,none,initial unavailable baseline,not assessed,,true,fetch failed,network access failed
LRS-6B3DE7B8DC7A9D,CNRS responsibility of research,https://www.cnrs.fr/fr/le-cnrs/responsabilites/responsabilite-de-recherche,https://www.cnrs.fr/fr/le-cnrs/responsabilites/responsabilite-de-recherche,2026-07-30,accessible,200,0,text/html; charset=UTF-8,13791,,"Thu, 30 Jul 2026 18:55:44 GMT",60642,c79b478e4d0439c64122496961b75d9db881bebc0ea4c51bb15d760149ff769b,complete received body,initial baseline,not assessed,,true,,
LRS-6B843106FE295E,CSIC integrity and good practices,https://www.csic.es/es/el-csic/etica-e-integridad-cientifica-en-el-csic/integridad-cientifica-y-buenas-practicas,https://www.csic.es/es/el-csic/etica-e-integridad-cientifica-en-el-csic/integridad-cientifica-y-buenas-practicas,2026-07-30,accessible,200,0,text/html; charset=UTF-8,,,,138945,e284de05ec4b5a15504c30f22d75198bc352189f0271a8c457d583b2a55271a2,complete received body,initial baseline,not assessed,,true,,
LRS-6B872A46DFDC29,Law On the National Academy of Sciences of Belarus,https://pravo.by/document?guid=3871&p0=H19800159,https://pravo.by/document/?guid=3871&p0=H19800159,2026-07-30,redirected-accessible,200,1,text/html; charset=UTF-8,,,,83054,1b82bebe26db9eb9ec6d905e87eee0321e531c1552f6ec6a9a90592a2207df04,complete received body,initial baseline,human review required,,true,,redirect requires equivalence review
LRS-6B8C5A9B087F2A,Alþingi,https://www.althingi.is/altext/stjt/2019.070.html,https://www.althingi.is/altext/stjt/2019.070.html,2026-07-30,accessible,200,0,text/html;charset=UTF-8,,,"Thu, 30 Jul 2026 19:06:14 GMT",71851,8bc50e9617c6b6048a2a7d6190cbb1ef0f8c4bf960c57f31987f998d604885cc,complete received body,initial baseline,not assessed,,true,,
LRS-6BA920F5028938,Ministry of Civil Affairs,https://mcp.gov.ba/en/about-the-science-and-culture-sector,https://mcp.gov.ba/en/about-the-science-and-culture-sector,2026-07-30,accessible,200,0,text/html; charset=utf-8,39742,,,156917,3a10bff0219605bf17378d32bc927c3df15eb2c0fe8bc8c951e1406528690023,complete received body,initial baseline,not assessed,,true,,
LRS-6BB64E77DF7C7E,OeAWI Activity Report 2023,https://oeawi.at/wp-content/uploads/2025/06/OeAWI_ActivityReport_2023.pdf,https://oeawi.at/wp-content/uploads/2025/06/OeAWI_ActivityReport_2023.pdf,2026-07-30,accessible,200,0,application/pdf,1757035,"""1acf6b-637ac4bc2e59e""","Mon, 16 Jun 2025 08:36:45 GMT",1000000,1a54dd8255533f52ab388537f6043d7efd383e3e2027deb7b7310add75dbab0e,first 1000000 bytes,initial baseline,not assessed,,true,,
LRS-6BB8BD4ACBA85E,ITU good scientific practice,https://en.itu.dk/research/good-scientific-practice,https://en.itu.dk/404,2026-07-30,redirected-accessible,200,1,text/html; charset=utf-8,132643,,,132643,e018cc9a36b485cf796a671902922de47d782ab765a5746405d151facbc2ae86,complete received body,initial baseline,human review required,,true,,redirect requires equivalence review
LRS-6BC09A1F1E5DF8,Committee for Professional Ethics,https://www.kg.ac.rs/odbor_za_profesionalnu_etiku.php?pismo=latinica,https://www.kg.ac.rs/odbor_za_profesionalnu_etiku.php?pismo=latinica,2026-07-30,accessible,200,0,text/html; charset=UTF-8,,,,48026,70121ec440323e161ea96a1c063f25e21e72dd5ccdb7b92594eba146aa7b4975,complete received body,initial baseline,not assessed,,true,,
LRS-6BC6C0965EC1BE,FNI,https://fni.bg/?q=node%2f18,https://fni.bg/?q=node%2f18,2026-07-30,accessible,200,0,text/html; charset=utf-8,,,,60549,efe873cd8a92d5c80a647b91913dc343bf6583452d33768e63b1d07fa78b1693,complete received body,initial baseline,not assessed,,true,,
LRS-6BD281A5AFA4E7,Scientific integrity presentation at the University of Rijeka,https://uniri.hr/wp-content/uploads/2022/12/Znanstvena-cestitost_Vanja-Pupovac_22-11-2022.pdf,https://uniri.hr/wp-content/uploads/2022/12/Znanstvena-cestitost_Vanja-Pupovac_22-11-2022.pdf,2026-07-30,accessible,200,0,application/pdf,1295943,"""13c647-5efb682938d3c""","Tue, 13 Dec 2022 14:33:57 GMT",1000000,9e91f1c95abaf6d6954cfe37751fd088f0e28b6d425c4c8de9a521045e4e62eb,first 1000000 bytes,initial baseline,not assessed,,true,,
LRS-6BD50A4024A46C,CNECSDTI decisions archive,https://cnecsdti.research.gov.ro/hotarari,https://cnecsdti.research.gov.ro/hotarari,2026-07-30,network-error,,0,,,,,0,,none,initial unavailable baseline,not assessed,,true,fetch failed,network access failed
LRS-6BE22CA9C61A16,dipae.ac.cy,https://www.dipae.ac.cy/index.php/en,https://www.dipae.ac.cy/index.php/en,2026-07-30,accessible,200,0,text/html; charset=utf-8,,,"Thu, 30 Jul 2026 19:06:16 GMT",120258,969cdd19d673e4905947269ef2a1c44ba008050196ac69f4702dd568a939dc48,complete received body,initial baseline,not assessed,,true,,
LRS-6C0DAF2AE87343,Mediterranean University Ethics Code,https://unimediteran.net/wp-content/uploads/2022/11/ETICKI_KODEKS_UM_nov2022.pdf,https://unimediteran.net/wp-content/uploads/2022/11/ETICKI_KODEKS_UM_nov2022.pdf,2026-07-30,accessible,200,0,application/pdf,515058,"""7dbf2-63871262-7622d01;;;""","Wed, 30 Nov 2022 08:20:50 GMT",515058,4f65a48a6ee5cb77612647e2c1b4307df69cdefd9bb5c64a9e174380d076e61a,complete received body,initial baseline,not assessed,,true,,
LRS-6C0E60114E4F7D,National Council ministry page,https://mzom.gov.hr/istaknute-teme/nacionalna-vijeca-strucna-i-radna-tijela-i-povjerenstva/nacionalno-vijece-za-visoko-obrazovanje-znanost-i-tehnoloski-razvoj/324,https://mzom.gov.hr/istaknute-teme/nacionalna-vijeca-strucna-i-radna-tijela-i-povjerenstva/nacionalno-vijece-za-visoko-obrazovanje-znanost-i-tehnoloski-razvoj/324,2026-07-30,accessible,200,0,text/html; charset=utf-8,8266,,,26126,3e7bd9b54e77d72ebda22b930d3945ab59331f2dfa8620a94b24f5ade25fbaf9,complete received body,initial baseline,not assessed,,true,,
LRS-6C1892E73C3692,AKOKVO GAIN article,https://akokvo.me/en/akokvo-becomes-a-member-of-the-global-academic-integrity-network-gain,https://akokvo.me/en/akokvo-becomes-a-member-of-the-global-academic-integrity-network-gain/,2026-07-30,redirected-accessible,200,1,text/html; charset=UTF-8,,,,60170,1d0389e2de6767da5a94fa7a981f12e3ffefd9e9c02938c5e694d34b54fd4063,complete received body,initial baseline,human review required,,true,,redirect requires equivalence review
LRS-6C2E5016FCD427,UI committee page,https://english.hi.is/about-ui/governance/university-council-committees,https://english.hi.is/about-ui/governance/university-council-committees,2026-07-30,accessible,200,0,text/html; charset=UTF-8,45781,"""1785438376-br""","Thu, 30 Jul 2026 19:06:16 GMT",402709,7e42c5db6b7175ff8701b265ff31e0b73f818dcbdadc057e869c9f446f0c4a66,complete received body,initial baseline,not assessed,,true,,
LRS-6C6F6342FE2770,CNECSDTI regulation,https://legislatie.just.ro/public/DetaliiDocument/287938,https://legislatie.just.ro/public/DetaliiDocument/287938,2026-07-30,network-error,,0,,,,,0,,none,initial unavailable baseline,not assessed,,true,fetch failed,network access failed
LRS-6C7EDEE8D9D721,Stapel fraud investigations and final report,https://www.tilburguniversity.edu/nl/over/gedrag-integriteit/commissie-levelt,https://www.tilburguniversity.edu/nl/over/gedrag-integriteit/commissie-levelt,2026-07-30,accessible,200,0,text/html; charset=UTF-8,,,"Thu, 30 Jul 2026 14:45:36 GMT",54630,af52ece4bd0db69a2ba7c4c55f45208948c8011eea135723831b0d404c367e5c,complete received body,initial baseline,not assessed,,true,,
LRS-6C912CCC3B0AD3,ONEP,https://www.onep.se/en,https://www.onep.se/en/,2026-07-30,redirected-accessible,200,1,text/html; charset=utf-8,,,,8830,bf3a4208f217e7383b4af80f47df424e9034d31d11f12754a9c82fee7da63860,complete received body,initial baseline,human review required,,true,,redirect requires equivalence review
LRS-6C991215C34DD0,CEIC mission page,https://www.ceic.pt/missao,https://www.ceic.pt/missao,2026-07-30,accessible,200,0,text/html;charset=UTF-8,7645,,,31590,988271ddffe9a726385ac54c1e56f846096e7307ae2bf97d3c161d9cb20087d8,complete received body,initial baseline,not assessed,,true,,
LRS-6CB53A34C167C4,Legislatie CNATDCU,https://www.edu.ro/legislatie-cnatdcu,https://www.edu.ro/legislatie-cnatdcu,2026-07-30,accessible,200,0,text/html; charset=UTF-8,,,,31069,a040b8d22e92d8e9a43b823749d0fb32f66929a4c6bc7304e9cc50303b76f6ba,complete received body,initial baseline,not assessed,,true,,
LRS-6CFA32E96CC00C,TENK 2024:18 statement summary,https://tenk.fi/en/research-misconduct/tenks-statement-summaries/which-university-carries-out-ri-process-and,https://tenk.fi/en/research-misconduct/tenks-statement-summaries/which-university-carries-out-ri-process-and,2026-07-30,accessible,200,0,text/html; charset=UTF-8,,"""1785440044""","Thu, 30 Jul 2026 19:34:04 GMT",20904,1dfc9add5582c18db001ee85af01abba136cbc6bd1350832f1be2c94c3c7a9fc,complete received body,initial baseline,not assessed,,true,,
LRS-6D02BCF207FC78,UAK,https://www.uak.gov.tr/documents/documents/68838b0a08031.pdf,https://www.uak.gov.tr/documents/documents/68838b0a08031.pdf,2026-07-30,network-error,,0,,,,,0,,none,initial unavailable baseline,not assessed,,true,fetch failed,network access failed
LRS-6D1891559132AD,Certified expertise in small animal welfare and experimentation,https://events.lih.lu/blog/our-news-1/post/certified-expertise-in-small-animal-welfare-and-experimentation-111,https://events.lih.lu/blog/our-news-1/post/certified-expertise-in-small-animal-welfare-and-experimentation-111,2026-07-30,accessible,200,0,text/html; charset=utf-8,5271,,,18698,ba74b6ddb0f38b70eddd752ef515c2f16ead94f3352b7134a4c7f3f8d23e1fec,complete received body,initial baseline,not assessed,,true,,
LRS-6D1EFDFCF83962,GIS Nauka attestation information composition order,https://vak.gisnauka.ru/foreign/s3-files/01cc80c69fae4988a0246a8f5e2774e7%3Afisgna/public/media/uploaded/news_files/610f0841-34c9-472d-80cd-291b70fcb88e/%D0%9F%D1%80%D0%B8%D0%BA%D0%B0%D0%B7_%D0%9C%D0%B8%D0%BD%D0%B8%D1%81%D1%82%D0%B5%D1%80%D1%81%D1%82%D0%B2%D0%B0_%D0%BD%D0%B0%D1%83%D0%BA%D0%B8_%D0%B8_%D0%B2%D1%8B%D1%81_eZZisog.pdf,https://vak.gisnauka.ru/foreign/s3-files/01cc80c69fae4988a0246a8f5e2774e7%3Afisgna/public/media/uploaded/news_files/610f0841-34c9-472d-80cd-291b70fcb88e/%D0%9F%D1%80%D0%B8%D0%BA%D0%B0%D0%B7_%D0%9C%D0%B8%D0%BD%D0%B8%D1%81%D1%82%D0%B5%D1%80%D1%81%D1%82%D0%B2%D0%B0_%D0%BD%D0%B0%D1%83%D0%BA%D0%B8_%D0%B8_%D0%B2%D1%8B%D1%81_eZZisog.pdf,2026-07-30,network-error,,0,,,,,0,,none,initial unavailable baseline,not assessed,,true,fetch failed,network access failed
LRS-6D2799DECF7806,About NESH,https://www.forskningsetikk.no/en/about-us/our-committees-and-commission/nesh/about-nesh,https://www.forskningsetikk.no/en/about-us/our-committees-and-commission/nesh/about-nesh,2026-07-30,accessible,200,0,text/html; charset=utf-8,,,,18351,ca923b233544fc5ac8f2a6e096e02f502a725130313c3001ad1bd14b5d56f8e3,complete received body,initial baseline,not assessed,,true,,
LRS-6D3D372BC59AD9,"Law on Science, Technology and Their Development",https://matsne.gov.ge/en/document/view/28426,https://matsne.gov.ge/en/document/view/28426,2026-07-30,accessible,200,0,text/html; charset=utf-8,27241,,,254060,558172235b1c4c54c7ace14ffcf44dc0b34e5a82ca859c39ec2c93903a558bcd,complete received body,initial baseline,not assessed,,true,,
LRS-6DA2F20E4B980A,Framework for Good Research Practice,https://www.ugent.be/en/research/framework,https://www.ugent.be/en/research/framework,2026-07-30,accessible,200,0,text/html;charset=utf-8,31603,"""||4006492|en|Plone Default|0|-gzip""",,116942,584eab9d3e8e34ea1652b9ef98a3d88e07261b62529ff4808929f82cbecf3e3b,complete received body,initial baseline,not assessed,,true,,
LRS-6DF9C41A122B6E,Estonian Academy of Music and Theatre Research Ethics Committee,https://eamt.ee/teadus/teaduseetika-komisjon,https://eamt.ee/teadus/teaduseetika-komisjon/,2026-07-30,redirected-accessible,200,1,text/html; charset=UTF-8,26170,,,152948,dca0c8c6811625e60805ef46115d456a86a8cb40cdad696762fa03e4a6cb4651,complete received body,initial baseline,human review required,,true,,redirect requires equivalence review
LRS-6DFA1B8BB465F4,VAK plenary meeting page,https://minobrnauki.gov.ru/press-center/news/nauka-i-obrazovanie/100193,https://minobrnauki.gov.ru/press-center/news/nauka-i-obrazovanie/100193,2026-07-30,network-error,,0,,,,,0,,none,initial unavailable baseline,not assessed,,true,fetch failed,network access failed
LRS-6E4B48B839EF7E,Who are we and what do we do?,https://www.forskningsetikk.no/en/about-us/who-are-we-and-what-do-we-do,https://www.forskningsetikk.no/en/about-us/who-are-we-and-what-do-we-do,2026-07-30,accessible,200,0,text/html; charset=utf-8,,,,22066,1fc723159b8bdf9ccc7af22b14fae62f0c6d763623bbb8c91a9d8040da603808,complete received body,initial baseline,not assessed,,true,,
LRS-6E5FC05F5EF3BF,Authorisation of clinical trials with medical devices,https://bioetika.lrv.lt/en/biomedical-research/authorisation-of-clinical-trials-with-medical-devices,https://bioetika.lrv.lt/en/biomedical-research/authorisation-of-clinical-trials-with-medical-devices,2026-07-30,http-error,403,0,text/html; charset=UTF-8,,,,5941,fbd359ab299bc8fdbf3039a309daeda7dc63755cf7af1e244e40a2943e0077dc,complete received body,initial baseline,not assessed,,true,,HTTP 403
LRS-6E7A00CAC52A4F,SAV ethics questions and integrity page,https://hrs4r.sav.sk/eticke-otazky,https://hrs4r.sav.sk/eticke-otazky/,2026-07-30,redirected-accessible,200,1,text/html; charset=UTF-8,15283,,,70115,01158f189762a2737489f57c17acc411884b53ffd780686848dac5176dd9920f,complete received body,initial baseline,human review required,,true,,redirect requires equivalence review
LRS-6EE1DEDC275EE1,UFL good-scientific-practice rules version 3 dated,https://www.ufl.li/fileadmin/user_upload/00_Reglemente/2025-08-20_Regeln_zur_Sicherung_guter_wissenschaftlicher_Praxis_V3.pdf,https://www.ufl.li/fileadmin/user_upload/00_Reglemente/2025-08-20_Regeln_zur_Sicherung_guter_wissenschaftlicher_Praxis_V3.pdf,2026-07-30,accessible,200,0,application/pdf,2162501,"""68a57bc6-20ff45""","Wed, 20 Aug 2025 07:39:50 GMT",1000000,df976454612b74cc997027efb7d1c2d9252bc13e4a2901d5d3a0fbf383d34c3e,first 1000000 bytes,initial baseline,not assessed,,true,,
LRS-6F18A38995797B,Landspitali scientific research approval routes,https://island.is/en/o/landspitali/scientific-research,https://island.is/en/o/landspitali/scientific-research,2026-07-30,accessible,200,0,text/html; charset=utf-8,,"""2v1ci8cdid4bf2""",,201843,3d9579cd66ee07b8181a8282b4b01fcb09dc1dcdef8b2aeeb8c23d7318ab9d54,complete received body,initial baseline,not assessed,,true,,
LRS-6F1D9A650DE90F,HAN scientific integrity,https://www.han.nl/onderzoek/onderzoek-bij-de-han/wetenschappelijke-integriteit,https://www.han.nl/onderzoek/onderzoek-bij-de-han/wetenschappelijke-integriteit/,2026-07-30,redirected-accessible,200,1,text/html; charset=UTF-8,31410,"""30b8636c8bbc0f716269a65bd9935f2b;gzip""","Thu, 30 Jul 2026 19:06:19 GMT",105693,cddbe840d2c22338372a268abdf4d78d3114b4b30c0d547a51f55f1e782b91f3,complete received body,initial baseline,human review required,,true,,redirect requires equivalence review
LRS-6F1F69067E63C1,Rospatent statute page,https://rospatent.gov.ru/en/statute,https://rospatent.gov.ru/en/statute,2026-07-30,network-error,,0,,,,,0,,none,initial unavailable baseline,not assessed,,true,fetch failed,network access failed
LRS-6F32CEDAE96E18,Chief Scientist strategy page,https://chiefscientist.gov.cy/strategy-and-policy/strategy,https://chiefscientist.gov.cy/strategy-and-policy/strategy/,2026-07-30,redirected-accessible,200,1,text/html; charset=UTF-8,,,,139394,5f11f29ff7bf353c683590f187f99f8e5a619551366e7ba0e157ac471c627da0,complete received body,initial baseline,human review required,,true,,redirect requires equivalence review
LRS-6F495CDCF19D9B,NKVIE institutional survey 2025,https://vaia.gov.sk/wp-content/uploads/2026/01/Dotaznik-Narodnej-komisie-pre-vyskumnu-integritu-a-etiku.pdf,https://vaia.gov.sk/wp-content/uploads/2026/01/Dotaznik-Narodnej-komisie-pre-vyskumnu-integritu-a-etiku.pdf,2026-07-30,accessible,200,0,application/pdf,,"""53639-649715a9c0610""","Wed, 28 Jan 2026 11:51:00 GMT",341561,6fc022b6932ccf99344e7b892bb6d6f774de5263ed7705139c0e985f3151df4e,complete received body,initial baseline,not assessed,,true,,
LRS-6F52817D763CC1,Linee guida page,https://www.sicurezzaricerca.mur.gov.it/modello-nazionale-e-linee-guida/linee-guida,https://www.sicurezzaricerca.mur.gov.it/modello-nazionale-e-linee-guida/linee-guida/,2026-07-30,redirected-accessible,200,1,text/html; charset=UTF-8,21095,,,98447,713b816f7fce419f7e8cfe3d180b4bbdb5f7aa494ca34d044466c32025d8820e,complete received body,initial baseline,human review required,,true,,redirect requires equivalence review
LRS-6F52BA5C28A46C,NRIN in the Netherlands,https://nrin.nl/in-the-netherlands,https://nrin.nl/in-the-netherlands/,2026-07-30,redirected-accessible,200,1,text/html; charset=UTF-8,,,,325058,60f69a94ed2bdfbe936bd7efe4b703f830cde056127f8097d227444c32a3a99d,complete received body,initial baseline,human review required,,true,,redirect requires equivalence review
LRS-6F7E82D9175193,Code of Conduct for Scientific Integrity,https://www.swissuniversities.ch/fileadmin/swissuniversities/Dokumente/Forschung/Kodex_Layout_en_Web.pdf,https://www.swissuniversities.ch/fileadmin/swissuniversities/Dokumente/Forschung/Kodex_Layout_en_Web.pdf,2026-07-30,accessible,200,0,application/pdf,1084597,,"Fri, 04 Feb 2022 13:46:15 GMT",1000000,698e3895ff695b4d4747306ec3543ea038d0fc37d928b30de14c0ed27d2fb0d8,first 1000000 bytes,initial baseline,not assessed,,true,,
LRS-6FA0A530FADFDD,CSIS officially announced by the Royal Academies of Belgium,https://www.frs-fnrs.be/en/high-council-scientific-integrity-csis,https://www.frs-fnrs.be/en/high-council-scientific-integrity-csis,2026-07-30,accessible,200,0,text/html; charset=UTF-8,,,,127693,88f4d373c9351850bea545c773bb1af1ce2525c127a0056d823db6d40b9a6f2f,complete received body,initial baseline,not assessed,,true,,
LRS-6FB47EEE2551F3,2013 animal-protection ordinance,https://narodne-novine.nn.hr/clanci/sluzbeni/2013_05_55_1129.html,https://narodne-novine.nn.hr/clanci/sluzbeni/2013_05_55_1129.html,2026-07-30,accessible,200,0,text/html; charset=utf-8,56509,,,221474,e2234427e8fc4afd69741013d3ab5a482bd842bc682e5b4a5da3b84543aec482,complete received body,initial baseline,not assessed,,true,,
LRS-6FFCEB4BB3450D,ENRIO Germany country report,https://www.enrio.eu/country-reports/germany,https://www.enrio.eu/country-reports/germany/,2026-07-30,redirected-accessible,200,1,text/html; charset=UTF-8,13337,,,48788,bad7e954f446006550f4421b16f3ab3dc268db1eda9a059ad381087f6e75d431,complete received body,initial baseline,human review required,,true,,redirect requires equivalence review
LRS-700E41DC360F14,UAK,https://www.uak.gov.tr/documents/documents/68833f08eae85.pdf,https://www.uak.gov.tr/documents/documents/68833f08eae85.pdf,2026-07-30,network-error,,0,,,,,0,,none,initial unavailable baseline,not assessed,,true,fetch failed,network access failed
LRS-700FF468ED58B6,Research Council call example,https://www.forskningsradet.no/en/call-for-proposals/2025/researcher-project-legal-research,https://www.forskningsradet.no/en/call-for-proposals/2025/researcher-project-legal-research/,2026-07-30,redirected-accessible,200,1,text/html; charset=utf-8,,,,135174,e48118b8efd11f8fd3bcaab3276538ac3f2351d3cc844402f8d39290dc300d26,complete received body,initial baseline,human review required,,true,,redirect requires equivalence review
LRS-703315F64FA886,HFEA latest decisions on clinics,https://www.hfea.gov.uk/choose-a-clinic/latest-decisions-on-clinics,https://www.hfea.gov.uk/choose-a-fertility-clinic/latest-decisions-on-clinics/,2026-07-30,redirected-accessible,200,1,text/html; charset=utf-8,,,,109154,59c48820154fa64f04c1377706e5b59de90586d6b4fd6212933b9caf7fb940ad,complete received body,initial baseline,human review required,,true,,redirect requires equivalence review
LRS-7035CF3C058CF0,OMPA page,https://www.govern.ad/ca/tematiques/empresa-i-emprenedoria/ompa,https://www.govern.ad/ca/tematiques/empresa-i-emprenedoria/ompa,2026-07-30,accessible,200,0,text/html;charset=UTF-8,68503,,,649584,66e83c992cf37ac9a4cc460c30a779e50f425ce18f73293aff925f66c5e903b7,complete received body,initial baseline,not assessed,,true,,
LRS-708862FD9F16EE,Republika Srpska Higher Education Law,https://hea.gov.ba/Content/Open/102211?n=ZAKON_O_VISOKOM_OBRAZOVANjU_%28Sl._glasnik_RS%2C_br._67_2020_i_107_2024%29.pdf,https://hea.gov.ba/Content/Open/102211?n=ZAKON_O_VISOKOM_OBRAZOVANjU_%28Sl._glasnik_RS%2C_br._67_2020_i_107_2024%29.pdf,2026-07-30,accessible,200,0,application/pdf,232107,,,232107,c97a267fdd913789402bcbed600d6d12c0292d350ffc361c2e73cc98bbdbb015,complete received body,initial baseline,not assessed,,true,,
LRS-70927E44E0180A,Archived 2020 Ethics Committee decisions,https://www.gov.me/clanak/223606--odluke-etickog-komiteta,https://www.gov.me/clanak/223606--odluke-etickog-komiteta,2026-07-30,accessible,200,0,text/html; charset=utf-8,538757,"W/""83885-QeqFZXXqyvRdqAekVQNfW4ZVjjE""",,538757,34af6688ed2fcdde221d451da9bea1bc65d771968255e5ab0cfbb045c6647bd5,complete received body,initial baseline,not assessed,,true,,
LRS-70B5738502AF1F,2024 financial/activity report,https://dokumenty.pan.pl/api/file/GetZipxAttachment/4/6324/false/preview,https://dokumenty.pan.pl/api/file/GetZipxAttachment/4/6324/false/preview,2026-07-30,accessible,200,0,application/pdf,1490558,,,1000000,da553c05a30d753b4ddd1a71ffbcd4ee994ba8c8370bf05b5870043d2a72a334,first 1000000 bytes,initial baseline,not assessed,,true,,
LRS-70B6D834346870,Legislative Decree 26/2014,https://www.normattiva.it/uri-res/N2Ls?urn:nir:stato:decreto.legislativo:2014-03-04;26=,https://www.normattiva.it/uri-res/N2Ls?urn:nir:stato:decreto.legislativo:2014-03-04;26=,2026-07-30,accessible,200,0,text/html;charset=UTF-8,,,,137411,834fbdd8013c57f8421ac3192f913a5a1719eec14b3c88ed21b5d78a442ece2e,complete received body,initial baseline,not assessed,,true,,
LRS-70B9EC7F9BE95B,Charles University Ethics Commission statement No. 1/2025,https://cuni.cz/UK-5554-version1-stanovisko1_2025web.pdf,https://cuni.cz/UK-5554-version1-stanovisko1_2025web.pdf,2026-07-30,accessible,200,0,application/pdf,,,"Mon, 16 Jun 2025 09:47:46 GMT",227364,85893e27e1e9b705f087a5c9347b8f6de09a9e0ce3db8d8b8c03ff2cc2de2ca9,complete received body,initial baseline,not assessed,,true,,
LRS-70C0138F4A4D21,Doctoral decree 25 May 2016,https://www.legifrance.gouv.fr/codes/id/JORFTEXT000032587086,https://www.legifrance.gouv.fr/codes/id/JORFTEXT000032587086,2026-07-30,http-error,403,0,text/html; charset=UTF-8,,,,5798,70631c161dc2e4dfed273d45c60a5b9ee940a75f8f4f8d0dcf1e346e3e232ff1,complete received body,initial baseline,not assessed,,true,,HTTP 403
LRS-7101D09936874C,Authorisation-required activities with animals,https://www.llv.li/de/unternehmen/branchen-berufe-verbaende/tierhaltung-und-tierbetreuung/bewilligungspflichtige-taetigkeiten-mit-tieren,https://www.llv.li/de/unternehmen/branchen-berufe-verbaende/tierhaltung-und-tierbetreuung/bewilligungspflichtige-taetigkeiten-mit-tieren,2026-07-30,http-error,403,0,text/html; charset=UTF-8,,,,6093,7898b532d511e309e964555ff9ba9a33c13c95a5ab8c2b725c2341bcc7674ae7,complete received body,initial baseline,not assessed,,true,,HTTP 403
LRS-71313FED3405E7,Disciplinary Board route,https://www.unimi.it/it/ateneo/governance-e-linee-strategiche/elezioni-e-nomine/votazioni-corso,https://www.unimi.it/it/ateneo/governance-e-linee-strategiche/elezioni-e-nomine/votazioni-corso,2026-07-30,http-error,403,0,text/html; charset=UTF-8,,,,5996,2c91fffc9c3674c94bd6972c4307d9113b5de2a4ea8dc7b4981811d36ed99bd2,complete received body,initial baseline,not assessed,,true,,HTTP 403
LRS-7145B98FB62D91,Government research ethics overview updated,https://www.regjeringen.no/en/topics/research/innsiktsartikler/research-ethics/id2000710,https://www.regjeringen.no/en/topics/research/innsiktsartikler/research-ethics/id2000710,2026-07-30,http-error,403,0,text/html; charset=UTF-8,,,,5891,b0a3958b0f4278d7177f39de8a3e710e9e424ff502fcfb6f63334642bc8ee0a0,complete received body,initial baseline,not assessed,,true,,HTTP 403
LRS-715732CE5F3739,CNER favourable-opinion list 2000-Oct 2025,https://cner.gouvernement.lu/dam-assets/documents/listing-etudes-avis-favorable/liste-tudes-avis-favorable-cner-2000-oct2025-v102025.pdf,https://cner.gouvernement.lu/dam-assets/documents/listing-etudes-avis-favorable/liste-tudes-avis-favorable-cner-2000-oct2025-v102025.pdf,2026-07-30,accessible,200,0,application/pdf,698096,,,698096,622c1d2987705221e0d56b3c2523c7d0d00344f2b4a91a1bc552bcf6ddc03688,complete received body,initial baseline,not assessed,,true,,
LRS-718B5CDFE7F5AC,Commons Science and Technology Committee report on research integrity,https://www.ukri.org/what-we-do/supporting-healthy-research-and-innovation-culture/research-integrity,https://www.ukri.org/what-we-do/supporting-healthy-research-and-innovation-culture/research-integrity/,2026-07-30,redirected-accessible,200,1,text/html; charset=UTF-8,18697,,,83739,a4ad24aa40b9c28feb03374be604f962b48c1d7d25f4d20a56c8a397cb401eeb,complete received body,initial baseline,human review required,,true,,redirect requires equivalence review
LRS-718BC217A0FF44,Law on Scientific-Research Activity,https://www.mon.gov.mk/stored/document/zakon-za-naucno-istrazuvacka-dejnost.pdf,https://mon.gov.mk/stored/document/zakon-za-naucno-istrazuvacka-dejnost.pdf,2026-07-30,http-error,404,1,text/html; charset=utf-8,,,,7941,800fc6128e0a6b18cc67ac7cfca30b9b0f4ed60be4cceb167f4b3733d756a156,complete received body,initial baseline,human review required,,true,,redirect requires equivalence review | HTTP 404
LRS-71B7CFFBBCAF0B,CERCA Ombudsperson operating regulations,https://cerca.cat/wp-content/uploads/2023/07/Ombudsperson_regulation_June2023.pdf,https://cerca.cat/wp-content/uploads/2023/07/Ombudsperson_regulation_June2023.pdf,2026-07-30,accessible,200,0,application/pdf,650565,,"Tue, 09 Sep 2025 06:52:40 GMT",650565,081e63379a42d0e3b57468dac662fce82ee44e626e90c6893dc0f284de05b94e,complete received body,initial baseline,not assessed,,true,,
LRS-71C03700E0CE7B,Applications page,https://hadmek.tarimorman.gov.tr/Sayfa/Detay/647,https://hadmek.tarimorman.gov.tr/Sayfa/Detay/647,2026-07-30,accessible,200,0,text/html; charset=utf-8,43274,,,43274,579e1076095a6bd65b1251959fe5a178f5ab02f3768563c34373e9bc3160670f,complete received body,initial baseline,not assessed,,true,,
LRS-71C2DD73B67D21,KAA Strategic Plan 2026-2030 approval,https://akreditimi.rks-gov.net/kosovo-accreditation-agencys-2026-2030-strategic-plan-officially-approved,https://akreditimi.rks-gov.net/kosovo-accreditation-agencys-2026-2030-strategic-plan-officially-approved/,2026-07-30,redirected-accessible,200,1,text/html; charset=UTF-8,16729,,,104279,419708a0cd6149bd908fa939856a241335336ae8ea8b5eb93bf44649410714ef,complete received body,initial baseline,human review required,,true,,redirect requires equivalence review
LRS-71DBE0D4F39863,AEM clinical research conference,https://pharma.az/en/news/the-scientific-practical-conference-on-clinical-research-was-held,https://pharma.az/en/news/the-scientific-practical-conference-on-clinical-research-was-held/,2026-07-30,redirected-accessible,200,1,text/html,,,"Sun, 26 Jul 2026 15:32:20 GMT",126206,8fd930b67181801a0d08c068b97bd4f8686ea5814b52defdeb43b69f3e45c17b,complete received body,initial baseline,human review required,,true,,redirect requires equivalence review
LRS-71E0BFE5264D80,Hellenic Pasteur Institute committee page,https://www.pasteur.gr/en/committee-research-ethics,https://www.pasteur.gr/en/committee-research-ethics,2026-07-30,accessible,200,0,text/html; charset=UTF-8,,"""1785438389-gzip""","Thu, 30 Jul 2026 19:06:29 GMT",92583,f11896eaa5522a192ceef1c44245b725a8bbb5efb8fcd08b760d0df3634385b9,complete received body,initial baseline,not assessed,,true,,
LRS-720633D6A0E7D6,National Center of Intellectual Property,https://ncip.by/en,https://ncip.by/en/,2026-07-30,redirected-accessible,200,2,text/html; charset=UTF-8,,,,71783,f4ec11a6c3889d2f154b8acbffa248765742bfc5c9b1e85a94996b00b5a38bdd,complete received body,initial baseline,human review required,,true,,redirect requires equivalence review
LRS-72525AF8FD3759,Lithuanian University Rectors' Conference approves Guidelines for Publication Ethics,https://etikostarnyba.lt/en/the-lithuanian-university-rectors-conference-approved-the-guidelines-for-publication-ethics,https://etikostarnyba.lt/en/the-lithuanian-university-rectors-conference-approved-the-guidelines-for-publication-ethics/,2026-07-30,redirected-accessible,200,1,text/html; charset=UTF-8,,,"Thu, 30 Jul 2026 19:06:31 GMT",172363,a39056ca61b6377722118e021c129490dcaa42a8ebc71d2173601b55a14683d5,complete received body,initial baseline,human review required,,true,,redirect requires equivalence review
LRS-7291EDABAC0DCB,NKUA committee rules,https://angers-fr.frl.uoa.gr/fileadmin/depts/frl.uoa.gr/angers/uploads/ETHICS.pdf,https://angers-fr.frl.uoa.gr/fileadmin/depts/frl.uoa.gr/angers/uploads/ETHICS.pdf,2026-07-30,accessible,200,0,application/pdf,237169,"""662d2a82-39e71""","Sat, 27 Apr 2024 16:40:34 GMT",237169,8df9628dcc476bab5e222a2b6e08230a8b9b6f7fc0de82cd6babdf13bab219bc,complete received body,initial baseline,not assessed,,true,,
LRS-72A1957200AD9B,RD 1090/2015 regulates clinical trials and CEIm,https://www.boe.es/diario_boe/txt.php?id=BOE-A-2015-14082,https://www.boe.es/diario_boe/txt.php?id=BOE-A-2015-14082,2026-07-30,accessible,200,0,text/html; charset=UTF-8,,,,234556,c4bf6b7007d60e5ddc8d54e03ebcd27504102c353ec0ea55b8f42d5146b7e695,complete received body,initial baseline,not assessed,,true,,
LRS-72AFB489B1017B,FEK page on REK,https://www.forskningsetikk.no/en/about-us/our-committees-and-commission/rek,https://www.forskningsetikk.no/en/about-us/our-committees-and-commission/rek,2026-07-30,accessible,200,0,text/html; charset=utf-8,,,,17025,ccc98a310c996bb8287b3a59dbf78b430de1c2152ce76141b5fdb1189fb8db3d,complete received body,initial baseline,not assessed,,true,,
LRS-72B38EC06CE746,Formas governing documents,https://formas.se/en/start-page/about-formas/how-formas-is-governed/governing-documents.html,https://formas.se/en/start-page/about-formas/how-formas-is-governed/governing-documents.html,2026-07-30,accessible,200,0,text/html;charset=UTF-8,,,,95195,77c0bfc498692d9b584db726c1be35af4420dbac68bdc39870f86ef2877bcae4,complete received body,initial baseline,not assessed,,true,,
LRS-72C36A83B9EC4D,UL Academic Ethics Commission,https://www.lu.lv/en/about-us/academic-ethics-commission,https://www.lu.lv/en/about-us/academic-ethics-commission,2026-07-30,accessible,200,0,text/html; charset=utf-8,9782,"""92af8134a54588efd8ebd376872077af-gzip""",,61507,342c32d04367d8797fb5fe0d27707afde5223c860b86f5d26c15f6e52edad405,complete received body,initial baseline,not assessed,,true,,
LRS-72EFBBE0716DF3,PAN plenary meeting 15 April 2024,https://pan.pl/posiedzenie-plenarne-komisji-do-spraw-etyki-w-nauce-15-kwietnia-2024-roku,https://pan.pl/posiedzenie-plenarne-komisji-do-spraw-etyki-w-nauce-15-kwietnia-2024-roku/,2026-07-30,redirected-accessible,200,1,text/html; charset=utf-8,19596,,,91992,93358d4bd6ce3c86d53eeac84628abca9770f56e7ab782a21b28d176426089fd,complete received body,initial baseline,human review required,,true,,redirect requires equivalence review
LRS-7301040D78ABEC,NKVIE overview page,https://vaia.gov.sk/sk/rada-vlady-pre-vedu-techniku-a-inovacie/narodna-eticka-komisia,https://vaia.gov.sk/sk/rada-vlady-pre-vedu-techniku-a-inovacie/narodna-eticka-komisia/,2026-07-30,redirected-accessible,200,1,text/html; charset=UTF-8,25429,,,132729,7e19aa5f22da04e30aa361c31398d9d485e318a9a8475dcd879fc24be816ba6b,complete received body,initial baseline,human review required,,true,,redirect requires equivalence review
LRS-73229FF3C68ADA,Research-security risk management at institutional level,https://msmt.gov.cz/uploads/311/METODOLOGICAL_RECOMMENDATION_FOR_RISK_MANAGEMENT_IN_RESEARCH_SECURITY_AT_THE_INSTITUTIONAL_LEVEL.pdf,https://msmt.gov.cz/e404,2026-07-30,http-error,404,1,text/html; charset=UTF-8,42073,,,42073,f08485ea0aa0719b582e0c6bcaf5ed2e629c008dc01504c387b0fedb8dad7f46,complete received body,initial baseline,human review required,,true,,redirect requires equivalence review | HTTP 404
LRS-733235C28FDAD5,Current EOF National Ethics Committee appointment is reflected on the official information page,https://www.eof.gr/en/%CE%B5%CE%B8%CE%BD%CE%B9%CE%BA%CE%AE-%CE%B5%CF%80%CE%B9%CF%84%CF%81%CE%BF%CF%80%CE%AE-%CE%B4%CE%B5%CE%BF%CE%BD%CF%84%CE%BF%CE%BB%CE%BF%CE%B3%CE%AF%CE%B1%CF%82/%CE%B5%CE%B8%CE%BD%CE%B9%CE%BA%CE%AE-%CE%B5%CF%80%CE%B9%CF%84%CF%81%CE%BF%CF%80%CE%AE-%CE%B4%CE%B5%CE%BF%CE%BD%CF%84%CE%BF%CE%BB%CE%BF%CE%B3%CE%AF%CE%B1%CF%82-%CF%80%CE%BB%CE%B7%CF%81%CE%BF%CF%86,https://www.eof.gr/en/%CE%B5%CE%B8%CE%BD%CE%B9%CE%BA%CE%AE-%CE%B5%CF%80%CE%B9%CF%84%CF%81%CE%BF%CF%80%CE%AE-%CE%B4%CE%B5%CE%BF%CE%BD%CF%84%CE%BF%CE%BB%CE%BF%CE%B3%CE%AF%CE%B1%CF%82/%CE%B5%CE%B8%CE%BD%CE%B9%CE%BA%CE%AE-%CE%B5%CF%80%CE%B9%CF%84%CF%81%CE%BF%CF%80%CE%AE-%CE%B4%CE%B5%CE%BF%CE%BD%CF%84%CE%BF%CE%BB%CE%BF%CE%B3%CE%AF%CE%B1%CF%82-%CF%80%CE%BB%CE%B7%CF%81%CE%BF%CF%86/,2026-07-30,redirected-accessible,200,1,text/html; charset=utf-8,40685,,,148281,98de1dc8f0dd3146923bfdbc201d0ab5febf84a6de1dcb23b2c7c0e68f664d01,complete received body,initial baseline,human review required,,true,,redirect requires equivalence review
LRS-7357B07B34ECBB,Act No. 111/1998 Coll.,https://msmt.gov.cz/uploads/Areas_of_work/higher_education/Act_No_111_1998.pdf,https://msmt.gov.cz/uploads/Areas_of_work/higher_education/Act_No_111_1998.pdf,2026-07-30,accessible,200,0,application/pdf,590580,"""3da3b5-902f4-47d21986521c0""","Thu, 14 Jan 2010 15:32:31 GMT",590580,bbb6689d1dfa4c7ce63d3da7500ec44a198420ee48349239e5ace116dddd6759,complete received body,initial baseline,not assessed,,true,,
LRS-737F42212823F5,Ethical Guidelines for the Use of Animals in Research,https://www.forskningsetikk.no/en/about-us/our-committees-and-commission/nent/guidelines-nent/ethical-guidelines-for-the-use-of-animals-in-research,https://www.forskningsetikk.no/en/about-us/our-committees-and-commission/nent/guidelines-nent/ethical-guidelines-for-the-use-of-animals-in-research,2026-07-30,accessible,200,0,text/html; charset=utf-8,,,,31504,e10fa713e52e3e2cd032532de478540b20eecd4fa0745820e794067f97127689,complete received body,initial baseline,not assessed,,true,,
LRS-738622B61B1C34,Representative VAK diploma-refusal order,https://vak.gisnauka.ru/s3-files/01cc80c69fae4988a0246a8f5e2774e7%3Afisgna/public/media/uploaded/news_files/837f47d2-6842-4fcb-945c-e05410f70fe8/aa6644f6-d2f8-4b96-b49e-be374a9432b2.pdf,https://vak.gisnauka.ru/s3-files/01cc80c69fae4988a0246a8f5e2774e7%3Afisgna/public/media/uploaded/news_files/837f47d2-6842-4fcb-945c-e05410f70fe8/aa6644f6-d2f8-4b96-b49e-be374a9432b2.pdf,2026-07-30,network-error,,0,,,,,0,,none,initial unavailable baseline,not assessed,,true,fetch failed,network access failed
LRS-73A32A268E8535,Tartu Ülikooli teaduseetika komitee,https://ut.ee/et/sisu/teaduseetika-komitee,https://ut.ee/et/sisu/teaduseetika-komitee,2026-07-30,http-error,403,0,text/html; charset=UTF-8,,,,5837,41691b6342d36d6f8f4d82ebca8a370a1bec9b8920befc1e325e5601d95c77b9,complete received body,initial baseline,not assessed,,true,,HTTP 403
LRS-73B809B7CBA52E,Historical decisions archive (2012-2015),https://cnecsdti.research.gov.ro/hotarari/hotarari-in-perioada-2012-2015,https://cnecsdti.research.gov.ro/hotarari/hotarari-in-perioada-2012-2015,2026-07-30,network-error,,0,,,,,0,,none,initial unavailable baseline,not assessed,,true,fetch failed,network access failed
LRS-73D9A01B223605,University of Iceland,https://english.hi.is/about-ui/policies/policies-ui/code-ethics,https://english.hi.is/about-ui/policies/policies-ui/code-ethics,2026-07-30,accessible,200,0,text/html; charset=UTF-8,39688,"""1785438393-br""","Thu, 30 Jul 2026 19:06:33 GMT",358570,62f15cfe8bdd9895bc84d87ba0effe44f445bf2a34a4d7483b82cea512f85172,complete received body,initial baseline,not assessed,,true,,
LRS-73EE10FDA9ACF3,Activity Report 2025,https://etikostarnyba.lt/wp-content/uploads/2026/03/ACTIVITY-REPORT-FOR-2025.pdf,https://etikostarnyba.lt/wp-content/uploads/2026/03/ACTIVITY-REPORT-FOR-2025.pdf,2026-07-30,accessible,200,0,application/pdf,10515171,,"Fri, 13 Mar 2026 13:17:23 GMT",1000000,8dc18b73c0cc2ed86d77b11507a10f2aabe09f221d36d4a7a1632cb842b2b3c1,first 1000000 bytes,initial baseline,not assessed,,true,,
LRS-74113D3C04975B,Research ethics page,https://unibuc.ro/cercetare/etica-in-cercetare,https://unibuc.ro/cercetare/etica-in-cercetare/,2026-07-30,redirected-accessible,200,1,text/html; charset=UTF-8,61053,,,357044,3591c4ed451fb77bda1cd8c41ac5f0faf8deb8bb264a2225ffe108f4ae456cbc,complete received body,initial baseline,human review required,,true,,redirect requires equivalence review
LRS-74357746F2F8D2,Austrian Patent Office about page,https://www.patentamt.at/en/about-us,https://www.patentamt.at/en/about-us/who-we-are,2026-07-30,redirected-accessible,200,1,text/html; charset=utf-8,22347,,,111557,5a706a289aad063afa5e47a311fb240ee4d1637b87ae85bed9cf1a13a9dbceee,complete received body,initial baseline,human review required,,true,,redirect requires equivalence review
LRS-7448D05D09080E,ANACEC Ethics Commission regulation,https://anacec.md/files/regulament-comisie-etica.pdf,https://anacec.md/files/regulament-comisie-etica.pdf,2026-07-30,accessible,200,0,application/pdf,179863,"""2be97-5b8c7e3c69bc0""","Wed, 13 Jan 2021 13:12:23 GMT",179863,8e545bdada75c51ec295beeb5c7cb9106057c14b9fd49488694211b2c4983e99,complete received body,initial baseline,not assessed,,true,,
LRS-74496445926712,UCPH Practice Committee,https://praksisudvalget.ku.dk/english,https://praksisudvalget.ku.dk/english,2026-07-30,accessible,200,0,text/html; charset=utf-8,7583,,,33156,8c89b2fc73e77d1bac501a09c32a58fae653518aeb66d3229945462d1132cf82,complete received body,initial baseline,not assessed,,true,,
LRS-7454471F95D9ED,Higher Education Act,https://www.gesetze.li/konso/pdf/2005002000?version=1,https://www.gesetze.li/konso/pdf/2005002000?version=1,2026-07-30,accessible,200,0,application/pdf;charset=UTF-8,76234,,,76234,966e55ea1ff92be7e3300154b3c5ab7b4338cdec09604be041f873c9857631b1,complete received body,initial baseline,not assessed,,true,,
LRS-747F51AB4F1D2C,Azerbaijan Science Foundation current grant competitions,https://aef.gov.az/en/grant,https://aef.gov.az/en/grant,2026-07-30,network-error,,0,,,,,0,,none,initial unavailable baseline,not assessed,,true,fetch failed,network access failed
LRS-74A20ED16E75ED,First Concordat to Support Research Integrity,https://ukcori.org/research-integrity-concordat,https://ukcori.org/research-integrity-concordat/,2026-07-30,redirected-accessible,200,1,text/html; charset=UTF-8,12900,,,59655,a58daffde578688dfbbf6a27116f9b79f2fbbee09f1aabd5ccf247495b2765dd,complete received body,initial baseline,human review required,,true,,redirect requires equivalence review
LRS-74D69933ED0C65,DGAV requests and forms,https://www.dgav.pt/animais/conteudo/animais-para-fins-cientificos/requerimentos-e-formularios,https://www.dgav.pt/animais/conteudo/animais-para-fins-cientificos/requerimentos-e-formularios,2026-07-30,http-error,404,0,text/html; charset=UTF-8,,,,87676,c6526871b0eec5f5e92dfc1a5c8c24ea760e7346b56efc5ce37febdbafd39030,complete received body,initial baseline,not assessed,,true,,HTTP 404
LRS-7511B21D696492,National Committee for the Protection of Animals used for Scientific Purposes,https://en.natud.dk/,https://en.natud.dk/,2026-07-30,accessible,200,0,text/html; charset=utf-8,16125,,,16125,536e170b943d6d764da37572d6845394d691d03646774cd60af482192824c517,complete received body,initial baseline,not assessed,,true,,
LRS-7520D8BCD7C507,Crue-I+D+i,https://www.crue.org/comision-sectorial/idi,https://www.crue.org/comision-sectorial/idi/,2026-07-30,redirected-accessible,200,1,text/html; charset=UTF-8,,,,134204,6e4f3ddd38844d9d517145b61152b69a549f7277501e0607f999cf1904ea993e,complete received body,initial baseline,human review required,,true,,redirect requires equivalence review
LRS-75222011FB40AA,Bifrost Code of Ethics,https://www.bifrost.is/english/about-bifrost/policies-and-regulations/code-of-ethics,https://www.bifrost.is/english/about-bifrost/policies-and-regulations/code-of-ethics,2026-07-30,accessible,200,0,text/html; charset=UTF-8,10569,,,36074,bf4f056574c38e670f81cd27bc3831f786773377b0ab6747335660a89b75c0bc,complete received body,initial baseline,not assessed,,true,,
LRS-752E2902A4FA79,Law on Medicinal Products,https://cinmed.me/wp-content/uploads/2026/03/Law-on-medicinal-products_-2026-final.pdf,https://cinmed.me/wp-content/uploads/2026/03/Law-on-medicinal-products_-2026-final.pdf,2026-07-30,accessible,200,0,application/pdf,1531775,"""175f7f-64c0878d1931e""","Mon, 02 Mar 2026 10:58:50 GMT",1000000,55a4facb6d407047e21647767fffae9fe0d2765ce1408ab367cdb0675d4ea4c8,first 1000000 bytes,initial baseline,not assessed,,true,,
LRS-7559AECCAC01D9,Information and Data Protection Commissioner,https://justice.gov.mt/public-bodies/idpc,https://justice.gov.mt/public-bodies/idpc,2026-07-30,http-error,403,0,text/html; charset=UTF-8,,,,5715,c128d6127080aac17e88382a0e99798c99f4464554db1e87825dbe3e25ccf548,complete received body,initial baseline,not assessed,,true,,HTTP 403
LRS-755B5827C8FB6C,Lund guidelines for suspected deviation from good research practice,https://www.staff.lu.se/sites/staff.lu.se/files/2026-05/guidelines-for-the-processing-of-matters-relating-to-suspected-deviation-from-good-research-practice.pdf,https://www.staff.lu.se/sites/staff.lu.se/files/2026-05/guidelines-for-the-processing-of-matters-relating-to-suspected-deviation-from-good-research-practice.pdf,2026-07-30,accessible,200,0,application/pdf,293142,,"Mon, 04 May 2026 10:13:46 GMT",293142,914c90d4bef35ae0a911f2f3e6c322e8f1870f6a71cd73e24a16afc3c72bedd8,complete received body,initial baseline,not assessed,,true,,
LRS-758D06665FE563,Academy of Sciences of Moldova about,https://asm.md/en/about,https://asm.md/en/about,2026-07-30,accessible,200,0,text/html; charset=UTF-8,,,,35862,4341b3b63e24a65640a659e6908e720bae1a1bfdb8b8d2a9440774c0897a5254,complete received body,initial baseline,not assessed,,true,,
LRS-75A2B3F6794E42,Animals in Science Regulation Unit annual report 2024,https://www.gov.uk/government/publications/animals-in-science-regulation-unit-annual-report-2024/animals-in-science-regulation-unit-annual-report-2024-accessible,https://www.gov.uk/government/publications/animals-in-science-regulation-unit-annual-report-2024/animals-in-science-regulation-unit-annual-report-2024-accessible,2026-07-30,accessible,200,0,text/html; charset=utf-8,41709,"W/""3f483d345d6f1bc455a1b1c50afc2cad""",,330912,3f483d345d6f1bc455a1b1c50afc2cad4acb2227bd035b7c89bc284070488068,complete received body,initial baseline,not assessed,,true,,
LRS-75A2BE9F63FDBE,UCL Research Integrity Annual Statement 2024-2025,https://www.ucl.ac.uk/research-innovation-services/sites/research_innovation_services/files/ucl_annual_statement_on_research_integrity_2024-25.docx,https://www.ucl.ac.uk/research-innovation-services/sites/research_innovation_services/files/ucl_annual_statement_on_research_integrity_2024-25.docx,2026-07-30,accessible,200,0,application/vnd.openxmlformats-officedocument.wordprocessingml.document,64851,"""69efab0e-fd53""","Mon, 27 Apr 2026 18:29:34 GMT",64851,85a857ef904901cb1bddc406617a638e891c6aca97e951cd89c117e1b4ec69d5,complete received body,initial baseline,not assessed,,true,,
LRS-76048AE6CA28DF,Law 199/2023,https://legislatie.just.ro/public/DetaliiDocument/271898,https://legislatie.just.ro/public/DetaliiDocument/271898,2026-07-30,network-error,,0,,,,,0,,none,initial unavailable baseline,not assessed,,true,fetch failed,network access failed
LRS-762C1CA1FF7461,Data Protection Inspectorate research personal-data page,https://www.aki.ee/isikuandmed/andmetootlejale/isikuandmed-uuringutes,https://www.aki.ee/isikuandmed/andmetootlejale/isikuandmed-uuringutes,2026-07-30,http-error,403,0,text/html; charset=UTF-8,,,,5837,3c6bf96745286d149d8121d8489abbe07d3d36945cba85e5f207f72e32b3c5c4,complete received body,initial baseline,not assessed,,true,,HTTP 403
LRS-763265DA56F65D,T.C. Boğaziçi Üniversitesi,https://bogazici.edu.tr/tr/pages/sosyal-ve-beseri-bilimler-insan-arastirmalari/192,https://bogazici.edu.tr/tr/pages/sosyal-ve-beseri-bilimler-insan-arastirmalari/192,2026-07-30,accessible,200,0,text/html; charset=UTF-8,40718,,,242652,6105bc9edda9b273414078e2d647fa3371379d9221a92de79a71087986182f45,complete received body,initial baseline,not assessed,,true,,
LRS-76587C71DEDCF5,Teagasc Food Programme peer review report and action plan 2024,https://teagasc.ie/wp-content/uploads/uploads/media/website/about/our-organisation/Teagasc-Food-Programme-Peer-Review-Report-Action-Plan-2024.pdf,https://teagasc.ie/wp-content/uploads/uploads/media/website/about/our-organisation/Teagasc-Food-Programme-Peer-Review-Report-Action-Plan-2024.pdf,2026-07-30,accessible,200,0,application/pdf,883106,"""68ee1a48-d79a2""","Tue, 14 Oct 2025 09:39:20 GMT",883106,96c9c7ae68fa5ce3765398bab758049ab21672203ee550ac1faa1bd1454c48e4,complete received body,initial baseline,not assessed,,true,,
LRS-7662D23221AAB8,ReZrIS30 implementation report 2022-2023,https://www.gov.si/assets/ministrstva/MVZI/Znanost/Strategije-predpisi-in-drugi-dokumenti/ReZrIS30_-_porocilo_22_23_051124_Final_v1_1_podpisan.pdf,https://www.gov.si/assets/ministrstva/MVZI/Znanost/Strategije-predpisi-in-drugi-dokumenti/ReZrIS30_-_porocilo_22_23_051124_Final_v1_1_podpisan.pdf,2026-07-30,accessible,200,0,application/pdf,669851,"""a389b-626b2cfbc69f3""","Tue, 12 Nov 2024 08:14:51 GMT",669851,adca479bed695580d7e83f15bc4e2f5edd964cad6a26959c536d64246837800c,complete received body,initial baseline,not assessed,,true,,
LRS-769BA7E1D5A0B0,Presidential Decree No. 560 on the Higher Attestation Commission,https://pravo.by/document?guid=3871&p0=P31300560,https://pravo.by/document/?guid=3871&p0=P31300560,2026-07-30,redirected-accessible,200,1,text/html; charset=UTF-8,,,,80950,40e428fe34238b50896ed17e8a917c35a48a99ed9e2823cf52499139f0a48615,complete received body,initial baseline,human review required,,true,,redirect requires equivalence review
LRS-76C1001B5E992C,FCT approves its Code of Ethics and Conduct,https://former.fct.pt/esp_inteligente/docs/Modelo%20de%20Governa%C3%A7%C3%A3o/5.%20Programa%20de%20Cumprimento%20Normativo/C%C3%B3digo%20de%20%C3%89tica%20e%20Conduta.pdf,https://former.fct.pt/esp_inteligente/docs/Modelo%20de%20Governa%C3%A7%C3%A3o/5.%20Programa%20de%20Cumprimento%20Normativo/C%C3%B3digo%20de%20%C3%89tica%20e%20Conduta.pdf,2026-07-30,accessible,200,0,text/html; charset=utf-8,7634,,,7634,690bbea2b59ccafafe1afa4c191f2729daae6ae25d2c316761721c92f025e188,complete received body,initial baseline,not assessed,,true,,
LRS-76C3240820A7F8,ANR 2023 policy strengthening interview,https://anr.fr/en/latest-news/read/news/lanr-renforce-sa-politique-en-matiere-dethique-dintegrite-scientifique-et-de-deontologie,https://anr.fr/en/latest-news/read/news/lanr-renforce-sa-politique-en-matiere-dethique-dintegrite-scientifique-et-de-deontologie/,2026-07-30,redirected-accessible,200,1,text/html; charset=utf-8,19313,,,233160,67ded3cb6832ce6a36262fb0a9dcbd9d72fb92a9d953ae596587ba564b194782,complete received body,initial baseline,human review required,,true,,redirect requires equivalence review
LRS-76C3E235408058,KTU Research Ethics,https://en.ktu.edu/research/research-ethics,https://en.ktu.edu/research/research-ethics/,2026-07-30,redirected-accessible,200,1,text/html; charset=UTF-8,,,,68722,6c6a8a389220f2ec7fc996852ba2ef906d302cfc862527d68633b80840618a78,complete received body,initial baseline,human review required,,true,,redirect requires equivalence review
LRS-76C3F0FB0A6F36,How can we help foreign persons and authorities,https://www.aki.ee/en/guidelines-legislation/how-can-we-help-foreign-persons-and-authorities,https://www.aki.ee/en/guidelines-legislation/how-can-we-help-foreign-persons-and-authorities,2026-07-30,http-error,403,0,text/html; charset=UTF-8,,,,5837,197a69c41e3e7731231a1434f0f1d68afc7f8cefaa542a08c94be6e0f54e1d6f,complete received body,initial baseline,not assessed,,true,,HTTP 403
LRS-76CD1097EEB9EC,BNSF legislation and rules,https://bnsf.bg/wps/portal/fond-izsledvaniq/fund/legislation,https://bnsf.bg/wps/portal/fond-izsledvaniq/fund/legislation,2026-07-30,accessible,200,0,text/html; charset=UTF-8,,,,129901,483328e2e9c4cc4c711108748234f5a05a0f59b1c7a256b2dcdcbc8dfaaedfe5,complete received body,initial baseline,not assessed,,true,,
LRS-76D25FCFEEB187,HPRA National Committee,https://www.hpra.ie/regulation/scientific-animal-protection/national-committee,https://www.hpra.ie/regulation/scientific-animal-protection/national-committee,2026-07-30,accessible,200,0,text/html; charset=utf-8,27633,,,113845,b79c685edb514a4cd58ac536ba5c3813a4f7fb73cb0ccbe4172ff34755eb8fe5,complete received body,initial baseline,not assessed,,true,,
LRS-76E118E2C09BAC,Fond za nauku,https://fondzanauku.gov.rs/wp-content/uploads/2021/09/STATUTE-OF-THE-SCIENCE-FUND-OF-THE-REPUBLIC-OF-SERBIA.pdf,https://fondzanauku.gov.rs/wp-content/uploads/2021/09/STATUTE-OF-THE-SCIENCE-FUND-OF-THE-REPUBLIC-OF-SERBIA.pdf,2026-07-30,accessible,200,0,application/pdf,196501,,"Wed, 23 Aug 2023 12:18:29 GMT",196501,24c4e5d79bdc8aca6ed11ef866f86e550dea6c8c8eec406ba4b75d401692c1d1,complete received body,initial baseline,not assessed,,true,,
LRS-76F5BDDDF1FE7E,Parma Ethics Committee APIDULCIS study page,https://www.ao.pr.it/comitatoetico/studio/studio-apidulcis,https://www.ao.pr.it/comitatoetico/studio/studio-apidulcis/,2026-07-30,redirected-accessible,200,1,text/html; charset=UTF-8,6314,,,16474,7d6781f90768cb667b41ab45cf792dad7306478c57baeb9ee191fa39e278a579,complete received body,initial baseline,human review required,,true,,redirect requires equivalence review
LRS-77063B922FE9AB,Bioethics.gov.cy,https://www.bioethics.gov.cy/moh/cnbc/cnbc.nsf/dmlrec_en/dmlrec_en?OpenDocument=,https://www.gov.cy/bioethics/,2026-07-30,http-error,403,1,text/html,,,,7917,8a690a0d60dfeba0af818bd8b6070ef667a5d023ebaed47552edf4fe6118b371,complete received body,initial baseline,human review required,,true,,redirect requires equivalence review | HTTP 403
LRS-77079F880AB140,Animal Welfare Law,https://www.gov.me/en/article/90334--160022,https://www.gov.me/en/article/90334--160022,2026-07-30,accessible,200,0,text/html; charset=utf-8,687209,"W/""a7c69-9LEOXXbJOoVI+LfUs7gL849f9N8""",,687209,d9934239a8bf739affdf1741c7c32c045dcca37ba2e8b5d819bf48b1b1f68e03,complete received body,initial baseline,not assessed,,true,,
LRS-775C7C3D6AC7ED,Office for Personal Data Protection contact,https://uoou.gov.cz/en/consultation/contact,https://uoou.gov.cz/en/consultation/contact,2026-07-30,accessible,200,0,text/html; charset=UTF-8,5726,,,23061,10eb66f07d5da085bb32b816d6b401c336628ea4865dae16f4537fe66bfde1f0,complete received body,initial baseline,not assessed,,true,,
LRS-77839F83A182EA,EBIN ministry page,https://www.sm.ee/eesti-bioeetika-ja-inimuuringute-noukogu,https://www.sm.ee/eesti-bioeetika-ja-inimuuringute-noukogu,2026-07-30,http-error,403,0,text/html; charset=UTF-8,,,,5837,6dce0a900bdc25de6b3459af891d4e4ca1684fffc845fbba426df040c1276359,complete received body,initial baseline,not assessed,,true,,HTTP 403
LRS-778E4AC09EE057,Ethics Committee members document,https://www.gov.me/dokumenta/4a8dd476-eac6-4949-8ea7-2489e2d54f3c,https://www.gov.me/dokumenta/4a8dd476-eac6-4949-8ea7-2489e2d54f3c,2026-07-30,accessible,200,0,text/html; charset=utf-8,488579,"W/""77483-vEnFBucA9o5sT/v13+y5MrJDV+Y""",,488579,e0e9c6f0939d72820514e12fab9ef017781f1e0c94ff7c049a6bd66e76ac2473,complete received body,initial baseline,not assessed,,true,,
LRS-77B1AD33684DD9,National Center for Personal Data Protection,https://datepersonale.md/en,https://datepersonale.md/en/,2026-07-30,redirected-accessible,200,1,text/html; charset=UTF-8,,,,82400,540bc93231d569fcfee39e64064e0bb3397fefe3a2375353bc0c1a02502c3d44,complete received body,initial baseline,human review required,,true,,redirect requires equivalence review
LRS-77DA09142CF689,Research Ireland Grant General Terms and Conditions,https://media.researchireland.ie/wp-content/uploads/2026/01/Grant-Terms-and-Conditions.pdf,https://media.researchireland.ie/wp-content/uploads/2026/01/Grant-Terms-and-Conditions.pdf,2026-07-30,accessible,200,0,application/pdf,,"W/""641026faa15f493b86ea4a36bb2948c8""","Thu, 12 Feb 2026 22:21:18 GMT",435747,7de7827e07cd26d629d67e5516697d54aafca53fb8ea986d3cd6c9a278e6c696,complete received body,initial baseline,not assessed,,true,,
LRS-780E0AD4CF7D39,CNBC annual reports,https://www.bioethics.gov.cy/moh/cnbc/cnbc.nsf/DMLannualreports_gr/DMLannualreports_gr?OpenDocument=&print=,https://www.gov.cy/bioethics/,2026-07-30,http-error,403,1,text/html,,,,7943,fe4b669ab1f56d74e45973c14ed94cb3da38c1761682bbc1c4761611921e7d65,complete received body,initial baseline,human review required,,true,,redirect requires equivalence review | HTTP 403
LRS-7818B4CE19A1AA,Queen's annual statements,https://www.qub.ac.uk/Research/Governance-ethics-and-integrity/Research-integrity/AnnualStatements,https://www.qub.ac.uk/Research/Governance-ethics-and-integrity/Research-integrity/AnnualStatements,2026-07-30,http-error,403,0,text/html,919,,,919,7f8a7e07f22e20e8d494166621ff82772bc589e5626c4496478ac8bb2d1ae923,complete received body,initial baseline,not assessed,,true,,HTTP 403
LRS-781D70D6D23765,UP documents hub,https://uni-pr.edu/page.aspx?id=2%2C76,https://uni-pr.edu/page.aspx?id=2%2C76,2026-07-30,accessible,200,0,text/html; charset=utf-8,,,,75762,978834f6afb4f95cd4d57fce11ed6f4c51f3aa68f4db4aa27acb4dd08d63f5ea,complete received body,initial baseline,not assessed,,true,,
LRS-782382B589E88E,University of Macedonia EHDE approves a triennial activity report,https://www.uom.gr/11825-epitroph-hthikhs-kai-deontologias-ths-ereynas-apologismos-trietias-2019-2022,https://www.uom.gr/11825-epitroph-hthikhs-kai-deontologias-ths-ereynas-apologismos-trietias-2019-2022,2026-07-30,accessible,200,0,text/html; charset=UTF-8,,,,41862,541c55aaa1ef545857bb01dea1f1438ed3d4a5a83e5fb6ee0ebf9c4d86f693b2,complete received body,initial baseline,not assessed,,true,,
LRS-78766FEC456D32,South-West University academic-ethics rules,https://www.swu.bg/images/documents/regulations/%D0%9F%D1%80%D0%B0%D0%B2%D0%B8%D0%BB%D0%BD%D0%B8%D0%BA%20%D0%BD%D0%B0%20%D0%A3%D0%9A%D0%90%D0%95.pdf,https://www.swu.bg/images/documents/regulations/%D0%9F%D1%80%D0%B0%D0%B2%D0%B8%D0%BB%D0%BD%D0%B8%D0%BA%20%D0%BD%D0%B0%20%D0%A3%D0%9A%D0%90%D0%95.pdf,2026-07-30,accessible,200,0,application/pdf,227375,"""3782f-61bb68ae195ef""","Tue, 25 Jun 2024 13:04:48 GMT",227375,1b2aadc110d573c64d7a573c8b2d2705ea99a95aa2d1084f9e0238fde2444fca,complete received body,initial baseline,not assessed,,true,,
LRS-78768BA11E0FBA,RD 53/2023 approves the CEEI regulation,https://www.boe.es/diario_boe/txt.php?id=BOE-A-2023-2632,https://www.boe.es/diario_boe/txt.php?id=BOE-A-2023-2632,2026-07-30,accessible,200,0,text/html; charset=UTF-8,,,,72025,682e21a15bed82e8cdbe0d69d7c98b7e5186b9a44f16ddf3fca6155a7a5cd6cb,complete received body,initial baseline,not assessed,,true,,
LRS-78911A6197C809,HRCDC decisions page,https://hrcdc.ie/decisions,https://hrcdc.ie/decisions/,2026-07-30,redirected-accessible,200,1,text/html; charset=UTF-8,,,"Thu, 30 Jul 2026 19:06:43 GMT",90522,9b0b31c2a8bc36b67a1c5e5b251c9d368d0d8398cf7fa52af1328aae03cb42ed,complete received body,initial baseline,human review required,,true,,redirect requires equivalence review
LRS-78C420306ABFD0,Hellenic Mediterranean University EHDE competences page,https://ehde.hmu.gr/armodiotites,https://ehde.hmu.gr/armodiotites/,2026-07-30,redirected-accessible,200,1,text/html; charset=UTF-8,16090,,,63926,71d5b98603687393c001284f93cd4d21ad1cd0de406032c53119659c64e500a9,complete received body,initial baseline,human review required,,true,,redirect requires equivalence review
LRS-790742FC37F8DB,Latvian Open Science Strategy,https://www.izm.gov.lv/en/article/latvian-open-science-strategy-2021-2027-now-english,https://www.izm.gov.lv/en/article/latvian-open-science-strategy-2021-2027-now-english,2026-07-30,accessible,200,0,text/html; charset=UTF-8,,"W/""1785438403""","Thu, 30 Jul 2026 19:06:43 GMT",85548,32b5ae48d1859ff130e48c49b7e88cb1a67afdabe20648640ba5eac503474b52,complete received body,initial baseline,not assessed,,true,,
LRS-79176FB730F4FA,VAK 90th anniversary page,https://www.minobrnauki.gov.ru/press-center/news/novosti-ministerstva/74155,https://www.minobrnauki.gov.ru/press-center/news/novosti-ministerstva/74155,2026-07-30,network-error,,0,,,,,0,,none,initial unavailable baseline,not assessed,,true,fetch failed,network access failed
LRS-796FB1EA5EA75E,Ethics and integrity at ZRC SAZU,https://www.zrc-sazu.si/podpora_raziskovanju/en/strani/ethics-and-integrity,https://www.zrc-sazu.si/podpora_raziskovanju/en/strani/ethics-and-integrity,2026-07-30,accessible,200,0,text/html; charset=UTF-8,104704,"""1785438403""","Thu, 30 Jul 2026 19:06:43 GMT",104704,183febb1030f9af5cfcc2afd702060224bfb0ecd9197d88caa0a09e94e1fc89f,complete received body,initial baseline,not assessed,,true,,
LRS-7971E7232D1041,Animal health and animal welfare page,https://portal.nebih.gov.hu/allat-egeszsegugy-es-allatvedelem,https://portal.nebih.gov.hu/allat-egeszsegugy-es-allatvedelem,2026-07-30,accessible,200,0,text/html;charset=UTF-8,,,,108595,771fbaee61807220635e44eed1a57d3eaa43cc87c562e6882e3d519b8c57de00,complete received body,initial baseline,not assessed,,true,,
LRS-799877E8F294DD,AIFA clinical trials open data,https://www.aifa.gov.it/sperimentazioni-cliniche,https://www.aifa.gov.it/sperimentazioni-cliniche,2026-07-30,network-error,,0,,,,,0,,none,initial unavailable baseline,not assessed,,true,fetch failed,network access failed
LRS-79CE765284B8BF,Akvo,https://www.akvo.mk/images/DOCS-E/Prilog_1_Obrazec_za_Izveshtaj_od_samoevaluacija_angliski_jazik.pdf,https://www.akvo.mk/images/DOCS-E/Prilog_1_Obrazec_za_Izveshtaj_od_samoevaluacija_angliski_jazik.pdf,2026-07-30,accessible,200,0,application/pdf,469351,,"Thu, 25 Dec 2025 10:37:03 GMT",469351,be6b26306a1bab0952de32d3f6968241ac5ea6141e5f0a484b72654d8c99866d,complete received body,initial baseline,not assessed,,true,,
LRS-79DC644FE1F0E6,National Institute of Health Ethics Committee,https://new.nih.am/subdivisions/ethics_committee,https://new.nih.am/subdivisions/ethics_committee,2026-07-30,network-error,,0,,,,,0,,none,initial unavailable baseline,not assessed,,true,fetch failed,network access failed
LRS-79E2D6C9DFAC22,UKRIO about us,https://ukrio.org/about-ukrio,https://ukrio.org/about-ukrio,2026-07-30,accessible,200,0,text/html; charset=UTF-8,,"""073d57dacad54884bd6b61ed6cb9e891""","Thu, 30 Jul 2026 19:06:44 GMT",56909,7348418a65110af01e33880c7f4db1a45429d0af09c1cb5e087fe2fd5502fd16,complete received body,initial baseline,not assessed,,true,,
LRS-7A05B3E09469A1,OeAWI investigation page,https://oeawi.at/untersuchung,https://oeawi.at/untersuchung/,2026-07-30,redirected-accessible,200,1,text/html; charset=UTF-8,,,,219253,89f84640cd0d2afe62a9a8b6370641878458f7f7ffc68130257e93c6d7182da1,complete received body,initial baseline,human review required,,true,,redirect requires equivalence review
LRS-7A2538BB8F08C1,University of Tirana approves current Ethics Council regulation,https://unitir.edu.al/rregullore-per-organizimin-dhe-funksionimin-e-keshillit-te-etikes-ne-universitetin-e-tiranes,https://unitir.edu.al/rregullore-per-organizimin-dhe-funksionimin-e-keshillit-te-etikes-ne-universitetin-e-tiranes/,2026-07-30,redirected-accessible,200,1,text/html; charset=UTF-8,,,"Fri, 24 Jul 2026 21:05:41 GMT",336630,c0060c3ce61d9f49c4a8b99ef34e160d409ac67bcf979fc3f95b4f6276033f58,complete received body,initial baseline,human review required,,true,,redirect requires equivalence review
LRS-7A27E76BEE8269,Approved HADYEK list PDF,https://cdniys.tarimorman.gov.tr/api/File/GetFile/423/Sayfa/645/938/DosyaGaleri/yonergesi_onaylanan_hadyekler_ocak_2026.pdf,https://cdniys.tarimorman.gov.tr/api/File/GetFile/423/Sayfa/645/938/DosyaGaleri/yonergesi_onaylanan_hadyekler_ocak_2026.pdf,2026-07-30,accessible,200,0,application/pdf,339619,,,339619,36aa08d2edd49f09058605ef01201ade1fec9d1da388e31d0510a8b8e23bee28,complete received body,initial baseline,not assessed,,true,,
LRS-7A3C24B969690D,IRC PI terms,https://research.ie/assets/uploads/2024/09/IRC-PI-TCs-September-2024.pdf,https://research.ie/assets/uploads/2024/09/IRC-PI-TCs-September-2024.pdf,2026-07-30,accessible,200,0,application/pdf,1020270,,"Thu, 26 Sep 2024 13:05:44 GMT",1000000,dc4e903d4de715b2edebc88936622e286f214f27ebee9b56770c922a9ff65566,first 1000000 bytes,initial baseline,not assessed,,true,,
LRS-7A3ED578FBBCAF,HEA BiH,https://www.hea.gov.ba/Content/Read/organizaciona-struktura,https://www.hea.gov.ba/Content/Read/organizaciona-struktura,2026-07-30,accessible,200,0,text/html; charset=utf-8,,,,50574,0b9eb3cf55f99a71c15bc0dafef2e7a0ab04d30edd73c5425b98439c1ae065f6,complete received body,initial baseline,not assessed,,true,,
LRS-7A495A03235E98,Genome research opinions routed through Genome Research Council,https://www.rsu.lv/en/research-ethics-committee,https://www.rsu.lv/en/research-ethics-committee,2026-07-30,accessible,200,0,text/html; charset=UTF-8,25007,"W/""1785429973""","Thu, 30 Jul 2026 16:46:13 GMT",84782,2ec5e11b79f9cd18562134cf5a96d48dec060e6abfdfaaa51fbe40385307efbf,complete received body,initial baseline,not assessed,,true,,
LRS-7A4C99588E7191,TÜBİTAK,https://tubitak.gov.tr/tr/taxonomy/term/163,https://tubitak.gov.tr/tr/taxonomy/term/163,2026-07-30,accessible,200,0,text/html; charset=UTF-8,12660,"W/""1785424694""","Thu, 30 Jul 2026 15:18:14 GMT",66108,ce809f10420f52fb2d0a682babf77d3d3ca2388bf44bdc7dce86d52618cecf5c,complete received body,initial baseline,not assessed,,true,,
LRS-7A4FDE51342D1B,Agjencia e Kosovës për Akreditim,https://akreditimi.rks-gov.net/wp-content/uploads/Plani-i-Integritetit-AKA-en_v2.pdf,https://akreditimi.rks-gov.net/wp-content/uploads/Plani-i-Integritetit-AKA-en_v2.pdf,2026-07-30,accessible,200,0,application/pdf,557866,"""8832a-63770cd825700""","Fri, 13 Jun 2025 09:38:04 GMT",557866,5a21d8a6279c811830554ae351fd1a56fe6226fd7cb02a74330b1ad54c8c8dea,complete received body,initial baseline,not assessed,,true,,
LRS-7A717760974D26,Ministry of Education and Science,https://mon.gov.mk/en-GB/odnosi-so-javnost/soopstenija/povik-za-finansiranje-proekti-preku-horizont,https://mon.gov.mk/en-GB/odnosi-so-javnost/soopstenija/povik-za-finansiranje-proekti-preku-horizont,2026-07-30,accessible,200,0,text/html; charset=utf-8,,,,161606,97e8c4c505cc0fe7465b4bc252f463dd28937880ca77d8db06554afff56ed686,complete received body,initial baseline,not assessed,,true,,
LRS-7A7D0511ACBA7C,Article L.114-3-1,https://www.legifrance.gouv.fr/codes/article_lc/LEGIARTI000049572312,https://www.legifrance.gouv.fr/codes/article_lc/LEGIARTI000049572312,2026-07-30,http-error,403,0,text/html; charset=UTF-8,,,,5844,3e52fbc8c5b91b768e3433917895cb7392582b7538ed926a97096815823d2f7e,complete received body,initial baseline,not assessed,,true,,HTTP 403
LRS-7AAF2D759BEC37,University of Freiburg sports medicine and misconduct public page,https://uni-freiburg.de/themen-im-fokus/aufklaerungsarbeit-zu-doping-sportmedizin-und-wissenschaftlichem-fehlverhalten,https://uni-freiburg.de/themen-im-fokus/aufklaerungsarbeit-zu-doping-sportmedizin-und-wissenschaftlichem-fehlverhalten/,2026-07-30,redirected-accessible,200,1,text/html; charset=UTF-8,,,,969920,8c2813047fd60abafd7afa885a1b872956c67d6e1312693b59fbdcebe272869e,complete received body,initial baseline,human review required,,true,,redirect requires equivalence review
LRS-7AB6BC423089CB,GRLS clinical-trial permissions register,https://grls.rosminzdrav.ru/CIPermitionReg.aspx,https://grls.rosminzdrav.ru/CIPermitionReg.aspx,2026-07-30,network-error,,0,,,,,0,,none,initial unavailable baseline,not assessed,,true,fetch failed,network access failed
LRS-7ABEAF201CB131,CAS Open Science Principles,https://www.avcr.cz/en/about-us/legal-regulations/open-science-principles-of-the-czech-academy-of-sciences,https://www.avcr.cz/en/about-us/legal-regulations/open-science-principles-of-the-czech-academy-of-sciences,2026-07-30,accessible,200,0,text/html;charset=UTF-8,54077,,"Thu, 30 Jul 2026 19:06:46 GMT",54077,ec45fda664d70242cbd69780b2b19778b56f8abe51839635414e910b3b79f083,complete received body,initial baseline,not assessed,,true,,
LRS-7AC6DA683AEABA,Ofis: French national charter for research integrity,https://www.ofis-france.fr/la-charte-francaise-de-deontologie-des-metiers-de-la-recherche,https://www.ofis-france.fr/la-charte-francaise-de-deontologie-des-metiers-de-la-recherche/,2026-07-30,redirected-accessible,200,1,text/html; charset=UTF-8,,,,324962,79c86b49af9a2d5d7d44cdcbae7e6b95f4f018f28f08a61ba0ac81d7e763c67f,complete received body,initial baseline,human review required,,true,,redirect requires equivalence review
LRS-7ADBB7D457AF20,NCEQE HEI register,https://reestri.eqe.ge/en/search,https://reestri.eqe.ge/en/search,2026-07-30,accessible,200,0,text/html; charset=UTF-8,,,,63311,6a68b71288d09b52411f3f772adfa271ca33c29297713db307429a93ea326d44,complete received body,initial baseline,not assessed,,true,,
LRS-7AE1EC37307189,Charles University English Ethics Commission page,https://cuni.cz/UKEN-1253.html,https://cuni.cz/UKEN-1253.html,2026-07-30,accessible,200,0,text/html; charset=UTF-8,,,,44698,008a8808a06c03e3bc7f75c2d5e1c992710eb6a9fb572f719b8143ba630ecab7,complete received body,initial baseline,not assessed,,true,,
LRS-7B0396573444EA,Universite Paris Cite EDIS,https://u-paris.fr/ethique-deontologie-et-integrite-scientifique,https://u-paris.fr/ethique-deontologie-et-integrite-scientifique/,2026-07-30,redirected-accessible,200,1,text/html; charset=UTF-8,,,,399526,c25a7fd82bb416f36d92ab5d01ed0c9ee90356136d5c020dc5cd23ee401d7e03,complete received body,initial baseline,human review required,,true,,redirect requires equivalence review
LRS-7B0E3D2A7995D9,Ethics Committee for Research Activities,https://www.hcw.ac.at/forschung/ethikkommission-fuer-forschungsaktivitaeten,https://www.hcw.ac.at/forschung/ethikkommission-fuer-forschungsaktivitaeten,2026-07-30,accessible,200,0,text/html; charset=utf-8,,,,82352,ebd4937e8a669a403385a4642805936ca74adba87ac699e2bd64ebbafd85494b,complete received body,initial baseline,not assessed,,true,,
LRS-7B19A99186FF76,UP student rights page,https://fim.uni-pr.edu/page.aspx?id=2%2C141,https://fim.uni-pr.edu/page.aspx?id=2%2C141,2026-07-30,accessible,200,0,text/html; charset=utf-8,,,,61046,cd2e746fd8cb99b5962089b003b774b81e8ad74f9ff1e653ad74e84adf8eb636,complete received body,initial baseline,not assessed,,true,,
LRS-7B2043BDFC0CDA,UNL Utrecht 2024 plagiarism case,https://www.universiteitenvannederland.nl/files/publications/2024%20UU%20Plagiaat%20-%20schending%20wetenschappelijke%20integriteit.pdf,https://www.universiteitenvannederland.nl/files/publications/2024%20UU%20Plagiaat%20-%20schending%20wetenschappelijke%20integriteit.pdf,2026-07-30,accessible,200,0,application/pdf,239383,"""6745a0c3-3a717""","Tue, 26 Nov 2024 10:19:47 GMT",239383,3a8f3d57118af743058ba723567da0763a8006f181391f372354bda23fb8b3ec,complete received body,initial baseline,not assessed,,true,,
LRS-7B35A9E8C5FDDD,KPI Code of Honor,https://www.kpi.ua/index.php/en/code,https://www.kpi.ua/index.php/en/code,2026-07-30,network-error,,0,,,,,0,,none,initial unavailable baseline,not assessed,,true,fetch failed,network access failed
LRS-7B717CE7DC3C4A,AQUA profile,https://www.aqua.ad/en/node/33,https://www.aqua.ad/en/node/33,2026-07-30,http-error,404,0,text/html; charset=UTF-8,,"W/""1785438407""","Thu, 30 Jul 2026 19:06:47 GMT",33578,9f310c83f586507fe6874e4cba18e641efb1da9b25b7923599368f51b3e38efe,complete received body,initial baseline,not assessed,,true,,HTTP 404
LRS-7B7EE041462422,HESC 2025/2 Incoming Research Fellowship call issued,https://irf-armenia-2025.hesc.am/documents/25IRF-2_Call_ENG.pdf,https://irf-armenia-2025.hesc.am/documents/25IRF-2_Call_ENG.pdf,2026-07-30,accessible,200,0,application/pdf,1420920,"""2a0605-15ae78-637d5948b9000""","Wed, 18 Jun 2025 09:52:00 GMT",1000000,5dceef9677e7b1fdd604c79a2563185f18c05d1df8687e52c72cb3773a391171,first 1000000 bytes,initial baseline,not assessed,,true,,
LRS-7B8D38616E4C9D,ISSP UL Ethics Policy,https://www.cfi.lu.lv/fileadmin/user_upload/lu_portal/projekti/cfi/Citi_dokumenti/ISSP_UL_Ethics_policy.pdf,https://www.cfi.lu.lv/fileadmin/user_upload/lu_portal/projekti/cfi/Citi_dokumenti/ISSP_UL_Ethics_policy.pdf,2026-07-30,accessible,200,0,application/pdf,253810,"""3df72-5d54de3f29a7f""","Tue, 11 Jan 2022 12:49:57 GMT",253810,973705436a185009910a78d321f69ac907a4614db2d2426fb124a5a4263b910b,complete received body,initial baseline,not assessed,,true,,
LRS-7B99C13A086850,CNR approves its Guidelines for Research Integrity,https://www.cnr.it/en/ethics,https://www.cnr.it/en/ethics,2026-07-30,accessible,200,0,text/html; charset=utf-8,,"""1785438407-0""","Thursday, 30-Jul-2026 19:06:47 UTC",49745,5e56b42395b93aac74fea48b2b97aae7188c00833e79540230de05dba87edbc3,complete received body,initial baseline,not assessed,,true,,
LRS-7BA65EB05FEDD1,VCWI official page,https://kvab.be/en/vcwi,https://kvab.be/en/vcwi,2026-07-30,accessible,200,0,text/html; charset=utf-8,,"""1785438407-1""","Thu, 30 Jul 2026 19:06:47 GMT",25320,51cabb8a75b79bc7cd58d12325df7c930f3a0fe2f9c41e6ac80fdb612acf55be,complete received body,initial baseline,not assessed,,true,,
LRS-7BA717A9B436EE,Swedish Research Council ethics in research,https://www.vr.se/english/mandates/ethics/ethics-in-research.html,https://www.vr.se/english/mandates/ethics/ethics-in-research.html,2026-07-30,accessible,200,0,text/html;charset=UTF-8,,,,73333,e807d33292a3129a4507cddcabe46d9e58ca4aed4d0576b4db20a46873411594,complete received body,initial baseline,not assessed,,true,,
LRS-7BEF3BCD08C55E,UNSA Code of Ethics page,https://www.unsa.ba/o-univerzitetu/propisi/eticki-kodeks-univerziteta-u-sarajevu,https://www.unsa.ba/o-univerzitetu/propisi/eticki-kodeks-univerziteta-u-sarajevu,2026-07-30,accessible,200,0,text/html; charset=UTF-8,,"""1785426842""","Thu, 30 Jul 2026 15:54:02 GMT",60187,ca14d852c5b0e4df8cbe4affb2f04ce9ee8a8a6170eae879fc1771809291dc60,complete received body,initial baseline,not assessed,,true,,
LRS-7BF87C03B12B12,Current RSU Ethics Committee composition approved,https://www.rsu.lv/en/ethics-committee,https://www.rsu.lv/en/ethics-committee,2026-07-30,accessible,200,0,text/html; charset=UTF-8,,"W/""1785438407""","Thu, 30 Jul 2026 19:06:47 GMT",53208,59aa501bc2dce455b4c4031f6144dbefdf93d85240cc0c369d3c223747c30788,complete received body,initial baseline,not assessed,,true,,
LRS-7C26325A990F12,NFU scientific integrity,https://www.nfu.nl/themas/randvoorwaarden-wetenschappelijk-onderzoek/wetenschappelijke-integriteit,https://www.nfu.nl/themas/randvoorwaarden-wetenschappelijk-onderzoek/wetenschappelijke-integriteit,2026-07-30,http-error,404,0,text/html,,,,146,55f7d9e99b8e2d4e0e193b2f0275501e6d9c1ebd29cadbea6a0da48a8587e3e0,complete received body,initial baseline,not assessed,,true,,HTTP 404
LRS-7C44F5FDF3AC94,UNL Utrecht 2026 peer-review case,https://www.universiteitenvannederland.nl/files/publications/2026%20UU%20Optreden%20als%20niet%20onafhankelijk%20peer-reviewer%20-%20gegrond.pdf,https://www.universiteitenvannederland.nl/files/publications/2026%20UU%20Optreden%20als%20niet%20onafhankelijk%20peer-reviewer%20-%20gegrond.pdf,2026-07-30,accessible,200,0,application/pdf,324321,"""69c0e85e-4f2e1""","Mon, 23 Mar 2026 07:14:38 GMT",324321,bc5c52546400d9a3cf2ae2ec3d49671019389e922dbe3c81fdcf6adfb4076a07,complete received body,initial baseline,not assessed,,true,,
LRS-7CCCA5946CD7FD,Members and presidency,https://vaia.gov.sk/sk/rada-vlady-pre-vedu-techniku-a-inovacie/narodna-eticka-komisia/clenovia-a-predsednictvo,https://vaia.gov.sk/sk/rada-vlady-pre-vedu-techniku-a-inovacie/narodna-eticka-komisia/clenovia-a-predsednictvo/,2026-07-30,redirected-accessible,200,1,text/html; charset=UTF-8,27636,,,186243,b896b65da7f38cfb3de4815b92c9ebd13780cc65f982c777622004a91fcb0267,complete received body,initial baseline,human review required,,true,,redirect requires equivalence review
LRS-7D10D1CC7F41CA,YOK ethics directive PDF,https://www.yok.gov.tr/documents/documents/68fb63b8b2511.pdf,https://www.yok.gov.tr/documents/documents/68fb63b8b2511.pdf,2026-07-30,accessible,200,0,application/pdf,248020,"""3c8d4-641e5e6618043""","Fri, 24 Oct 2025 11:32:08 GMT",248020,16f7787c182e701a5bc6087366a1e94d447d5d10bcd8512195c749c945ca422c,complete received body,initial baseline,not assessed,,true,,
LRS-7D18896882B254,VSN,https://www.vsn.is/,https://island.is/s/visindasidanefnd,2026-07-30,redirected-accessible,200,3,text/html; charset=utf-8,,"""l2kxn0a52v2vir""",,136360,d76a35dec3e49a94021274751973e767b7f9018f9a170df7c2d84e8e91274e73,complete received body,initial baseline,human review required,,true,,redirect requires equivalence review
LRS-7D20109D254498,2026 foreign expert call,https://akvo.mk/index.php/odnosi-so-javnost/oglasi-i-konkursi/open-call-for-selection-of-foreign-experts-for-implementation-of-external-evaluation-2026,https://akvo.mk/index.php/odnosi-so-javnost/oglasi-i-konkursi/open-call-for-selection-of-foreign-experts-for-implementation-of-external-evaluation-2026,2026-07-30,http-error,500,0,text/html; charset=UTF-8,,,,20879,a6b3f4913fdfb574da46d0a68d3486a5d5724640c43d5ad9f9a1a975d01af96a,complete received body,initial baseline,not assessed,,true,,HTTP 500
LRS-7D35F53A5DB1C1,Rulebook on Determination of Violation of Academic Integrity on the UoM,https://www.ucg.ac.me/skladiste/blog_6/objava_158387/fajlovi/03-3502%20Rulebook%20on%20Determination%20of%20Violation%20of%20Academic%20Integrity%20on%20the%20UoM.pdf,https://www.ucg.ac.me/skladiste/blog_6/objava_158387/fajlovi/03-3502%20Rulebook%20on%20Determination%20of%20Violation%20of%20Academic%20Integrity%20on%20the%20UoM.pdf,2026-07-30,accessible,200,0,application/pdf,330630,"""50b86-63ed3bf28647f""","Mon, 15 Sep 2025 09:37:06 GMT",330630,cc3f34307655ef92a0230f6b89ec7155bf3a0a93495344faa30827b8089f3057,complete received body,initial baseline,not assessed,,true,,
LRS-7D41B3A6725149,Higher-education framework law adopted,https://www.unirsm.sm/ateneo/leggequadro-statuto,https://www.unirsm.sm/ateneo/leggequadro-statuto/,2026-07-30,redirected-accessible,200,1,text/html; charset=UTF-8,16864,,,89128,ef725595bcc72523229b2998301fd46de13a2113ff4a248e19dc98010bbead65,complete received body,initial baseline,human review required,,true,,redirect requires equivalence review
LRS-7D75F94C6C140F,Animal-use committee by-laws,https://likumi.lv/ta/en/en/id/272776-by-laws-of-the-committee-for-the-protection-of-animals-used-for-scientific-purposes,https://likumi.lv/ta/en/en/id/272776-by-laws-of-the-committee-for-the-protection-of-animals-used-for-scientific-purposes,2026-07-30,accessible,200,0,text/html; charset=utf-8,,,,41072,3154559cf1e68276aafdaa2f7049faaa5ef8ef64d6c01167db98b00bd2e5028b,complete received body,initial baseline,not assessed,,true,,
LRS-7DCE3D53D08154,Animal Research,https://www.iimcb.gov.pl/en/animal-research,https://www.iimcb.gov.pl/en/animal-research,2026-07-30,accessible,200,0,text/html; charset=utf-8,8411,,"Thu, 30 Jul 2026 19:06:49 GMT",32557,39a919c3c48c95569287d00a44585d6e4b65f07c24dc7661bf6a7cd3f59844d3,complete received body,initial baseline,not assessed,,true,,
LRS-7DCEBBA86410ED,HEA accreditation criteria and minimum standards become part of the QA route,https://hea.gov.ba/Content/Open/101467?n=PPP_National_QA_Framework.pdf,https://hea.gov.ba/Content/Open/101467?n=PPP_National_QA_Framework.pdf,2026-07-30,accessible,200,0,application/pdf,953415,,,953415,3c7b4d36bbfd6d6a0d7acd035d201413881ec9be68f51d49cefef33c3cd60420,complete received body,initial baseline,not assessed,,true,,
LRS-7E22941015001B,Clinical research and ethics workshop report,https://files.tuseb.gov.tr/tuseb/files/pdf/ek-calistay-raporu.pdf,https://files.tuseb.gov.tr/tuseb/files/pdf/ek-calistay-raporu.pdf,2026-07-30,accessible,200,0,application/pdf,5844800,"""592f40-61a99ad171f99""","Tue, 11 Jun 2024 09:13:16 GMT",1000000,3b2da606e3c1689ab75d593a5c0efce00a0d23716bbf61ed150cc74c214902cf,first 1000000 bytes,initial baseline,not assessed,,true,,
LRS-7E23628F349CAC,Framework regulation for university ethics commissions is approved,https://legislatie.just.ro/Public/DetaliiDocumentAfis/289094,https://legislatie.just.ro/Public/DetaliiDocumentAfis/289094,2026-07-30,network-error,,0,,,,,0,,none,initial unavailable baseline,not assessed,,true,fetch failed,network access failed
LRS-7E49D59D9FED0C,arastirma.ege.edu.tr,https://arastirma.ege.edu.tr/tr-20652/projelerde_etik_kurul_belgesi.html,https://arastirma.ege.edu.tr/tr-20652/projelerde_etik_kurul_belgesi.html,2026-07-30,accessible,200,0,text/html; charset=utf8,,,,75839,d9beeb7ae2d2c72ebc6a1ba91ef543d99b99b4370026c62285646382ff6a9232,complete received body,initial baseline,not assessed,,true,,
LRS-7E536396DAD5BB,FEK institutional guide Fostering research ethics,https://www.forskningsetikk.no/en/resources/fostering-research-ethics,https://www.forskningsetikk.no/en/resources/fostering-research-ethics,2026-07-30,accessible,200,0,text/html; charset=utf-8,,,,78039,f6467ca0367c154b145d28c0fd81eeec7bfc71fc228b617510161f2a5204cb44,complete received body,initial baseline,not assessed,,true,,
LRS-7E606450B10F5C,CAS Code of Ethics for Researchers,https://www.avcr.cz/en/about-us/legal-regulations/code-of-ethics-for-researchers-of-the-czech-academy-of-sciences,https://www.avcr.cz/en/about-us/legal-regulations/code-of-ethics-for-researchers-of-the-czech-academy-of-sciences,2026-07-30,accessible,200,0,text/html;charset=UTF-8,60579,,"Thu, 30 Jul 2026 19:06:51 GMT",60579,155dd610336d5036ce81b3b89998c9313f7593cf808ab7b914e6319fb31f104f,complete received body,initial baseline,not assessed,,true,,
LRS-7E85ED235E66D8,Karolinska Institutet council source,https://staff.ki.se/media/170349/download,https://staff.ki.se/media/170349/download,2026-07-30,accessible,200,0,application/pdf,232103,,"Wed, 01 Jul 2026 06:38:52 GMT",232103,32f4267233e379e6c0468c1827e1557d0340581387d1b54f218e26a261f609ce,complete received body,initial baseline,not assessed,,true,,
LRS-7EA58E131A97CB,OWID current official site,https://ombudsgremium.de/,https://ombudsgremium.de/,2026-07-30,accessible,200,0,text/html; charset=UTF-8,,,,477160,0a60cc752d71d4699bc7741960126a765e73c0617428550644ac13682fcfdecd,complete received body,initial baseline,not assessed,,true,,
LRS-7ECCBB9919DFB5,Decree on the implementation of scientific research work in accordance with the principles of open science,https://www.gov.si/assets/ministrstva/MVZI/Znanost/Obzorje-Evropa/Novice/2023-Open-Science/Decree-on-the-implementation-of-scientific-research-work-open-science.pdf,https://www.gov.si/assets/ministrstva/MVZI/Znanost/Obzorje-Evropa/Novice/2023-Open-Science/Decree-on-the-implementation-of-scientific-research-work-open-science.pdf,2026-07-30,accessible,200,0,application/pdf,477859,"""74aa3-5fdecc813dcb0""","Mon, 12 Jun 2023 11:11:34 GMT",477859,037f116b8bd12715f12d26efc18e471a9556e9a1f53fd0f12af85f379c1af9ed,complete received body,initial baseline,not assessed,,true,,
LRS-7EDF1FA373BC39,Draft update opened for consultation,https://www.nwo-i.nl/en/news/2025/09/28/denk-mee-over-wetenschappelijke-integriteit,https://www.nwo-i.nl/en/news/2025/09/28/denk-mee-over-wetenschappelijke-integriteit,2026-07-30,http-error,404,0,text/html; charset=UTF-8,,"""1785438411""","Thu, 30 Jul 2026 19:06:51 GMT",14246,710307661ab7491cfdf6eaea589a40509321a87dde06651d677b2995fa41469a,complete received body,initial baseline,not assessed,,true,,HTTP 404
LRS-7EEA50EF63BD53,CY-Biobank CNBC approval marker appears in public ELSI material,https://biobank.cy/elsi,https://biobank.cy/elsi/,2026-07-30,redirected-accessible,200,1,text/html; charset=UTF-8,,,"Thu, 30 Jul 2026 19:11:51 GMT",153244,a413fe4afb9678ebdfcece503af0a485c3ceab69ca60750e217ab600ed5db258,complete received body,initial baseline,human review required,,true,,redirect requires equivalence review
LRS-7F0B34B277F294,ARIS mission and vision,https://www.aris-rs.si/en/agencija/mission.asp,https://www.aris-rs.si/en/agencija/mission.asp,2026-07-30,http-error,404,0,text/html; charset=UTF-8,8386,,,63973,1652b92dd3c2c84071ede489d9eca850a817a02a05ed3efcbfd936fb424868a9,complete received body,initial baseline,not assessed,,true,,HTTP 404
LRS-7F377C442CD3BC,UCL Research Ethics Policy,https://www.ucl.ac.uk/research-innovation-services/training-and-resources/policies-and-guidance/ucl-research-ethics-policy,https://www.ucl.ac.uk/research-innovation-services/training-and-resources/policies-and-guidance/ucl-research-ethics-policy,2026-07-30,accessible,200,0,text/html; charset=utf-8,16142,"""1785429583-1""","Thu, 30 Jul 2026 16:39:43 GMT",54759,2b2e17d5e2f519aef0dd4f10ca737038a108d5078761cab14477898f844d7322,complete received body,initial baseline,not assessed,,true,,
LRS-7F60FD07584989,Bioethics.gov.cy,https://www.bioethics.gov.cy/moh/cnbc/cnbc.nsf/DMLopinions_en/DMLopinions_en?OpenDocument=,https://www.gov.cy/bioethics/,2026-07-30,http-error,403,1,text/html,,,,7966,70e741d5e9ab2a567b41a9c0375d80cb06d59504c6846426b5b7cf297a8d2432,complete received body,initial baseline,human review required,,true,,redirect requires equivalence review | HTTP 403
LRS-7F6DEB7E83CBD4,National Policy Statement 2024,https://www.iua.ie/wp-content/uploads/2024/12/National-Policy-Statement-on-Ensuring-Research-Integrity-in-Ireland-Dec-2024.pdf,https://www.iua.ie/wp-content/uploads/2024/12/National-Policy-Statement-on-Ensuring-Research-Integrity-in-Ireland-Dec-2024.pdf,2026-07-30,accessible,200,0,application/pdf,2193319,"""6763ea0e-2177a7""","Thu, 19 Dec 2024 09:40:30 GMT",1000000,743bde500a4470ade49b0137ffb571630d3cf27422a1ee8023b8a39dcded4bea,first 1000000 bytes,initial baseline,not assessed,,true,,
LRS-7FA3EAE55B5F67,French Research Code scientific-integrity articles D211-2 to D211-4,https://www.legifrance.gouv.fr/codes/section_lc/LEGITEXT000006071190/LEGISCTA000048770016,https://www.legifrance.gouv.fr/codes/section_lc/LEGITEXT000006071190/LEGISCTA000048770016,2026-07-30,http-error,403,0,text/html; charset=UTF-8,,,,5928,d1621dc88e963cf7e701fc58c6b16b03ae81e2dbc52a7c265a2200e320e8ba3d,complete received body,initial baseline,not assessed,,true,,HTTP 403
LRS-7FB6CCC3769066,EDI documents,https://www.edi.lv/en/documents,https://www.edi.lv/en/documents/,2026-07-30,redirected-accessible,200,1,text/html; charset=UTF-8,16351,,,75467,d70050d1a8e1dd871f2dfd24d0bb70de5b622ef3790664091068b768219a5622,complete received body,initial baseline,human review required,,true,,redirect requires equivalence review
LRS-7FD377F6FEE99F,IEP external evaluation in-person visit held,https://www.unirsm.sm/ateneo/assicurazione-qualita/accreditamento-esterno,https://www.unirsm.sm/ateneo/assicurazione-qualita/accreditamento-esterno/,2026-07-30,redirected-accessible,200,1,text/html; charset=UTF-8,19720,,,100851,fde4256c450597a6383f5dd00f4d40716e5a0556ee1051986b0977cc82bf2c76,complete received body,initial baseline,human review required,,true,,redirect requires equivalence review
LRS-7FED0D9EBC135B,HSE IRB page,https://www.hse.ru/en/org/hse/irb,https://www.hse.ru/en/org/hse/irb,2026-07-30,network-error,,0,,,,,0,,none,initial unavailable baseline,not assessed,,true,fetch failed,network access failed
LRS-801F2B82F133E9,ENRIO Portugal country report,https://www.enrio.eu/country-reports/portugal,https://www.enrio.eu/country-reports/portugal/,2026-07-30,redirected-accessible,200,1,text/html; charset=UTF-8,10701,,,40701,88dc04b144976844c10e11b782d79b598563ef91b73c8787f634dd99073a9811,complete received body,initial baseline,human review required,,true,,redirect requires equivalence review
LRS-8024424C004E0D,Research integrity,https://www.uni.lu/en/about/ethics-integrity/research-integrity,https://www.uni.lu/en/about/ethics-integrity/research-integrity,2026-07-30,accessible,202,0,text/html; charset=UTF-8,2087,,,2087,4b329147c110633e26ad153cf48d8e27071a50c3cffb26636a71f0c75a95342b,complete received body,initial baseline,not assessed,,true,,
LRS-803AD9E70307D2,FWO research integrity,https://www.fwo.be/en/about-fwo/research-policy/research-integrity,https://www.fwo.be/en/about-fwo/research-policy/research-integrity,2026-07-30,accessible,200,0,text/html; charset=utf-8,,,,88462,ff80e013d9d839781024d662b2d6f0aefeece1cadb03f462204822fb0ca72bcc,complete received body,initial baseline,not assessed,,true,,
LRS-803BACEF363911,ARIS open-science presentation,https://www.aris-rs.si/sl/dostop/predstavitev.asp,https://www.aris-rs.si/sl/dostop/predstavitev.asp,2026-07-30,http-error,404,0,text/html; charset=UTF-8,,,,129252,20f5248a356dc5ae5711d9d4b708721d23e252cc85b6f919604a811587c2d1e0,complete received body,initial baseline,not assessed,,true,,HTTP 404
LRS-80485DD8962F86,Ministry of Science and Innovation,https://nitra.gov.rs/en/nauka/naucnoistrazivacke-organizacije,https://nitra.gov.rs/en/nauka/naucnoistrazivacke-organizacije,2026-07-30,accessible,200,0,text/html; charset=utf-8,,,"Thu, 30 Jul 2026 19:06:56 GMT",69236,027b2eaab8fb924b629f41ba7fef3c7d7a19305d69b509f4a35a72a1a8dd3dfd,complete received body,initial baseline,not assessed,,true,,
LRS-804ED9812771D1,Biomedical research law,https://legimonaco.mc/tnc/loi/2002/12-23-1.265,https://legimonaco.mc/tnc/loi/2002/12-23-1.265/,2026-07-30,redirected-accessible,200,1,text/html,,,"Wed, 27 May 2026 09:59:41 GMT",77953,2db726f3ceaa526f4c4c609a0d88a9d0332d7d5225942738b17338b39d3d640f,complete received body,initial baseline,human review required,,true,,redirect requires equivalence review
LRS-80A36025EC5ACF,PBL quality assurance,https://www.pbl.nl/over-het-pbl/kwaliteitsborging,https://www.pbl.nl/over-het-pbl/kwaliteitsborging,2026-07-30,accessible,200,0,text/html; charset=UTF-8,,"W/""1785438413""","Thu, 30 Jul 2026 19:06:53 GMT",33088,0f1eb5534e137187c138e509248005fc90bd039f134c6ecc3f9cb66b414f22be,complete received body,initial baseline,not assessed,,true,,
LRS-80C3F0CD95F2F1,Article D.211-3,https://www.legifrance.gouv.fr/codes/article_lc/LEGIARTI000048770024,https://www.legifrance.gouv.fr/codes/article_lc/LEGIARTI000048770024,2026-07-30,http-error,403,0,text/html; charset=UTF-8,,,,5844,95fe13b4efed51585b29407f73b0606b1723fb0ef6ae22c99751ccc7fa9dcce4,complete received body,initial baseline,not assessed,,true,,HTTP 403
LRS-80D8930390A565,DCU Procedures for Responding to Allegations,https://www.dcu.ie/research/dcu-procedures-responding-allegations-research-misconduct,https://www.dcu.ie/research/dcu-procedures-responding-allegations-research-misconduct,2026-07-30,accessible,200,0,text/html; charset=UTF-8,33270,"""1785435313-gzip""","Thu, 30 Jul 2026 18:15:13 GMT",144675,316232edfa832a7e8e9ac80267f89cea41a33cb0597ee7d86f3dc08fd86bc21d,complete received body,initial baseline,not assessed,,true,,
LRS-81351AF22D94F2,East European University Research Ethics Committee,https://eeu.edu.ge/portfolio/research-ethics-committee?lang=en,https://eeu.edu.ge/portfolio/research-ethics-committee/?lang=en,2026-07-30,redirected-accessible,200,1,text/html; charset=UTF-8,31947,,,167213,546da79e21693474e17eda7bab29d268379fd9fd0e231a748da4de7d882bd698,complete received body,initial baseline,human review required,,true,,redirect requires equivalence review
LRS-816484A7D01827,ELTE PPK Research Ethics Committee,https://www.ppk.elte.hu/en/research-ethics-committee,https://www.ppk.elte.hu/en/research-ethics-committee,2026-07-30,accessible,200,0,text/html; charset=UTF-8,15308,"""1785438414-gzip""","Thu, 30 Jul 2026 19:06:54 GMT",131605,b4468e7e410697e073d90da16743258f19fc6b2ff4b218e1bef794f82418e5b4,complete received body,initial baseline,not assessed,,true,,
LRS-8166BFAFEE4793,DTU guidelines for suspicions,https://www.dtu.dk/-/media/dtudk/forskning/om_dtus_forskning/god-videnskabelig-praksis/guidelines-for-handling-suspicions-regarding-breaches-of-responsible-conduct-of-research-at-dtu-05-2.pdf,https://www.dtu.dk/-/media/dtudk/forskning/om_dtus_forskning/god-videnskabelig-praksis/guidelines-for-handling-suspicions-regarding-breaches-of-responsible-conduct-of-research-at-dtu-05-2.pdf,2026-07-30,accessible,200,0,application/pdf,391078,,"Fri, 31 May 2024 07:49:58 GMT",391078,3bcb42283a3fe592174ca4a9ce7f155c4fbd8edcf8af0495f258099a8eafcddc,complete received body,initial baseline,not assessed,,true,,
LRS-8169D3116F43BB,AAK official website,https://aak.gov.az/,https://aak.gov.az/,2026-07-30,accessible,200,0,text/html; charset=UTF-8,,,,85076,a2333bc69843069b25806663814a1e7a07154936aa0956ed5492c46872abaddd,complete received body,initial baseline,not assessed,,true,,
LRS-817E710C039060,Committee regulations,https://pan.pl/app/uploads/2024/05/Regulamin-dzialania-KEwN-2023-2026.pdf,https://pan.pl/app/uploads/2024/05/Regulamin-dzialania-KEwN-2023-2026.pdf,2026-07-30,accessible,200,0,application/pdf,127912,"""2181b-6193436675780-gzip""","Fri, 24 May 2024 14:45:02 GMT",137243,8e2d8210c45016b1af61199546a8b084886960d80bff86ba9d5552f0e133d122,complete received body,initial baseline,not assessed,,true,,
LRS-81880D8747ABDE,CNECV Recommendation 1/2018,https://www.cnecv.pt/pt/deliberacoes/recomendacoes/integridade-na-investigacao,https://www.cnecv.pt/pt/deliberacoes/recomendacoes/integridade-na-investigacao,2026-07-30,accessible,200,0,text/html; charset=utf-8,,,"Thu, 14 May 2026 10:17:04 GMT",24291,8706dfe80c0d6719175e4844b19ebc3f03600548864a3713e891cd0cac65ba44,complete received body,initial baseline,not assessed,,true,,
LRS-81BFDA784D04D9,UP Prishtina,https://uni-pr.edu/desk/inc/media/AE86712A-E5BE-4609-9BF2-7972A413F1A2.pdf,https://uni-pr.edu/desk/inc/media/AE86712A-E5BE-4609-9BF2-7972A413F1A2.pdf,2026-07-30,accessible,200,0,application/pdf,846811,"""cb42ed543c86dc1:0""","Thu, 15 Jan 2026 16:30:59 GMT",846811,16407c4f497f49719760ebbfc2ec36d36655cad0c5e83e45377417d4cfb7bcd6,complete received body,initial baseline,not assessed,,true,,
LRS-81D37E01D93D33,UKIM Ethical Code PDF,https://ukim.edu.mk/wp-content/uploads/2024/11/248_eticki_kodeks.pdf,https://ukim.edu.mk/wp-content/uploads/2024/11/248_eticki_kodeks.pdf,2026-07-30,accessible,200,0,application/pdf,438818,"""6b222-627f63b6240f4""","Thu, 28 Nov 2024 10:06:11 GMT",438818,1f077cd416c26202dd576df48d9f0c6095cf0603da6d9a2b5aef3bdeb0ecd854,complete received body,initial baseline,not assessed,,true,,
LRS-81E19CDAED8035,ETT Bioethics Code PDF,https://ett.aeek.hu/wp-content/uploads/2016/10/bioetikai_kodex.pdf,https://ett.aeek.hu/wp-content/uploads/2016/10/bioetikai_kodex.pdf,2026-07-30,accessible,200,0,application/pdf,1273636,"""136f24-53e838552fe80""","Mon, 10 Oct 2016 14:24:42 GMT",1000000,8817b24f5540f6e1152ed190037b964e49df2e9feea1d0388015637778d9a17b,first 1000000 bytes,initial baseline,not assessed,,true,,
LRS-81FBC9CD1F6239,Crisis Navigator added to the recommendations/guidelines corpus,https://etikostarnyba.lt/en/recommendations,https://etikostarnyba.lt/en/recommendations/,2026-07-30,redirected-accessible,200,1,text/html; charset=UTF-8,,,"Thu, 30 Jul 2026 19:06:59 GMT",170976,a4d636cee19603f386e6f7f3d0447c5a3e1604e604623471e61334b37dd00974,complete received body,initial baseline,human review required,,true,,redirect requires equivalence review
LRS-8218BC0451647D,Policy on academic and scientific integrity,https://fa.lisboa.ucp.pt/pt-pt/politica-de-integridade-academica-e-cientifica,https://fa.lisboa.ucp.pt/pt-pt/politica-de-integridade-academica-e-cientifica,2026-07-30,network-error,,0,,,,,0,,none,initial unavailable baseline,not assessed,,true,fetch failed,network access failed
LRS-8240F30A4329C7,Zuyd complaints committee,https://www.zuyd.nl/en/research/scientific-integrity/complaints-committee,https://www.zuyd.nl/en/research/scientific-integrity/complaints-committee,2026-07-30,accessible,200,0,text/html; charset=UTF-8,,"W/""1785438416""","Thu, 30 Jul 2026 19:06:56 GMT",145452,6832a9302172b8fbd67b06c9f57921ba6a89e02520e0b412b6e668ab5c753ba5,complete received body,initial baseline,not assessed,,true,,
LRS-830F0121C335A0,Reykjavik University,https://www.ru.is/en/about-ru/policies/code-of-ethics,https://www.ru.is/en/about-ru/policies/code-of-ethics,2026-07-30,accessible,200,0,text/html; charset=utf-8,,"W/""yjdo18dnec7m48""",,355494,2eda8d60f0ebfdb942d6056c2085c938e4eb625ca38e630965a4e775766b79e4,complete received body,initial baseline,not assessed,,true,,
LRS-83187B0A30CD1C,Promotion of research and innovation,https://www.llv.li/en/national-administration/office-of-economic-affairs/research-innovation/promotion-of-research-and-innovation,https://www.llv.li/en/national-administration/office-of-economic-affairs/research-innovation/promotion-of-research-and-innovation,2026-07-30,http-error,403,0,text/html; charset=UTF-8,,,,6051,3482b96f0d6b7cf50ebe09805d38b9017c1eae6513cfdf380b945f353ce50a8c,complete received body,initial baseline,not assessed,,true,,HTTP 403
LRS-832DE11ADE384B,NREC annual reports page,https://www.nrecoffice.ie/about/publications,https://www.nrecoffice.ie/about/publications/,2026-07-30,redirected-accessible,200,1,text/html; charset=UTF-8,,,"Thu, 30 Jul 2026 16:27:05 GMT",427737,8e61aa744bc0244c1ed716cbf75ce75961f895e127c7f0bd3baa754c4c45b6a6,complete received body,initial baseline,human review required,,true,,redirect requires equivalence review
LRS-8364AA067462B8,Research and testing using animals,https://www.gov.uk/guidance/research-and-testing-using-animals,https://www.gov.uk/guidance/research-and-testing-using-animals,2026-07-30,accessible,200,0,text/html; charset=utf-8,23260,"W/""338423b3df3fea2a4d2e2c281d0b20fe""",,166861,338423b3df3fea2a4d2e2c281d0b20fed61bfd86d6594876b4a0b60b164d28ed,complete received body,initial baseline,not assessed,,true,,
LRS-836639AA90D332,Guidelines for RI investigations,https://www.iua.ie/wp-content/uploads/2019/08/Guidelines-for-RI-investigations-FINAL-17-08-16-1.pdf,https://www.iua.ie/wp-content/uploads/2019/08/Guidelines-for-RI-investigations-FINAL-17-08-16-1.pdf,2026-07-30,accessible,200,0,application/pdf,217716,"""5d9623bd-35274""","Thu, 03 Oct 2019 16:37:17 GMT",217716,fae2538fba285aad908a29875899e01ec9c263ca710a668a958d1db79e094805,complete received body,initial baseline,not assessed,,true,,
LRS-836A35DFBB458D,IPB Ethics Committee,https://portalold.ipb.pt/index.php/pt/ipb/quem-somos/ipb/comissao-de-etica/missao,https://portalold.ipb.pt/index.php/pt/ipb/quem-somos/ipb/comissao-de-etica/missao,2026-07-30,network-error,,0,,,,,0,,none,initial unavailable baseline,not assessed,,true,fetch failed,network access failed
LRS-8371755E47D2D7,Strategy for Scientific Research Activity 2024-2028,https://www.gov.me/en/documents/e0c75f8f-f975-4e6f-a6fb-0ba0a336f9c5,https://www.gov.me/en/documents/e0c75f8f-f975-4e6f-a6fb-0ba0a336f9c5,2026-07-30,accessible,200,0,text/html; charset=utf-8,450078,"W/""6de1e-i0gzcICJByVt0iuWd6dj0TYpHz8""",,450078,b7f85f4a79f9f49bfb7401d91a5ddbbd9cef69a51b58d59898eccbd40329246f,complete received body,initial baseline,not assessed,,true,,
LRS-8384F1A8003F85,TKTA accreditation,https://tkta.edu.az/p/accreditation/c/accreditation,https://tkta.edu.az/az/p/accreditation/c/accreditation,2026-07-30,http-error,404,1,text/html; charset=utf-8,,"""aggered6bw633""",,7887,7bd8f6c6464ed616c87e847156dfcc721d93fe45b8a54e4ffdbb83323d19703a,complete received body,initial baseline,human review required,,true,,redirect requires equivalence review | HTTP 404
LRS-8386A7202421B7,UB ethics and integrity,https://web.ub.edu/en/ethics-integrity,https://web.ub.edu/en/ethics-integrity,2026-07-30,http-error,403,0,text/html; charset=UTF-8,,,,5650,fe4618b280993f60feac83f102db6a92068c6bfe0c270d945cdab7eb8f616560,complete received body,initial baseline,not assessed,,true,,HTTP 403
LRS-838C79B8281C29,MUR dottorati page,https://www.mur.gov.it/it/aree-tematiche/universita/offerta-formativa/dottorati,https://www.mur.gov.it/it/aree-tematiche/universita/offerta-formativa/dottorati,2026-07-30,http-error,403,0,text/html; charset=UTF-8,,,,5922,0d33094e76600038e99ba23af98488f889e4f2eb3314c02d4e3c0396793a9507,complete received body,initial baseline,not assessed,,true,,HTTP 403
LRS-83931E46C3BF9A,Academic staff disciplinary regulation,https://uni-pr.edu/desk/inc/media/4089BCFA-ABF9-4005-A07B-E7FDB039A3D4.pdf,https://uni-pr.edu/desk/inc/media/4089BCFA-ABF9-4005-A07B-E7FDB039A3D4.pdf,2026-07-30,accessible,200,0,application/pdf,292221,"""88c6aeff20d8da1:0""","Wed, 17 Jul 2024 08:12:00 GMT",292221,db37811e7e779d8ab5d5137fcd7e1308b5b003378a1eb2d4a8dd081aa133d99e,complete received body,initial baseline,not assessed,,true,,
LRS-839CD23C7D4E64,Berlin higher education institutions create a shared ombuds route,https://www.fu-berlin.de/presse/informationen/fup/2025/fup_25_058-berliner-hochschulen-ombudstelle/index.html,https://www.fu-berlin.de/presse/informationen/fup/2025/fup_25_058-berliner-hochschulen-ombudstelle/index.html,2026-07-30,accessible,200,0,text/html; charset=utf-8,9200,"""60e8e3f4106b0b323179b4b59e95ee86-gzip""",,37263,92f5033b3261e4faf606858393fb172e47df5c7fd2705e4766a5143ab7b12e68,complete received body,initial baseline,not assessed,,true,,
LRS-83A89EB2797D9E,Law on Health Care,https://matsne.gov.ge/en/document/view/29980,https://matsne.gov.ge/en/document/view/29980,2026-07-30,accessible,200,0,text/html; charset=utf-8,,,,597617,e7489eabbe8403f716303a865169cc3a05f181c64710f0dd73826ad5e53cbdfc,complete received body,initial baseline,not assessed,,true,,
LRS-83EC7516C2054A,DGAV animals for scientific purposes,https://www.dgav.pt/animais/conteudo/animais-para-fins-cientificos,https://www.dgav.pt/animais/conteudo/animais-para-fins-cientificos/,2026-07-30,redirected-accessible,200,1,text/html; charset=UTF-8,23327,,,101154,16809926d4471110bcb4b9fe39fca697d3d064be4b07726ae3e4eb3b2bb23779,complete received body,initial baseline,human review required,,true,,redirect requires equivalence review
LRS-83F733075F4FB3,2026 science budget and law-reform signal,https://mon.gov.mk/mk-MK/odnosi-so-javnost/soopstenija/janevska-za-zabrzuvanje-na-napredokot-vo-2026-rekordni-vlozuvanja-vo-nauka,https://mon.gov.mk/mk-MK/odnosi-so-javnost/soopstenija/janevska-za-zabrzuvanje-na-napredokot-vo-2026-rekordni-vlozuvanja-vo-nauka,2026-07-30,accessible,200,0,text/html; charset=utf-8,,,,169477,c97aa7fa1f3013ece1ac3bb17340e4f3a6d709a901c6abc8d30be6c67f1abbee,complete received body,initial baseline,not assessed,,true,,
LRS-8403402F7A9678,University of Mostar QA guide,https://web-admin.sum.ba/api/storage/vodic_osiguranje_kvalitete.pdf,https://web-admin.sum.ba/api/storage/vodic_osiguranje_kvalitete.pdf,2026-07-30,accessible,200,0,application/pdf,,,,1000000,cc11b1a4a9ec4e2e94e5aa81a2b72af75ad481c595210c6272dad0409bef688c,first 1000000 bytes,initial baseline,not assessed,,true,,
LRS-842AEC0C5E4746,Act No. 130/2002 becomes the core public RDI support law,https://vyzkum.gov.cz/FrontClanek.aspx/FrontClanek.aspx?idsekce=15607,https://vyzkum.gov.cz/FrontClanek.aspx/FrontClanek.aspx?idsekce=15607,2026-07-30,accessible,200,0,text/html; charset=utf-8,55246,,,55246,86bd0970eb915f1cb4c54746d1a1dd1fbae89bb87e20d9b13741faa1051701b4,complete received body,initial baseline,not assessed,,true,,
LRS-84A4589C2C3FD6,Finnish Food Authority Project Authorisation Board,https://www.ruokavirasto.fi/en/animals/laboratory-animals/project-authorisation-board,https://www.ruokavirasto.fi/en/animals/laboratory-animals/project-authorisation-board,2026-07-30,accessible,200,0,text/html; charset=utf-8,,,,22633,b174b117c8587bbf2906d2086cf84ddda104481e211249aa3dfba981fd92d9af,complete received body,initial baseline,not assessed,,true,,
LRS-84B2A2B44D0D63,KAA accredited HEI decision hub,https://akreditimi.rks-gov.net/decision_v1,https://akreditimi.rks-gov.net/decision_v1/,2026-07-30,redirected-accessible,200,1,text/html; charset=UTF-8,17744,,,130147,8db5fdee32c3b3cb46806ab116cd6c8c2d492bc38b70704a94fb1941d18bc9ff,complete received body,initial baseline,human review required,,true,,redirect requires equivalence review
LRS-84CE56C33C62E6,Austrian Data Protection Authority,https://www.dsb.gv.at/,https://dsb.gv.at/,2026-07-30,redirected-accessible,200,1,text/html; charset=UTF-8,4377,,"Thu, 30 Jul 2026 19:07:01 GMT",16846,f6e0c24949a9f8ae725c0ae4098709b779f459cec3bab183ae8a0f64d3f282bd,complete received body,initial baseline,human review required,,true,,redirect requires equivalence review
LRS-84D0CBE8AD6B2F,Law 4624/2019 English translation,https://www.dpa.gr/sites/default/files/2020-08/LAW%204624_2019_EN_TRANSLATED%20BY%20THE%20HDPA.PDF,https://www.dpa.gr/sites/default/files/2020-08/LAW%204624_2019_EN_TRANSLATED%20BY%20THE%20HDPA.PDF,2026-07-30,accessible,200,0,application/pdf,749187,"""b6e83-5b5a51c533640""","Fri, 04 Dec 2020 15:27:13 GMT",749187,807b45a0e69b86ea01ba8b7397fa449b0f934ce403825b33f6b2efb361429a81,complete received body,initial baseline,not assessed,,true,,
LRS-84DB814D3C31D4,Eumis 2020,https://eumis2020.government.bg/bg/s/800c457d-e8be-4421-8ed9-e78d0a75c39/Procedure/InfoDownload/af321d9f-5581-438b-8265-23ba04b5c5e8?fileKey=e838ef52-6083-41a0-8a8d-efc42fb1c3b6,https://eumis2020.government.bg/bg/s/800c457d-e8be-4421-8ed9-e78d0a75c39/Procedure/InfoDownload/af321d9f-5581-438b-8265-23ba04b5c5e8?fileKey=e838ef52-6083-41a0-8a8d-efc42fb1c3b6,2026-07-30,http-error,404,0,text/html; charset=utf-8,,,,21835,bd78da7236b41412ebb1e167529a06c437f22ceeb9735a4e6a4282bb48cb4229,complete received body,initial baseline,not assessed,,true,,HTTP 404
LRS-8525A8D73A92A6,INRAE deontology integrity and project ethics,https://www.inrae.fr/deontologie-integrite-scientifique-ethique-projets-recherche,https://www.inrae.fr/deontologie-integrite-scientifique-ethique-projets-recherche,2026-07-30,accessible,200,0,text/html; charset=UTF-8,25881,,"Thu, 30 Jul 2026 06:27:04 GMT",244506,19fd02b40fe6dc00fbacc96f7727c6f3f4af3dff260758aef854b3f7e621537b,complete received body,initial baseline,not assessed,,true,,
LRS-853948C06B689F,Cambridge research integrity reports,https://www.cam.ac.uk/research/integrity/reports,https://www.cam.ac.uk/research/integrity/reports,2026-07-30,accessible,200,0,text/html; charset=UTF-8,38113,"W/""1785436781""","Thu, 30 Jul 2026 18:39:41 GMT",124784,b83ce3728c24b74b0c89b4bb2c74f37848b343d699f49144b785f9d6e7e05df0,complete received body,initial baseline,not assessed,,true,,
LRS-8563666E735412,Current committee order,https://www.ncn.gov.pl/sites/default/files/pliki/zarzadzenia-dyrektora/zarzadzenieDyr-1_2023_ang.pdf,https://www.ncn.gov.pl/sites/default/files/pliki/zarzadzenia-dyrektora/zarzadzenieDyr-1_2023_ang.pdf,2026-07-30,http-error,302,6,text/html,122,,,122,6cc120b593014e69127b195267e0f185fcb643aba49be1eb87c58f15fd1bdb10,complete received body,initial baseline,human review required,,true,,redirect requires equivalence review | HTTP 302
LRS-85748CD5335A45,UCY Code of Conduct for Research,https://www.ucy.ac.cy/wp-content/uploads/2021/11/Code_of_Conduct_for_Research.pdf,https://www.ucy.ac.cy/wp-content/uploads/2021/11/Code_of_Conduct_for_Research.pdf,2026-07-30,http-error,403,0,text/html; charset=UTF-8,,,,5858,55316b66330ea1b3c9f967cec7f164e0629a0df057555996b52ec9739b697b4d,complete received body,initial baseline,not assessed,,true,,HTTP 403
LRS-8584C006036DDD,Representative VAK order No. 945/nk,https://vak.gisnauka.ru/s3-files/01cc80c69fae4988a0246a8f5e2774e7%3Afisgna/public/media/uploaded/news_files/7b999188-9e03-4484-b522-34c15976b8a2/52742900-6304-4db5-b781-cd9384fa5723.pdf,https://vak.gisnauka.ru/s3-files/01cc80c69fae4988a0246a8f5e2774e7%3Afisgna/public/media/uploaded/news_files/7b999188-9e03-4484-b522-34c15976b8a2/52742900-6304-4db5-b781-cd9384fa5723.pdf,2026-07-30,network-error,,0,,,,,0,,none,initial unavailable baseline,not assessed,,true,fetch failed,network access failed
LRS-85894B480754CD,GRU Annual Report 2024,https://www.forskningsetikk.no/globalassets/dokumenter/arsrapporter/gru/arsmelding-granskingsutvalget-2024.pdf/download,https://www.forskningsetikk.no/globalassets/dokumenter/arsrapporter/gru/arsmelding-granskingsutvalget-2024.pdf/download,2026-07-30,accessible,200,0,application/pdf,426672,"""1dc6052b25ef830""","Fri, 28 Nov 2025 10:35:21 GMT",426672,6ee6ea2d93e9452506c7d61523c1908dea971ab064e6546c9e1b9a19abd51ddc,complete received body,initial baseline,not assessed,,true,,
LRS-85ACAF9F946508,VU Code of Academic Ethics,https://www.vu.lt/site_files/Vertimai/EN_Translation_Akademines_etikos_kodeksas_suvestine_redakcija.pdf,https://www.old.vu.lt/site_files/Vertimai/EN_Translation_Akademines_etikos_kodeksas_suvestine_redakcija.pdf,2026-07-30,redirected-accessible,200,1,application/pdf,188089,,"Tue, 23 Apr 2024 13:35:57 GMT",188089,ecec204bef4a28115f530fb576ca3f881decc05dc579770b0cd4e0b702e866bb,complete received body,initial baseline,human review required,,true,,redirect requires equivalence review
LRS-8629A9B5C0687A,ISCIII CEI,https://www.isciii.es/servicios/comites-etica/cei,https://www.isciii.es/servicios/comites-etica/cei,2026-07-30,accessible,200,0,text/html;charset=UTF-8,,,,570968,b87ade042487d95f8b2c2326dcfc161032d9b14d6845373658a8d97a23bcb8dd,complete received body,initial baseline,not assessed,,true,,
LRS-86328BF33D301D,KAA PhD standards,https://akreditimi.rks-gov.net/wp-content/uploads/Regulation-KAA-nr.032025-standards-for-evaluation-of-doctoral-programmes.pdf,https://akreditimi.rks-gov.net/wp-content/uploads/Regulation-KAA-nr.032025-standards-for-evaluation-of-doctoral-programmes.pdf,2026-07-30,accessible,200,0,application/pdf,467255,"""72137-639a65e2373c0""","Fri, 11 Jul 2025 12:22:47 GMT",467255,b3e1da8fdf8f693c3448f919a364c161a9b62a715550c30c637c12bc068b2e74,complete received body,initial baseline,not assessed,,true,,
LRS-86914C22B38B7B,HRA Research Ethics Service and RECs,https://www.hra.nhs.uk/about-us/committees-and-services/res-and-recs,https://www.hra.nhs.uk/about-us/committees-and-services/res-and-recs/,2026-07-30,redirected-accessible,200,1,text/html; charset=utf-8,,,,44566,2bfd02d468e14accc4f2e32daffad97a5624460fe7dd3535c9baab88b0747a6e,complete received body,initial baseline,human review required,,true,,redirect requires equivalence review
LRS-86C8EE5DDE3F0B,Heidelberg ombudsmen for academic practice,https://www.uni-heidelberg.de/university/ombudsmen_academic_practice.html,https://www.uni-heidelberg.de/university/ombudsmen_academic_practice.html,2026-07-30,accessible,200,0,text/html; charset=utf-8,3415,,,9886,03a9ed485be8e49ae09823761e32caf5ebf6f8b8bb9f62f2dab91d0ead23dd45,complete received body,initial baseline,not assessed,,true,,
LRS-86F36CECDD5052,KNU academic-integrity normative documents,https://geo.knu.ua/akademichna-dobrochesnist/normatyvni-dokumenty,https://geo.knu.ua/akademichna-dobrochesnist/normatyvni-dokumenty/,2026-07-30,redirected-accessible,200,1,text/html; charset=UTF-8,30568,,,183463,8070d56e87db846b758b69978c1481c929c0503d870ac6b7f8afa5a2dfebc817,complete received body,initial baseline,human review required,,true,,redirect requires equivalence review
LRS-86F56DF6239FF2,Centro de Estudos Sociais Provedoria,https://ces.uc.pt/pt/ces/sobre-o-ces/provedoria,https://ces.uc.pt/pt/ces/sobre-o-ces/provedoria,2026-07-30,accessible,200,0,text/html; charset=UTF-8,24673,,,345082,37e62eed30b0f97635fb247cad319f6270f08275ee01ccb6fdc46f009a862a81,complete received body,initial baseline,not assessed,,true,,
LRS-872966154F0A29,ENRIO Czech Republic country report,https://www.enrio.eu/country-reports/czech-republic,https://www.enrio.eu/country-reports/czech-republic/,2026-07-30,redirected-accessible,200,1,text/html; charset=UTF-8,12166,,,45780,35cca08df4ab4e853465af4098833cfb3107b645ccccfcf046a2d39fb140c755,complete received body,initial baseline,human review required,,true,,redirect requires equivalence review
LRS-87544F7491A8D1,Codes of practice establish the review-committee operating model,https://iris.research.org.cy/file/public/e69f3fde-3d30-ee11-8188-005056ab00f0,https://iris.research.org.cy/file/public/e69f3fde-3d30-ee11-8188-005056ab00f0,2026-07-30,accessible,200,0,application/pdf; charset=utf-8,,,,1000000,3f8f4df4745a21a9c28dc30b88c6fb4b8f9bc6af7375de79fb5230257a987d78,first 1000000 bytes,initial baseline,not assessed,,true,,
LRS-8769FFA8C487BE,ALVA animal-use annual report 2024 publication page,https://agriculture.public.lu/de/veroeffentlichungen/tiere/labortiere/rapport-2023-utilisation-animaux-fins-scientifiques1.html,https://agriculture.public.lu/de/veroeffentlichungen/tiere/labortiere/rapport-2023-utilisation-animaux-fins-scientifiques1.html,2026-07-30,http-error,404,0,text/html,105789,,,105789,5f7c2da221203afb8a0521725d7c021c49071e0c62a3618e0d807148c3ca2d30,complete received body,initial baseline,not assessed,,true,,HTTP 404
LRS-876C34B3BE2BC9,AZVO re-accreditation page,https://www.azvo.hr/en/evaluation/re-accreditation,https://www.azvo.hr/en/evaluation/re-accreditation/,2026-07-30,redirected-accessible,200,1,text/html; charset=UTF-8,,"""cf6fd00d3f917965e3651e370fc03ec2""","Thu, 30 Jul 2026 19:07:05 GMT",59110,1dead5ba54ee8d2b0221656cb0a2e815418f6d1e02a0e929512d079cd5465adf,complete received body,initial baseline,human review required,,true,,redirect requires equivalence review
LRS-877E6483D6ABB9,UNIBL Professional Ethics Code,https://unibl.org/uploads/files/strane/ostali_akti/Kodeks%20profesionalne%20etike%20UNIBL_ver.01%20%281%29%20%283%29.pdf,https://unibl.org/uploads/files/strane/ostali_akti/Kodeks%20profesionalne%20etike%20UNIBL_ver.01%20%281%29%20%283%29.pdf,2026-07-30,accessible,200,0,application/pdf,244108,"""63369072-3b98c""","Fri, 30 Sep 2022 06:45:06 GMT",244108,0005b653c61ef8a00f9d30a8e4eb69da255816537b8ae9cf6ca5fd4fc62c26d5,complete received body,initial baseline,not assessed,,true,,
LRS-8788AE650281B9,Research Integrity Charter,https://www.univpm.it/Entra/University_1/Statute_regulations_and_national_and_European_legislation/Research_Integrity_Charter,https://www.univpm.it/Entra/University_1/Statute_regulations_and_national_and_European_legislation/Research_Integrity_Charter,2026-07-30,accessible,200,0,text/html; charset=ISO-8859-15,19308,,,107246,6552b0e7564b2ed592340ed5b4f9a43de102df3e20c250412cda1da596f5e931,complete received body,initial baseline,not assessed,,true,,
LRS-8790AEB2879092,Ombudsman site protection of personal data,https://ombudsman.gov.ua/en/protection-of-personal-data,https://ombudsman.gov.ua/en/protection-of-personal-data,2026-07-30,http-error,404,0,text/html; charset=UTF-8,,,,12896,77896dd545ac5ecd8ebddd95452891d5a80fa113efdb84e5678c2bfb06c042fd,complete received body,initial baseline,not assessed,,true,,HTTP 404
LRS-87D138779D1456,Law on Higher Education and Research source trace,https://e-seimas.lrs.lt/rs/legalact/TAD/05ac938017ab11e4aa9bb36470fb9e6e,https://e-seimas.lrs.lt/rs/legalact/TAD/05ac938017ab11e4aa9bb36470fb9e6e,2026-07-30,accessible,200,0,text/html;charset=UTF-8,,,,596020,a20a512d4125d642ca2453f6a6aeb68fa73e92daa1199ce8304e0b1fd16858f2,complete received body,initial baseline,not assessed,,true,,
LRS-87E2475DA03D39,Radboud research integrity,https://www.ru.nl/en/about-us/policies-and-regulations/research-integrity,https://www.ru.nl/en/about-us/policies-and-regulations/research-integrity,2026-07-30,accessible,200,0,text/html; charset=UTF-8,10234,,"Thu, 30 Jul 2026 16:23:13 GMT",40222,fe1add04569e79f172144ed5c7f2370432c8ff4b0f89c07a35866821457699bf,complete received body,initial baseline,not assessed,,true,,
LRS-87FB9470067D70,ENRIO Luxembourg country report,https://www.enrio.eu/country-reports/luxembourg,https://www.enrio.eu/country-reports/luxembourg/,2026-07-30,redirected-accessible,200,1,text/html; charset=UTF-8,14521,,,51979,7304283b54d2afbb2c5af23c75e00f8ef14d270772881b9a2426e0013c0cc649,complete received body,initial baseline,human review required,,true,,redirect requires equivalence review
LRS-88207A1106D69C,Request for a statement from TENK,https://tenk.fi/en/research-integrity/request-statement-tenk,https://tenk.fi/en/research-integrity/request-statement-tenk,2026-07-30,accessible,200,0,text/html; charset=UTF-8,,"""1785415284""","Thu, 30 Jul 2026 12:41:24 GMT",35218,24ddcb54211e9a2796139ee160c48f4053f66d24040b25404809ea46e6298de1,complete received body,initial baseline,not assessed,,true,,
LRS-88378F5F4FBFE8,Chief Scientist,https://chiefscientist.gov.cy/research-innovation-in-cyprus,https://chiefscientist.gov.cy/research-innovation-in-cyprus/,2026-07-30,redirected-accessible,200,1,text/html; charset=UTF-8,,,,142731,9e385de8b8f5615d5384b69f40300d1672f147756c6f3f0c7ee09df128951fa3,complete received body,initial baseline,human review required,,true,,redirect requires equivalence review
LRS-883AE40AC8F8F2,Committee regulations,https://www.univpm.it/Entra/Regolamenti/Regolamento_del_Comitato_Etico_per_la_Ricerca_di_Ateneo,https://www.univpm.it/Entra/Regolamenti/Regolamento_del_Comitato_Etico_per_la_Ricerca_di_Ateneo,2026-07-30,http-error,500,0,text/html; charset=ISO-8859-15,0,,,0,,complete received body,initial baseline,not assessed,,true,,HTTP 500
LRS-883D51284E67BA,Act on the protection of animals used for scientific or educational purposes is adopted,https://api.sejm.gov.pl/eli/acts/DU/2023/465/text.html,https://api.sejm.gov.pl/eli/acts/DU/2023/465/text.html,2026-07-30,accessible,200,0,text/html;charset=utf-8,,,,715785,23c7d1fbe8d6a695d67613f0f6fb9c77701a657eb60bdaf8130f7675424c4514,complete received body,initial baseline,not assessed,,true,,
LRS-8873476346CF3B,UCY research originality AI guidance updated,https://www.ucy.ac.cy/ai/ucy-guidelines/research-originality?lang=en,https://www.ucy.ac.cy/ai/ucy-guidelines/research-originality?lang=en,2026-07-30,http-error,403,0,text/html; charset=UTF-8,,,,5834,0dffdf63d824997f1eead8e1aa47976bc6064babd97512c4ced8241ffda6ae63,complete received body,initial baseline,not assessed,,true,,HTTP 403
LRS-8879C1C0BBA345,Heidelberg rules and guidelines on good academic practice,https://www.uni-heidelberg.de/en/university/about-the-university/good-academic-practice,https://www.uni-heidelberg.de/en/university/about-the-university/good-academic-practice,2026-07-30,accessible,200,0,text/html; charset=utf-8,24976,,,169569,5d8cc2790bc7804eb90f39624f3a5d27bb5f4a211f111ae406b4a1fbc7e28b2e,complete received body,initial baseline,not assessed,,true,,
LRS-88BE4A98A2928C,NAQA committees page,https://en.naqa.gov.ua/?page_id=4566,https://en.naqa.gov.ua/?page_id=4566,2026-07-30,accessible,200,0,text/html; charset=UTF-8,,,,70098,d29e43e183b74a1d2d95d3a9e32e617e27fe7166f74d206d756583afa93d9d86,complete received body,initial baseline,not assessed,,true,,
LRS-88CD5993764EB5,Ley 14/2011 creates CEEI,https://www.boe.es/buscar/act.php?id=BOE-A-2011-9617,https://www.boe.es/buscar/act.php?id=BOE-A-2011-9617,2026-07-30,accessible,200,0,text/html; charset=UTF-8,628083,,,628083,bf2e3cc2e4f0f6e87e9551da47ebdba766c4faee0b10b0b7c65442029c8bd217,complete received body,initial baseline,not assessed,,true,,
LRS-88D125A85720F7,Decree 2021-1572 on scientific integrity requirements,https://www.legifrance.gouv.fr/jorf/id/JORFTEXT000044411360,https://www.legifrance.gouv.fr/jorf/id/JORFTEXT000044411360,2026-07-30,http-error,403,0,text/html; charset=UTF-8,,,,5795,efda3f845542b83576a4551d71f566795a914479135f4e9ab3fb4d0ce38c7145,complete received body,initial baseline,not assessed,,true,,HTTP 403
LRS-88E166C8694934,University of Malta Research Data Management Toolkit,https://www.um.edu.mt/library/openscience/rdm/rdm_toolkit,https://www.um.edu.mt/library/openscience/rdm/rdm_toolkit/,2026-07-30,redirected-accessible,200,1,text/html,9946,"""ac7a-657447c7dc70e-gzip""","Thu, 23 Jul 2026 10:11:58 GMT",44154,6d691dd02f484eab0a0a553cf67d03cbe6527a41ffe2802eb983071ea0674038,complete received body,initial baseline,human review required,,true,,redirect requires equivalence review
LRS-88F288F7972172,Demokritos ethics and scientific integrity page,https://www.iit.demokritos.gr/policies-institute/policy-and-regulations-on-ethics-in-research-and-scientific-integrity,https://www.iit.demokritos.gr/policies-institute/policy-and-regulations-on-ethics-in-research-and-scientific-integrity,2026-07-30,network-error,,0,,,,,0,,none,initial unavailable baseline,not assessed,,true,fetch failed,network access failed
LRS-8927C483D1B25E,ViA documents,https://va.lv/en/about-us/documents,https://va.lv/en/about-us/documents,2026-07-30,accessible,200,0,text/html; charset=utf-8,,,"Thu, 30 Jul 2026 19:07:09 GMT",157964,57f9e229606b31b77b06b37b933055ec5b2fe7427c4b1f22872c6f844e94a072,complete received body,initial baseline,not assessed,,true,,
LRS-893D9B981C7CA5,Cyprus University of Technology,https://www.cut.ac.cy/university/administration/senate/senate-committees/deontologias?languageId=1,https://www.cut.ac.cy/university/administration/senate/senate-committees/deontologias?languageId=1,2026-07-30,accessible,200,0,text/html;charset=utf-8,,,"Mon, 27 Jul 2026 07:50:41 EEST",115991,b08a2f2c6d8724bfa7b2c015af36d03f44e0ab4073ad39c5548c5a7a95443af0,complete received body,initial baseline,not assessed,,true,,
LRS-89770AEFBAD1A3,ViA Ethics Regulation,https://va.lv/sites/default/files/10P-Regulations-of-ethics-26042017-ENG.pdf,https://va.lv/sites/default/files/10P-Regulations-of-ethics-26042017-ENG.pdf,2026-07-30,accessible,200,0,application/pdf,289893,"""46c65-612448b36ed06""","Mon, 26 Feb 2024 08:17:42 GMT",289893,614832dcb3e1efb832953215911bcb44d985a471a4f09bd1e61cce1b049d33a3,complete received body,initial baseline,not assessed,,true,,
LRS-89FE3C6B9CD991,UNL complaint publications,https://www.universiteitenvannederland.nl/publicaties-klachten-wetenschappelijke-integriteit,https://www.universiteitenvannederland.nl/publicaties-klachten-wetenschappelijke-integriteit,2026-07-30,accessible,200,0,text/html; charset=UTF-8,,"W/""1784740872""","Wed, 22 Jul 2026 17:21:12 GMT",111739,58c2c925fff15e06f3932eaabfcde138e23628fc7cc3079a2da1cd2b4a76687f,complete received body,initial baseline,not assessed,,true,,
LRS-8A0D654C97672B,Disciplinary ombudspersons,https://www.bip.pw.edu.pl/Wladze/Zespoly-Rady-Komisje-Kapituly-Rzecznicy-Koordynatorzy/Rzecznicy/Rzecznicy-Dyscyplinarni-ds.-Nauczycieli-Akademickich,https://www.bip.pw.edu.pl/Wladze/Zespoly-Rady-Komisje-Kapituly-Rzecznicy-Koordynatorzy/Rzecznicy/Rzecznicy-Dyscyplinarni-ds.-Nauczycieli-Akademickich,2026-07-30,accessible,200,0,text/html; charset=utf-8,,,"Thu, 30 Jul 2026 19:07:09 GMT",21702,3d6a284c9e35ea9ac6fcd4f54970ea41a66a9d930a04a494495e1a9e34ba9289,complete received body,initial baseline,not assessed,,true,,
LRS-8A29C30459726F,University of Bonn good scientific practice,https://www.uni-bonn.de/de/forschung-lehre/qualitaetssicherung/gute-wissenschaftliche-praxis-in-der-forschung,https://www.uni-bonn.de/de/forschung-lehre/qualitaetssicherung/gute-wissenschaftliche-praxis-in-der-forschung,2026-07-30,accessible,200,0,text/html;charset=utf-8,,"W/""|1768307680.0""",,213663,34606c70d29832db67ae9f0610e805dafa6dea69ed862b9be802e0472d439620,complete received body,initial baseline,not assessed,,true,,
LRS-8A2BF363AB5214,Gazzetta Ufficiale publication of Law 240/2010,https://www.gazzettaufficiale.it/eli/id/2011/01/14/011G0009/sg,https://www.gazzettaufficiale.it/eli/id/2011/01/14/011G0009/sg,2026-07-30,accessible,200,0,text/html;charset=UTF-8,,,,17680,c3a03f84a6ef84f2122701302de0806e7344d43b8c5f738ea74f471c161db367,complete received body,initial baseline,not assessed,,true,,
LRS-8A83CEF315AC84,LOWI annual report 2024,https://lowi.nl/wp-content/uploads/2025/06/Jaarverslag-adviescommissie-LOWI-2024.pdf,https://lowi.nl/wp-content/uploads/2025/06/Jaarverslag-adviescommissie-LOWI-2024.pdf,2026-07-30,accessible,200,0,application/pdf,386373,"""5e545-6384fb19805c6""","Tue, 24 Jun 2025 11:33:13 GMT",386373,20fb9f142ab1c20c986913dd9b1ca7e79917ef48a90ef390033099c332f372b0,complete received body,initial baseline,not assessed,,true,,
LRS-8A92B7AA65D276,Issued health-research licences,https://island.is/en/o/national-bioethics-committee/Issued-licenses-for-scientific-research-in-the-health-field,https://island.is/en/o/national-bioethics-committee/Issued-licenses-for-scientific-research-in-the-health-field,2026-07-30,accessible,200,0,text/html; charset=utf-8,,"""12cl3wdabol2uxz""",,133669,875129546ea5e7f9a5053e5b26246d0e8a75fbaa9500e13871196b1a4bf95fd7,complete received body,initial baseline,not assessed,,true,,
LRS-8AA4396F48CF9B,UNIGE directive on integrity in scientific research,https://memento.unige.ch/doc/0003,https://memento.unige.ch/doc/0003,2026-07-30,accessible,200,0,text/html; charset=UTF-8,21776,,,96792,bf014c83cbe3082244cc4797e860c067ed5c193abb9c0077ee37c16e71d6da10,complete received body,initial baseline,not assessed,,true,,
LRS-8AA5068C225859,Research ethics,https://www.helsinki.fi/en/research/research-integrity/research-ethics,https://www.helsinki.fi/en/research/research-integrity/research-ethics,2026-07-30,accessible,200,0,text/html; charset=UTF-8,46207,"W/""1785436221""","Thu, 30 Jul 2026 18:30:21 GMT",300364,6736cfc6360b124e8a45f2acd18473e7d4f119e3a695f4f8b5c4b60f2bbe1a83,complete received body,initial baseline,not assessed,,true,,
LRS-8ACD91DD2B105D,Findata,https://findata.fi/en,https://findata.fi/en/,2026-07-30,redirected-accessible,200,1,text/html; charset=UTF-8,,,,80974,70bd5681f2ebb6985fd52a626850f4f9fe1115f49c7785c972742629b8ccb94f,complete received body,initial baseline,human review required,,true,,redirect requires equivalence review
LRS-8ACFA8ADA85442,Research and Innovation Act 2024,https://www.irishstatutebook.ie/eli/2024/act/15/enacted/en/html,https://www.irishstatutebook.ie/eli/2024/act/15/enacted/en/html,2026-07-30,accessible,200,0,text/html,12970,"""18e8d-652411b364907-gzip""","Wed, 20 May 2026 15:04:03 GMT",102029,d58e2b8acea3736e13655fe54456991750b199302b267e11dc64b6cb251e3698,complete received body,initial baseline,not assessed,,true,,
LRS-8B05E2285311A0,National FAIR strategy,https://www.deic.dk/en/data-management/data-management-deic/national-fair-strategy,https://www.deic.dk/en/data-management/data-management-deic/national-fair-strategy,2026-07-30,timeout,,0,,,,,0,,none,initial unavailable baseline,not assessed,,true,This operation was aborted,request timed out
LRS-8B197910FD6F66,"EOF clarifies NEC process, RFIs and CTIS public-study information",https://www.eof.gr/en/%CE%B4%CE%B9%CE%B5%CF%85%CE%BA%CF%81%CE%B9%CE%BD%CE%AF%CF%83%CE%B5%CE%B9%CF%82-%CF%84%CE%B7%CF%82-%CE%B5%CE%B8%CE%BD%CE%B9%CE%BA%CE%AE%CF%82-%CE%B5%CF%80%CE%B9%CF%84%CF%81%CE%BF%CF%80%CE%AE%CF%82,https://www.eof.gr/en/%CE%B4%CE%B9%CE%B5%CF%85%CE%BA%CF%81%CE%B9%CE%BD%CE%AF%CF%83%CE%B5%CE%B9%CF%82-%CF%84%CE%B7%CF%82-%CE%B5%CE%B8%CE%BD%CE%B9%CE%BA%CE%AE%CF%82-%CE%B5%CF%80%CE%B9%CF%84%CF%81%CE%BF%CF%80%CE%AE%CF%82/,2026-07-30,redirected-accessible,200,1,text/html; charset=utf-8,37334,,,139569,fafc134042cf1a8363d76df3cea2d7f79cec037c077123ef56ded858ff5bd867,complete received body,initial baseline,human review required,,true,,redirect requires equivalence review
LRS-8B1CD442127B8D,MON Academic Ethics Committee,https://www.mon.bg/dokumentatsiya/komisiya-po-akademichna-etika,https://www.mon.bg/dokumentatsiya/komisiya-po-akademichna-etika,2026-07-30,http-error,403,0,text/html; charset=UTF-8,,,,5789,10caa0c7f9ed567a3741e1e70d167dd38e49997287fc3a70b3e2bac96951ed6c,complete received body,initial baseline,not assessed,,true,,HTTP 403
LRS-8B2246A0210546,LBTU Academic Integrity Regulation,https://www.lbtu.lv/sites/default/files/2024-06/Academic_integrity_regulation_2023_ar_groz_EN.pdf,https://www.lbtu.lv/sites/default/files/2024-06/Academic_integrity_regulation_2023_ar_groz_EN.pdf,2026-07-30,accessible,200,0,application/pdf,158377,"""26aa9-61ac5bf3e8440""","Thu, 13 Jun 2024 13:47:59 GMT",158377,2dabdb722544fc05725d68844afd8291e3a772c24c2dd62ab541515cc413827b,complete received body,initial baseline,not assessed,,true,,
LRS-8B23A1BE0354B4,RIVM scientific integrity and complaints procedure,https://www.rivm.nl/over-het-rivm/wetenschappelijke-integriteit-en-klachtenregeling,https://www.rivm.nl/over-het-rivm/wetenschappelijke-integriteit-en-klachtenregeling,2026-07-30,accessible,200,0,text/html; charset=UTF-8,13881,,,42702,7c522db8c8e4856104e69531581567d45c9c3f8339b634ba0c5d0b008e9b1818,complete received body,initial baseline,not assessed,,true,,
LRS-8B2B635618ED9C,Law on the Science Fund,https://fondzanauku.gov.rs/wp-content/uploads/2019/08/Law-on-the-Science-Fund-of-the-Republic-of-Serbia.pdf,https://fondzanauku.gov.rs/wp-content/uploads/2019/08/Law-on-the-Science-Fund-of-the-Republic-of-Serbia.pdf,2026-07-30,accessible,200,0,application/pdf,196448,,"Wed, 23 Aug 2023 12:18:07 GMT",196448,d90af79e2fb36faecd652b451a256edd161a6313be56425afbb89e5d07d6c9a3,complete received body,initial baseline,not assessed,,true,,
LRS-8B2BD9BB67FD55,Human Research Act and Clinical Trials Ordinance regime begins,https://www.swissmedic.ch/swissmedic/en/home/humanarzneimittel/clinical-trials/clinical-trials-on-medicinal-products.html,https://www.swissmedic.ch/swissmedic/en/home/humanarzneimittel/clinical-trials/clinical-trials-on-medicinal-products.html,2026-07-30,accessible,200,0,text/html;charset=utf-8,15255,,,73395,d81547873e2ffef36549db4f45132936af5168cbd82f899286fe64ceeb7844f4,complete received body,initial baseline,not assessed,,true,,
LRS-8B6EAE5A6B33B7,Brcko District Higher Education Law,https://hea.gov.ba/Content/Open/102212?n=ZAKON_O_VISOKOM_OBRAZOVANjU_U_BR%C4%8CKO_DISTRIKTU_BOSNE_I_HERCEGOVINE_%28Sl._glasnik_Br%C4%8Dko_distrikta_BiH%2C_br._21_2024_-_pre%C4%8Di%C5%A1%C4%87en_tekst.pdf,https://hea.gov.ba/Content/Open/102212?n=ZAKON_O_VISOKOM_OBRAZOVANjU_U_BR%C4%8CKO_DISTRIKTU_BOSNE_I_HERCEGOVINE_%28Sl._glasnik_Br%C4%8Dko_distrikta_BiH%2C_br._21_2024_-_pre%C4%8Di%C5%A1%C4%87en_tekst.pdf,2026-07-30,accessible,200,0,application/pdf,219667,,,219667,32061816ae7a466ef9a0998f99fbfc74abc7ba49c797e3c9af612796fc1a6dc4,complete received body,initial baseline,not assessed,,true,,
LRS-8B73A8B3FE173D,MUR security and integrity portal,https://www.sicurezzaricerca.mur.gov.it/,https://www.sicurezzaricerca.mur.gov.it/,2026-07-30,accessible,200,0,text/html; charset=UTF-8,19540,,,122588,3cdb0865450e72dabcc9310d55ff01904ddc3420201595d2c62e186eba0e2c01,complete received body,initial baseline,not assessed,,true,,
LRS-8B82FA2B8BF97E,Macchiarini case timeline,https://news.ki.se/the-macchiarini-case-timeline,https://news.ki.se/news-archive/the-macchiarini-case-timeline,2026-07-30,redirected-accessible,200,1,text/html; charset=UTF-8,82902,"""1785428883""","Thu, 30 Jul 2026 16:28:03 GMT",82902,3f93ce5e73e84385f4d0902cb2646f56ff3d50006187168025b84e393ec70346,complete received body,initial baseline,human review required,,true,,redirect requires equivalence review
LRS-8B9AD84A623B96,Research integrity and ethics,https://www.oulu.fi/en/research/research-integrity-and-ethics,https://www.oulu.fi/en/research/research-integrity-and-ethics,2026-07-30,accessible,200,0,text/html; charset=UTF-8,,"W/""1785438432""","Thu, 30 Jul 2026 19:07:12 GMT",78115,e95cfde549a0f8d509b47d143b545bedc5021f0d6de0e645abed30921e3a379c,complete received body,initial baseline,not assessed,,true,,
LRS-8B9E5D6BFE2236,Internal ethics assessment of research projects,https://intra.kth.se/en/forskning/overgripande-stod/etik-och-god-forskni/en-intern-etikbedomning-1.1093566,https://intra.kth.se/en/forskning/overgripande-stod/etik-och-god-forskni/en-intern-etikbedomning-1.1093566,2026-07-30,accessible,200,0,text/html;charset=UTF-8,,"""ecb7da85459ff471beadae195394ec19""",,42459,10a08858a2331028fca22b81a639ba34f5cb5f6586c571147a6de63475b221cc,complete received body,initial baseline,not assessed,,true,,
LRS-8BA799912025A4,University of Andorra research-groups regulation,https://www.uda.ad/wp-content/uploads/2024/06/Reglament-grups-de-recerca.pdf,https://www.uda.ad/wp-content/uploads/2024/06/Reglament-grups-de-recerca.pdf,2026-07-30,accessible,200,0,application/pdf,121379,"""1da23-619f9aad70660""","Mon, 03 Jun 2024 10:19:24 GMT",121379,8a2fd4c4942f13d51ffc28105c32e0b3813f9cebd28fbc447ddce13cd7204ebc,complete received body,initial baseline,not assessed,,true,,
LRS-8BC134AFE1E05C,University of Mostar regulations,https://www2010.sum.ba/index.html%3Fp%3D45.html,https://www2010.sum.ba/index.html%3Fp%3D45.html,2026-07-30,network-error,,0,,,,,0,,none,initial unavailable baseline,not assessed,,true,fetch failed,network access failed
LRS-8BE85D40FD8D60,MSU bioethics annual report 2023-2024,https://bioethics.msu.ru/sets/protocols/%D0%9E%D1%82%D1%87%D1%91%D1%82_163-%D0%B4-%D0%B7_%D0%B7%D0%B0_2023-2024_20.05.2024.pdf,https://bioethics.msu.ru/sets/protocols/%D0%9E%D1%82%D1%87%D1%91%D1%82_163-%D0%B4-%D0%B7_%D0%B7%D0%B0_2023-2024_20.05.2024.pdf,2026-07-30,network-error,,0,,,,,0,,none,initial unavailable baseline,not assessed,,true,fetch failed,network access failed
LRS-8BEBF24B717169,CSIS created in the Federation Wallonie-Bruxelles,https://www.recherche.uliege.be/ceis,https://www.recherche.uliege.be/cms/c_9022717/fr/ethique-et-integrite-scientifique,2026-07-30,redirected-accessible,200,1,text/html;charset=UTF-8,,,,340643,dac25f33504e0efe07d56fd19ba8995647aaf0b4b8c6d567d40c089a9299155a,complete received body,initial baseline,human review required,,true,,redirect requires equivalence review
LRS-8BEE709C2E48AB,Univerzitet u Sarajevu,https://www.unsa.ba/sites/default/files/dodatak/2024-09/web_ENG_UNSA%20HRS4R%20Action%20Plan%20revised%202024.pdf,https://www.unsa.ba/sites/default/files/dodatak/2024-09/web_ENG_UNSA%20HRS4R%20Action%20Plan%20revised%202024.pdf,2026-07-30,accessible,200,0,application/pdf,420326,"""669e6-62122d709bf89""","Mon, 02 Sep 2024 13:23:00 GMT",420326,3b60fd39c7c12f2f3f3640299ca1bfd3ca8b2689908ca2c331d4ffecc0d4962a,complete received body,initial baseline,not assessed,,true,,
LRS-8C932CD9BE6D0A,FMUP report on scientific integrity,https://med.up.pt/wp-content/uploads/2023/11/Relato%CC%81rio_Integridade.pdf,https://med.up.pt/wp-content/uploads/2023/11/Relato%CC%81rio_Integridade.pdf,2026-07-30,http-error,404,0,text/html; charset=iso-8859-1,196,,,196,80c3fe2ae1062abf56456f52518bd670f9ec3917b7f85e152b347ac6b6faf880,complete received body,initial baseline,not assessed,,true,,HTTP 404
LRS-8C971A4211971A,AUEB Code of Ethics and Good Practice,https://www.aueb.gr/sites/default/files/Code%20of%20Ethics%20and%20Good%20Practice%20of%20the%20Athens%20University%20of%20Economics%20and%20Business.pdf,https://www.aueb.gr/sites/default/files/Code%20of%20Ethics%20and%20Good%20Practice%20of%20the%20Athens%20University%20of%20Economics%20and%20Business.pdf,2026-07-30,accessible,200,0,application/pdf,198081,"""68f0da01-305c1""","Thu, 16 Oct 2025 11:41:53 GMT",198081,a0028167026ee83c02f91c3c85aef6e1720792885e92b0dddebcafc0f29843e5,complete received body,initial baseline,not assessed,,true,,
LRS-8CAEAB7A43AC27,FCT open access policy,https://www.fct.pt/sobre/politicas-e-estrategias/politicas-de-ciencia-aberta/acesso-aberto-a-publicacoes-cientificas,https://www.fct.pt/sobre/estudos-e-planeamento-estrategico/politicas-de-ciencia-aberta/acesso-aberto-a-publicacoes-cientificas/,2026-07-30,redirected-accessible,200,1,text/html; charset=UTF-8,14855,,"Thu, 30 Jul 2026 19:07:15 GMT",115429,e93a9847698fc4c551f52ba3d2fe481016deea9a8f3edf7e2f3b9b8b76fbc9c2,complete received body,initial baseline,human review required,,true,,redirect requires equivalence review
LRS-8CC12EEC634DA7,Status of implementation of the National Open Science Plan,https://mon.gov.ua/static-objects/mon/sites/1/nauka/vykonannya-nats-planu-shchodo-vidkrytoyi-nauky/2025/05/07/stan-vykonannya-nats-planu-shchodo-vidkrytoyi-nauky-2023-07-05-2025.pdf,https://mon.gov.ua/static-objects/mon/sites/1/nauka/vykonannya-nats-planu-shchodo-vidkrytoyi-nauky/2025/05/07/stan-vykonannya-nats-planu-shchodo-vidkrytoyi-nauky-2023-07-05-2025.pdf,2026-07-30,http-error,403,0,text/html; charset=UTF-8,,,,6275,b671fb619faa183665077d9830379298c5d52a0db69e216961ab35b5fdfb71fc,complete received body,initial baseline,not assessed,,true,,HTTP 403
LRS-8CC2BFBB29BE28,Scientific research law PDF,https://wapi.gov.me/download/da289df3-d90e-4048-999e-b55a226253d9?version=1.0,https://wapi.gov.me/download/da289df3-d90e-4048-999e-b55a226253d9?version=1.0,2026-07-30,accessible,200,0,application/pdf,495748,,,495748,d104f71bdc5df43851a4006139f8a894ab218fbee7da72835c4362d9ee032141,complete received body,initial baseline,not assessed,,true,,
LRS-8CE2C14669E480,Research.gov.ro,https://www.research.gov.ro/wp-content/uploads/2025/03/HG-188-27.02.2025.pdf,https://www.research.gov.ro/wp-content/uploads/2025/03/HG-188-27.02.2025.pdf,2026-07-30,network-error,,0,,,,,0,,none,initial unavailable baseline,not assessed,,true,fetch failed,network access failed
LRS-8CF3031F976452,U.Porto ethics and integrity page,https://sigarra.up.pt/up/pt/web_base.gera_pagina?p_pagina=1006588,https://sigarra.up.pt/up/pt/web_base.gera_pagina?p_pagina=1006588,2026-07-30,http-error,503,0,text/html; charset=UTF-8,,,,1790,91239a31b10e6ac59bb568c0fca6cd7c50b5ea71cb0cd8ea5aa4d5388f9283e6,complete received body,initial baseline,not assessed,,true,,HTTP 503
LRS-8CF6307382B323,DFG press releases on scientific misconduct,https://wissenschaftliche-integritaet.de/pressemitteilungen-wiss-fehlverhaltens,https://www.wissenschaftliche-integritaet.de/de/aktuelles/pressemitteilungen-der-dfg-zu-faellen-wissenschaftlichen-fehlverhaltens-der-vergangenen-zehn-jahre,2026-07-30,redirected-accessible,200,2,text/html;charset=UTF-8,11761,,,91171,47860dcc52f49d20663b6d91c81982fcdfd9eaac8c077ff442ee9f7c2d76ff37,complete received body,initial baseline,human review required,,true,,redirect requires equivalence review
LRS-8D0786ED24A4B1,Clinical testing rulebook,https://www.ukctuzla.ba/ukctuzla/wp-content/uploads/2017/01/Pravilnik-o-klinickim-ispitivanjima-2018.pdf,https://www.ukctuzla.ba/ukctuzla/wp-content/uploads/2017/01/Pravilnik-o-klinickim-ispitivanjima-2018.pdf,2026-07-30,accessible,200,0,application/pdf,263449,"""40519-622e1b5dcb44c""","Tue, 24 Sep 2024 18:31:14 GMT",263449,7c1e7562ede8ba9c956bc1c7fd20ae385b97cf544fb54b892f84bb4340d6e209,complete received body,initial baseline,not assessed,,true,,
LRS-8D0C163DDB986D,ETT medical-ethics publicity statement,https://ett.okfo.gov.hu/wp-content/uploads/2025/04/orvosetikai_elj_nyilv.pdf,https://ett.okfo.gov.hu/wp-content/uploads/2025/04/orvosetikai_elj_nyilv.pdf,2026-07-30,accessible,200,0,application/pdf,313938,"""4ca52-633b0aebac3c0""","Sat, 26 Apr 2025 16:09:59 GMT",313938,2e60e24bde703449c5195d1cf5abdc0a5ee9f748b08e057b9510ba29be0315a2,complete received body,initial baseline,not assessed,,true,,
LRS-8D1B31C8FEEB69,Roszdravnadzor clinical-studies control page,https://roszdravnadzor.gov.ru/drugs/controllslp,https://roszdravnadzor.gov.ru/drugs/controllslp,2026-07-30,network-error,,0,,,,,0,,none,initial unavailable baseline,not assessed,,true,fetch failed,network access failed
LRS-8D331666B3C755,LOWI,https://lowi.nl/,https://lowi.nl/,2026-07-30,accessible,200,0,text/html; charset=UTF-8,,,,56837,b3cdb462037aa0d8a2db321e3bf73e827f93c2347b9b28eb92d8f810dabe4779,complete received body,initial baseline,not assessed,,true,,
LRS-8D3E61B85F1A20,"UCL Research, Innovation and Global Engagement Committee",https://www.ucl.ac.uk/about/leadership/governance/committees/umc-and-committees/research-innovation-and-global-engagement-committee,https://www.ucl.ac.uk/about/leadership/governance/committees/umc-and-committees/research-innovation-and-global-engagement-committee,2026-07-30,accessible,200,0,text/html; charset=UTF-8,,"W/""1785420332""","Thu, 30 Jul 2026 14:05:32 GMT",94899,1a315d28fd56899d89f39ea6d91d8c9e892d22a835e8931a9311e14f913ffb50,complete received body,initial baseline,not assessed,,true,,
LRS-8D4CE810E5105D,ВАК,https://vak.gisnauka.ru/documents/editions,https://vak.gisnauka.ru/documents/editions,2026-07-30,network-error,,0,,,,,0,,none,initial unavailable baseline,not assessed,,true,fetch failed,network access failed
LRS-8D6AFBB4CC5C6D,Commission on Scientific Integrity,https://www.uhasselt.be/en/research/responsible-research-and-innovation/commission-on-scientific-integrity,https://www.uhasselt.be/en/research/responsible-research-and-innovation/commission-on-scientific-integrity,2026-07-30,accessible,200,0,text/html; charset=utf-8,61180,,,61180,f6aad7fb23952aff8a5389de413d9d96293514c90846009d45451bd476716696,complete received body,initial baseline,not assessed,,true,,
LRS-8D6B98B5C4AB09,University of Strasbourg doctoral preparation page,https://www.unistra.fr/fr/recherche/doctorat/se-preparer-aux-etudes-doctorales,https://www.unistra.fr/fr/recherche/doctorat/se-preparer-aux-etudes-doctorales,2026-07-30,accessible,200,0,text/html; charset=UTF-8,,"W/""1784901463""","Fri, 24 Jul 2026 13:57:43 GMT",364048,36adb5ee4162e058a61f94e64158f8bb01deb8403ffc5c954e340a03179e1a3e,complete received body,initial baseline,not assessed,,true,,
LRS-8D76822D8E5FBA,U.Porto CEUP code-revision working file,https://sigarra.up.pt/up/pt/legislacao_geral.legislacao_ver_ficheiro?pct_codigo=1&pct_gdoc_id=3251719&pct_nr_id=49612,https://sigarra.up.pt/up/pt/legislacao_geral.legislacao_ver_ficheiro?pct_codigo=1&pct_gdoc_id=3251719&pct_nr_id=49612,2026-07-30,http-error,503,0,text/html; charset=UTF-8,,,,1790,a8fb0bd8fc739a2f4520ee3cf258b53d698340568df8331bff2852f775f41e3b,complete received body,initial baseline,not assessed,,true,,HTTP 503
LRS-8DB3BE84991136,TSU scientific reports page,https://tsu.ge/en/scientific-relations/page/Scientific-Reports-DSRD,https://tsu.ge/en/scientific-relations/page/Scientific-Reports-DSRD,2026-07-30,accessible,200,0,text/html; charset=UTF-8,11272,,,82502,910d61f70811d79f2ac8a66078da891ab470909ded779ff8187bbe709d238d24,complete received body,initial baseline,not assessed,,true,,
LRS-8DB55A55AB750D,PAN holds a plenary meeting with adopted adjudicating-panel opinions,https://pan.pl/en/posiedzenie-plenarne-komisji-do-spraw-etyki-w-nauce-w-dniu-17-czerwca-2024-roku,https://pan.pl/en/posiedzenie-plenarne-komisji-do-spraw-etyki-w-nauce-w-dniu-17-czerwca-2024-roku/,2026-07-30,redirected-accessible,200,1,text/html; charset=utf-8,18870,,,86674,fc0266863899959f9cbfd1f23ae75fe28572f329436bc63a348f7a697b95b512,complete received body,initial baseline,human review required,,true,,redirect requires equivalence review
LRS-8DDF1B65CE30DA,Codes of conduct and discipline,https://www.unipd.it/en/codes,https://www.unipd.it/en,2026-07-30,redirected-accessible,200,1,text/html; charset=utf-8,,,,1000000,47b8a277e5e325f3e44a8ff65128dda5c53c7de897b4c093d35f07e6f2fe3612,first 1000000 bytes,initial baseline,human review required,,true,,redirect requires equivalence review
LRS-8DF2E3A59ED5BB,New Personal Data Protection Law creates a current data boundary for research,https://www.azlp.ba/propisi/default.aspx?id=5&langTag=en-US,https://www.azlp.ba/propisi/default.aspx?id=5&langTag=en-US,2026-07-30,http-error,302,6,text/html; charset=utf-8,169,,,169,3a286680fb5742e99a0e45dd38547ec533c36145330eab98df41b083075586ec,complete received body,initial baseline,human review required,,true,,redirect requires equivalence review | HTTP 302
LRS-8E02C7488FBD2B,DGAV project authorisation process,https://www.dgav.pt/animais/conteudo/animais-para-fins-cientificos/bem-estar-animal/bem-estar-introducao/processo-de-autorizacao-de-projetos,https://www.dgav.pt/animais/conteudo/animais-para-fins-cientificos/bem-estar-animal/bem-estar-introducao/processo-de-autorizacao-de-projetos/,2026-07-30,redirected-accessible,200,1,text/html; charset=UTF-8,24197,,,103872,214fe1244072a571a3552ebc384403f3ae211adcec2422713987d0f8395e92fe,complete received body,initial baseline,human review required,,true,,redirect requires equivalence review
LRS-8E1E9A9AE9FD1A,Research integrity adviser system launched,https://tenk.fi/en/research-integrity/research-integrity-advisers,https://tenk.fi/en/research-integrity/research-integrity-advisers,2026-07-30,accessible,200,0,text/html; charset=UTF-8,,"""1785440105""","Thu, 30 Jul 2026 19:35:05 GMT",24386,d21aafe6e80838df1021bfb2199711b3bc7e7961e70651250e2cc60193b28819,complete received body,initial baseline,not assessed,,true,,
LRS-8E44A4FCB32E8D,Oxford procedure for addressing potential breaches of research integrity,https://www.ox.ac.uk/research/support/governance-and-committees/research-policies/procedure-for-addressing-potential,https://www.ox.ac.uk/research/support/governance-and-committees/research-policies/procedure-for-addressing-potential,2026-07-30,http-error,403,0,text/html; charset=UTF-8,,,,5987,3d5b9481eef0702b7079f5cbd49f8eb33cb44b4f155edad5036f1eb8cd29a58a,complete received body,initial baseline,not assessed,,true,,HTTP 403
LRS-8E4B78DCB1A203,Council of Ministers adopts the Ethical Code of Research with and about Children,https://platforma.gov.ba/en/protection-participation-trust-what-does-the-revised-ethical-code-of-research-with-and-about-children-in-bosnia-and-herzegovina-bring-interview-with-professor-elmedin-muratbegovic-phd,https://platforma.gov.ba/en/protection-participation-trust-what-does-the-revised-ethical-code-of-research-with-and-about-children-in-bosnia-and-herzegovina-bring-interview-with-professor-elmedin-muratbegovic-phd/,2026-07-30,redirected-accessible,200,1,text/html; charset=UTF-8,,,,133062,5d35b69e731f5fe2b60fca3fc53334d91fb74daa04e270e8d83f456061a31c66,complete received body,initial baseline,human review required,,true,,redirect requires equivalence review
LRS-8E4DB258B6F713,Central Academic Ethics Commission regulations,https://tvs.vu.lt/uploads/Central_ethics_commission_regulations_VU_0aac7cbead.pdf,https://tvs.vu.lt/uploads/Central_ethics_commission_regulations_VU_0aac7cbead.pdf,2026-07-30,network-error,,0,,,,,0,,none,initial unavailable baseline,not assessed,,true,fetch failed,network access failed
LRS-8E50B1309FBA77,University of Milan Code of Ethics,https://www.unimi.it/it/ateneo/normative/codice-etico,https://www.unimi.it/it/ateneo/normative/codice-etico,2026-07-30,http-error,403,0,text/html; charset=UTF-8,,,,5806,d33eb120f150bb9dcec4a65a33a9f0d36963fbe5df7716660f0192f9205ed15d,complete received body,initial baseline,not assessed,,true,,HTTP 403
LRS-8E7B13ADAB5EF3,National Knowledge Security Guidelines,https://english.loketkennisveiligheid.nl/documents/2022/04/07/national-knowledge-security-guidelines,https://english.loketkennisveiligheid.nl/documents/2022/04/07/national-knowledge-security-guidelines,2026-07-30,accessible,200,0,text/html; charset=utf-8,41840,,,192804,eaba69f841821c460b111c8ffaef91b263c41e44889682e413f498300c8927a4,complete received body,initial baseline,not assessed,,true,,
LRS-8E7CCF623F4390,Disciplinary communication,https://www.uw.edu.pl/komunikat-dotyczacy-orzeczenia-komisji-dyscyplinarnej,https://www.uw.edu.pl/komunikat-dotyczacy-orzeczenia-komisji-dyscyplinarnej/,2026-07-30,redirected-accessible,200,1,text/html; charset=UTF-8,,,,86277,c91312516f77b27550678f9c3f413ce92625cb19986011042d40ea5cf660fbf8,complete received body,initial baseline,human review required,,true,,redirect requires equivalence review
LRS-8EA8E83FA9743A,UNL TU Delft case publication 2022,https://www.universiteitenvannederland.nl/files/publications/2022%20TUD%20Onzorgvuldig%20en%20verwijtbaar%20onzorgvuldig%20handelen%20wat%20betreft%20de%20selectie%20van%20data%20maar%20geen%20schending%20van%20de%20wetenschappelijke%20integriteit%20-%20ongegrond.pdf,https://www.universiteitenvannederland.nl/files/publications/2022%20TUD%20Onzorgvuldig%20en%20verwijtbaar%20onzorgvuldig%20handelen%20wat%20betreft%20de%20selectie%20van%20data%20maar%20geen%20schending%20van%20de%20wetenschappelijke%20integriteit%20-%20ongegrond.pdf,2026-07-30,accessible,200,0,application/pdf,237835,"""652e36df-3a10b""","Tue, 17 Oct 2023 07:25:19 GMT",237835,2dd4c666b28a5f1570cdc734306c416757b664b435b9a3d93d11cde08c153223,complete received body,initial baseline,not assessed,,true,,
LRS-8EAD86EEF910B1,Legal regulations governing clinical trials,https://sukl.gov.cz/en/en-narizeni-evropskeho-parlamentu-a-rady-eu-c-536-2014/legal-regulations-govering-clinical-trials,https://sukl.gov.cz/en/en-narizeni-evropskeho-parlamentu-a-rady-eu-c-536-2014/legal-regulations-govering-clinical-trials/,2026-07-30,redirected-accessible,200,1,text/html; charset=UTF-8,19891,,,108234,a3627246342bc92f80dcb1ec6a6ab9527cf4f25f38f387bf5b1eacbf5d22138a,complete received body,initial baseline,human review required,,true,,redirect requires equivalence review
LRS-8EF2CD6C0A1003,HSE University,https://www.hse.ru/org/hse/irb,https://www.hse.ru/org/hse/irb,2026-07-30,network-error,,0,,,,,0,,none,initial unavailable baseline,not assessed,,true,fetch failed,network access failed
LRS-8EFF9F653929B8,Second advice,https://www.vcwi.be/nl/tweede-advies,https://www.vcwi.be/nl/tweede-advies,2026-07-30,accessible,200,0,text/html; charset=utf-8,,,,17194,ac24ae6d91f9036a1a1bd78940e3c89224c6a243cbca3b1c0d1b709cae5a723e,complete received body,initial baseline,not assessed,,true,,
LRS-8F0519C028FDD9,Collaboration framework and open-research action plan,https://hea.ie/2023/03/31/national-action-plan-for-open-research-2022-2030,https://hea.ie/2023/03/31/national-action-plan-for-open-research-2022-2030/,2026-07-30,redirected-accessible,200,1,text/html; charset=UTF-8,37273,,,164525,fa424bdadbe19d0b364b6927af44a7a597d700e9caaf0f98a6fed143e3b054c4,complete received body,initial baseline,human review required,,true,,redirect requires equivalence review
LRS-8F349060DFCF51,ETT statements and information page,https://ett.okfo.gov.hu/allestaj,https://ett.okfo.gov.hu/allestaj/,2026-07-30,redirected-accessible,200,1,text/html; charset=UTF-8,13732,,,60076,1f83bc09ce391f23f6a5fd9e761eeeb21d1fddfa27b92f8e02b0117edee7db38,complete received body,initial baseline,human review required,,true,,redirect requires equivalence review
LRS-8F567F9A73CE0D,Heidelberg ombudsmen for academic practice,https://www.uni-heidelberg.de/en/university/about-the-university/good-academic-practice/ombudsmen,https://www.uni-heidelberg.de/en/university/about-the-university/good-academic-practice/ombudsmen,2026-07-30,accessible,200,0,text/html; charset=utf-8,16916,,,124523,d6c639bba235e7515701d58d5f3ffc823ab5479fe96bcb39c1ea77aac72a1dde,complete received body,initial baseline,not assessed,,true,,
LRS-8F9A955DE18959,LBTU plagiarism-check rector regulation,https://www.lbtu.lv/sites/default/files/2024-04/RRikojums_SND_individ_parbaude_plagiats_2022_EN.pdf,https://www.lbtu.lv/sites/default/files/2024-04/RRikojums_SND_individ_parbaude_plagiats_2022_EN.pdf,2026-07-30,accessible,200,0,application/pdf,291969,"""47481-6170041e170bb""","Fri, 26 Apr 2024 13:55:32 GMT",291969,d77c4433838a1b6e486ce80382373fdc412ed6ae523b2a3e888380ff7746e2d5,complete received body,initial baseline,not assessed,,true,,
LRS-8F9C89C87AA3A2,Nacionalen Sovet za Vojnodstvenici,https://www.nacionalensovetzavoinid.com.mk/,https://www.nacionalensovetzavoinid.com.mk/,2026-07-30,accessible,200,0,text/html; charset=utf-8,,,"Thu, 30 Jul 2026 19:07:20 GMT",12891,944e4d03a5354ccea0852762023833c2b8d4a3332e29ab821a1420c6cac451a0,complete received body,initial baseline,not assessed,,true,,
LRS-8FA73EB3FDF5E7,AZLP,https://azlp.ba/propisi?id=4546,https://azlp.ba/propisi/default.aspx?id=4546&langTag=bs-BA,2026-07-30,redirected-accessible,200,3,application/pdf,490043,,,490043,e8e114dd7680748776c81c22e9e491b4d9e7badd03ca23e34e57dd2b10e8f24e,complete received body,initial baseline,human review required,,true,,redirect requires equivalence review
LRS-8FA9F9C0BB6DB7,Code of Conduct,https://www.uef.fi/en/code-of-conduct,https://www.uef.fi/en/code-of-conduct,2026-07-30,accessible,200,0,text/html; charset=UTF-8,,,"Thu, 30 Jul 2026 19:07:20 GMT",110928,789d09d01b942b24f4389e18da32c06519560cb591d9dcd7ab9dd3b5b08841fc,complete received body,initial baseline,not assessed,,true,,
LRS-8FB0944928A3A1,Statute on Safeguarding Fair Conduct,https://backend.uni-heidelberg.de/en/documents/statute-on-safeguarding-fair-conduct/download,https://backend.uni-heidelberg.de/en/documents/statute-on-safeguarding-fair-conduct/download,2026-07-30,accessible,200,0,application/pdf,1196723,,"Fri, 22 May 2026 13:40:48 GMT",1000000,a09124c1ac68382d5e298d363a5ba6c36ad8035d97acaf73c48d5337323bdad3,first 1000000 bytes,initial baseline,not assessed,,true,,
LRS-900D470631257C,DCU Code of Good Research Practice,https://www.dcu.ie/policies/code-good-research-practice,https://www.dcu.ie/policies/code-good-research-practice,2026-07-30,accessible,200,0,text/html; charset=UTF-8,35472,"""1785438441-gzip""","Thu, 30 Jul 2026 19:07:21 GMT",157179,cb477e5041df38134fdfaffe0365df8af417d95cae95c6e854dbb3451042080d,complete received body,initial baseline,not assessed,,true,,
LRS-9015B6DB5A0AA6,Croatian Plan for Open Science,https://mzom.gov.hr/UserDocsImages/dokumenti/Znanost/Otvorena-znanost/Hrvatski-plan-za-otvorenu-znanost-svibanj-2025-MZOM.pdf,https://mzom.gov.hr/UserDocsImages/dokumenti/Znanost/Otvorena-znanost/Hrvatski-plan-za-otvorenu-znanost-svibanj-2025-MZOM.pdf,2026-07-30,accessible,200,0,application/pdf,2532590,"""1e6f1377f2d6db1:0""","Fri, 06 Jun 2025 14:51:20 GMT",1000000,cf662a94d3cef014b4f57480608b2c208e629d4cf55e3e5eb890e356adc36176,first 1000000 bytes,initial baseline,not assessed,,true,,
LRS-904E95823DC90E,LOWI Annual Report 2022,https://lowi.nl/wp-content/uploads/2023/07/Annual-Report-LOWI-2022.pdf,https://lowi.nl/wp-content/uploads/2023/07/Annual-Report-LOWI-2022.pdf,2026-07-30,accessible,200,0,application/pdf,408294,"""63ae6-6004b1696042b""","Wed, 12 Jul 2023 14:32:41 GMT",408294,abe8ada93adc754cf0a0ea52a7d58ecd1f9f75b3a875e4f84523405e8dae5c7a,complete received body,initial baseline,not assessed,,true,,
LRS-9060E9E097D2BA,Research-organization performance evaluation page,https://www.research.gov.ro/sistemul-de-cercetare/evaluarea-performantei-organizatiilor-de-cercetare,https://www.research.gov.ro/sistemul-de-cercetare/evaluarea-performantei-organizatiilor-de-cercetare,2026-07-30,network-error,,0,,,,,0,,none,initial unavailable baseline,not assessed,,true,fetch failed,network access failed
LRS-906AFC7FA8C7C5,CEMU documente elaborate page,https://www.cemu.ro/index.php/documente-elaborate,https://www.cemu.ro/index.php/documente-elaborate/,2026-07-30,redirected-accessible,200,1,text/html; charset=UTF-8,,,,488660,5a8ab7602dde15eea1807c884dc800f249ff7a3b664e8d681129604ced963bde,complete received body,initial baseline,human review required,,true,,redirect requires equivalence review
LRS-906C24AE02866B,Ofis RIS directory entry for University of Strasbourg,https://www.ofis-france.fr/ris/universite-de-strasbourg,https://www.ofis-france.fr/ris/universite-de-strasbourg/,2026-07-30,redirected-accessible,200,1,text/html; charset=UTF-8,,,,112767,fa1101ce0a0f55e1214c8c3c7150624b6c38fc0cdf9a8c78470c66ac78d9831b,complete received body,initial baseline,human review required,,true,,redirect requires equivalence review
LRS-908BDCE6E1C783,Ministerial disciplinary ombuds,https://www.gov.pl/web/nauka/rzecznicy-dyscyplinarni-ministra,https://www.gov.pl/web/nauka/rzecznicy-dyscyplinarni-ministra,2026-07-30,accessible,200,0,text/html;charset=UTF-8,,"W/""0f0bde56bedbe9726f1fee5bbda5b9820""",,30587,f0bde56bedbe9726f1fee5bbda5b98208b4be05f77378e7852a4a6fc34457a28,complete received body,initial baseline,not assessed,,true,,
LRS-908DDF11D835A3,Creation of the Committee,https://www.health.belgium.be/en/creation-du-comite,https://www.health.belgium.be/en/search?find=creation%20du%20comite,2026-07-30,redirected-accessible,200,2,text/html; charset=UTF-8,,"""1785438443""","Thu, 30 Jul 2026 19:07:23 GMT",84190,12f95c3228ceba30218ae6619cd854f18aa9b9024d839706dd1d1934e1b13f14,complete received body,initial baseline,human review required,,true,,redirect requires equivalence review
LRS-90A486D7E1D325,Statute of NKVIE,https://vaia.gov.sk/wp-content/uploads/2025/05/statut-NKVIE.pdf,https://vaia.gov.sk/wp-content/uploads/2025/05/statut-NKVIE.pdf,2026-07-30,accessible,200,0,application/pdf,,"""17ff1-63631050020a3""","Wed, 28 May 2025 12:07:05 GMT",98289,9b358273d51c0cf1dbd38ced60345ba0a79dfb19e28291304c57f2128ef036c6,complete received body,initial baseline,not assessed,,true,,
LRS-90AFECCAE54C7D,Ethics Committee and Academic Integrity at TUZVO,https://www.tuzvo.sk/en/node/5686,https://www.tuzvo.sk/en/node/5686,2026-07-30,accessible,200,0,text/html; charset=utf-8,,"""1785438409-1""","Thu, 30 Jul 2026 19:06:49 GMT",82668,6298970cf3290847bda916661ba5379e5b8873f2e3680abe18658f611312626a,complete received body,initial baseline,not assessed,,true,,
LRS-90C9540993753D,American University of Armenia Research Ethics and IRB policy,https://policies.aua.am/policy/107,https://policies.aua.am/policy/107,2026-07-30,accessible,200,0,text/html; charset=utf-8,,,,17469,b7ddc02114994dcb6e0a7a4a3252221fe63e968229243a48802b63001808effe,complete received body,initial baseline,not assessed,,true,,
LRS-90EC730743E50D,Standard for Research Integrity at UiO,https://www.uio.no/english/for-employees/support/research/research-ethics/standard-for-research-integrity/standard-for-research-integrity-at-uio_en_02-11-21.pdf,https://www.uio.no/english/for-employees/support/research/research-ethics/standard-for-research-integrity/standard-for-research-integrity-at-uio_en_02-11-21.pdf,2026-07-30,accessible,200,0,application/pdf; charset=utf-8,672805,,,672805,0240f2d4b03e9cd090ab3621e6fbdac01923e5d8540a89ce55d716f82c59a979,complete received body,initial baseline,not assessed,,true,,
LRS-90F469D0D5FAB1,About office,https://etikostarnyba.lt/en/about-office,https://etikostarnyba.lt/en/about-office/,2026-07-30,redirected-accessible,200,1,text/html; charset=UTF-8,,,"Thu, 30 Jul 2026 19:07:26 GMT",170698,531f369aa2f2653e98986c11f621eaba2e03e7e2bb680cff9dc1a2096dba3eb6,complete received body,initial baseline,human review required,,true,,redirect requires equivalence review
LRS-9108960269377A,CNRIPH portal,https://cnriph.sante.gouv.fr/,https://cnriph.sante.gouv.fr/,2026-07-30,accessible,200,0,text/html; charset=UTF-8,,,"Mon, 03 May 2021 08:35:19 GMT",24766,62a6486a14dd47ab603dee8f63533927b3475c9f08bf5b2c9713a552114f5b94,complete received body,initial baseline,not assessed,,true,,
LRS-916084644BC678,University of Vienna ombuds directive,https://mtbl.univie.ac.at/storage/media/mtbl02/2005_2006/2005_2006_112.pdf,https://mtbl.univie.ac.at/storage/media/mtbl02/2005_2006/2005_2006_112.pdf,2026-07-30,accessible,200,0,application/pdf,59269,"""e785-55e6c4b66d185""","Mon, 20 Nov 2017 16:08:18 GMT",59269,d7c37f0feb15711c98b20b3319cd906f480874be6b414f578c2e75d3c50cfe99,complete received body,initial baseline,not assessed,,true,,
LRS-917EAADAA2EB93,TÜSEB,https://www.tuseb.gov.tr/kurumsal/mevzuat/yonetmelikler,https://www.tuseb.gov.tr/kurumsal/mevzuat/yonetmelikler,2026-07-30,accessible,200,0,text/html; charset=UTF-8,144692,,,144692,bbfc01feb702bd36c4ced8b89a491f62f65ec1b1c652cb73afb1e558dfc767d2,complete received body,initial baseline,not assessed,,true,,
LRS-91BD89A9DE3592,UT scientific integrity,https://www.utwente.nl/en/service-portal/research-support/procedures-facilities/scientific-integrity,https://www.utwente.nl/en/service-portal/research-support/procedures-facilities/scientific-integrity,2026-07-30,accessible,200,0,text/html; charset=UTF-8,,,,94661,c8af0c436a287bc628a3208be2f7962f0cf63117cae8d5246adb23ee740e7d60,complete received body,initial baseline,not assessed,,true,,
LRS-91C1F5385CC64C,University animal-research Luxembourgish law page,https://www.uni.lu/lcsb-en/research/animal-research/luxembourgish-law,https://www.uni.lu/lcsb-en/research/animal-research/luxembourgish-law,2026-07-30,accessible,202,0,text/html; charset=UTF-8,2087,,,2087,bc7d90a980609eef37d3dcbaadbe64ff769fb3826e27eaaf9f52e7772845c342,complete received body,initial baseline,not assessed,,true,,
LRS-91E7AB904CCCCD,University of Mitrovica institutional accreditation report,https://akreditimi.rks-gov.net/wp-content/uploads/2023/06/FR-Uni-Mitrovica-Institutional.pdf,https://akreditimi.rks-gov.net/wp-content/uploads/2023/06/FR-Uni-Mitrovica-Institutional.pdf,2026-07-30,accessible,200,0,application/pdf,873130,"""d52aa-5fd9b70c0e040""","Thu, 08 Jun 2023 10:08:57 GMT",873130,839ed4c0f8a1bf7c4bb75e8632c048fc30f823f23f24ae0faeb5c1e24224b4a9,complete received body,initial baseline,not assessed,,true,,
LRS-91ED2DE5EE679E,Good research practice,https://www.staff.lu.se/node/5195,https://www.staff.lu.se/node/5195,2026-07-30,accessible,200,0,text/html; charset=UTF-8,17587,,"Thu, 30 Jul 2026 19:07:26 GMT",74773,8d6ad814049cb687a93d142e93d5273a765d3fbf227129b15d8d8a12ce0efc7d,complete received body,initial baseline,not assessed,,true,,
LRS-9207B48E165425,CNER opinion request procedure,https://cner.gouvernement.lu/en/procedures/demande-avis-etude-amendement.html,https://cner.gouvernement.lu/en/procedures/demande-avis-etude-amendement.html,2026-07-30,accessible,200,0,text/html; charset=utf-8,84877,,,84877,14a00d6c5256239ce49af79f250559d94835b02f9bf906ad186f71cd72d1a0ee,complete received body,initial baseline,not assessed,,true,,
LRS-922061BDD2636D,Department of Science and Innovation,https://edu.gov.by/en-uk/nauka-i-innovatsii/upravlenie-nauki-i-innovatsionnoy-deyatelnosti,https://edu.gov.by/en-uk/nauka-i-innovatsii/upravlenie-nauki-i-innovatsionnoy-deyatelnosti/zadachi-i-funktsii-upravleniya-nauki-i-innovatsionnoy-deyatelnosti/,2026-07-30,redirected-accessible,200,2,text/html; charset=UTF-8,,,,47346,720b74df4006f1fd017b68156b045da741903cd3b565db1b5a391f1c97e656f3,complete received body,initial baseline,human review required,,true,,redirect requires equivalence review
LRS-92276ACCF4FE14,HRZZ documents page,https://hrzz.hr/en/the-foundation/documents,https://hrzz.hr/en/the-foundation/documents/,2026-07-30,redirected-accessible,200,1,text/html; charset=UTF-8,40289,,,208128,bd2a3839414a9fc393fa3b93a3c5225daf813492e68f40d5adf1097287230858,complete received body,initial baseline,human review required,,true,,redirect requires equivalence review
LRS-9260252352C80D,University of Freiburg regulation on safeguarding academic integrity,https://uni-freiburg.de/wp-content/uploads/Uni-Freiburg-Ordnung-Redlichkeit-in-der-Wissenschaft-en.pdf,https://uni-freiburg.de/wp-content/uploads/Uni-Freiburg-Ordnung-Redlichkeit-in-der-Wissenschaft-en.pdf,2026-07-30,accessible,200,0,application/pdf,436289,"""6a841-61f7725e8a54a""","Mon, 12 Aug 2024 07:07:37 GMT",436289,2edf773963ed955e34f89766d45ab4727d26b0f154048902ba7d0c4ece2ef13f,complete received body,initial baseline,not assessed,,true,,
LRS-926D6B5BC2B9A7,University of Cologne WiSo ethics committee,https://wiso.uni-koeln.de/en/faculty/ethics-and-responsibility/ethics-committee,https://wiso.uni-koeln.de/en/faculty/ethics-and-responsibility/ethics-committee,2026-07-30,accessible,200,0,text/html; charset=utf-8,47659,,,286869,7ef6a1e93b8d0c74790919d5d47d37486eedd80e7c5a4a69fb6609821987cbe8,complete received body,initial baseline,not assessed,,true,,
LRS-92A62BFF0F79A8,CEIC indicators page,https://www.ceic.pt/web/ceic/indicadores-ceic,https://www.ceic.pt/web/ceic/indicadores-ceic,2026-07-30,accessible,200,0,text/html;charset=UTF-8,,,,56942,2e5b4e65a404d085eea60b089f90bae64d93245eaa81de9ed0934d0d75d65888,complete received body,initial baseline,not assessed,,true,,
LRS-92B0E1C765BD6E,About the Authority,https://www.naih.hu/about-the-authority,https://www.naih.hu/about-the-authority,2026-07-30,accessible,200,0,text/html; charset=utf-8,,,"Thu, 30 Jul 2026 19:07:28 GMT",54785,b690ba202b479ca3039a99277b28741153fa8b970649780ded30e66baf6e8bbb,complete received body,initial baseline,not assessed,,true,,
LRS-92BE8A59547CCA,UMinho life and health sciences ethics subcommittee,https://www.uminho.pt/PT/uminho/Etica/Comissoes/SubcomissaoEticaCienciasVidaSaude/Paginas/default.aspx,https://www.uminho.pt/PT/uminho/Etica/Comissoes/SubcomissaoEticaCienciasVidaSaude/Paginas/default.aspx,2026-07-30,network-error,,0,,,,,0,,none,initial unavailable baseline,not assessed,,true,fetch failed,network access failed
LRS-92D113B33CE702,Medical University Plovdiv Academic Ethics Commission,https://mu-plovdiv.bg/komisiya-po-etika,https://mu-plovdiv.bg/komisiya-po-etika/,2026-07-30,redirected-accessible,200,1,text/html; charset=UTF-8,,,,121718,e31ede8ad5210629c419715dd07f2b2f2fe9edfabe6aa29a590f7489e547a707,complete received body,initial baseline,human review required,,true,,redirect requires equivalence review
LRS-92D9BC596E9F18,Institutional accreditation,https://haka.ee/en/institutional-accreditation,https://haka.ee/en/institutional-accreditation/,2026-07-30,redirected-accessible,200,1,text/html; charset=UTF-8,23235,,,149101,a009d1e8dc6146ae58b037ec6a6ea697e999ddf8c34ffce4335f859b2d864482,complete received body,initial baseline,human review required,,true,,redirect requires equivalence review
LRS-931EFAC152DAD2,Cabinet of Ministers approves the Proclamation on the National Repository of Academic Texts,https://nrat.ukrintei.ua/en/umovy-vykorystannya,https://nrat.ukrintei.ua/en/umovy-vykorystannya/,2026-07-30,redirected-accessible,200,1,text/html; charset=UTF-8,,,,162132,9f6b207c853d492240da427d9e15dda8a1c18ca55fd8f812eb4229dc7f3a0a18,complete received body,initial baseline,human review required,,true,,redirect requires equivalence review
LRS-93591117536937,FSVO researchers animal experimentation page,https://www.blv.admin.ch/blv/en/home/tiere/tierversuche/forschende.html,https://www.blv.admin.ch/en/conducting-animal-experiments,2026-07-30,redirected-accessible,200,1,text/html;charset=utf-8,,,,388173,3aa3b9ae7de041dfa6813dd55ef1021912f7e0a3528614c5f46d24ec31ecd9af,complete received body,initial baseline,human review required,,true,,redirect requires equivalence review
LRS-935E5AEEC8861C,Sciences Po integrity page,https://www.sciencespo.fr/recherche/fr/presentation/integrite-scientifique,https://www.sciencespo.fr/recherche/fr/presentation/integrite-scientifique/,2026-07-30,redirected-accessible,200,2,text/html,,"W/""6a6b24ed-5f2d8""","Thu, 30 Jul 2026 10:18:21 GMT",389848,a95a2eddd747360ae52a60a9c354a20d25452a29e7c46d8437954d792284f369,complete received body,initial baseline,human review required,,true,,redirect requires equivalence review
LRS-936118807649C5,UKIM Archive,https://archive.ukim.edu.mk/dokumenti_m/SSDS/Vodich-za-studenti-en.pdf,https://archive.ukim.edu.mk/dokumenti_m/SSDS/Vodich-za-studenti-en.pdf,2026-07-30,accessible,200,0,application/pdf,770914,"""bc362-5ec1272320340""","Fri, 28 Oct 2022 06:34:13 GMT",770914,04237510ca00129a01f059ef89a79607eaa711529a0d34c72964860a192b13f1,complete received body,initial baseline,not assessed,,true,,
LRS-9376F349ACFAE1,Provincial scientific research activity,http://apv-visokoobrazovanje.vojvodina.gov.rs/en/scientific-research-activity/science?script=lat,http://apv-visokoobrazovanje.vojvodina.gov.rs/en/scientific-research-activity/science?script=lat,2026-07-30,network-error,,0,,,,,0,,none,initial unavailable baseline,not assessed,,true,fetch failed,network access failed
LRS-9389786BFCD864,KAA Integrity Plan 2025-2027,https://akreditimi.rks-gov.net/kosovo-accreditation-agency-approves-integrity-plan,https://akreditimi.rks-gov.net/kosovo-accreditation-agency-approves-integrity-plan/,2026-07-30,redirected-accessible,200,1,text/html; charset=UTF-8,16367,,,101094,585a9faeb4dc73198023da70118de6f6307bbb1d5498acebae9d50465d965a3c,complete received body,initial baseline,human review required,,true,,redirect requires equivalence review
LRS-939E0B31E171FB,KAA monitoring consultation news,https://akreditimi.rks-gov.net/public-discussion-on-the-regulation-on-monitoring-and-post-accreditation-procedures-of-the-kosovo-accreditation-agency,https://akreditimi.rks-gov.net/public-discussion-on-the-regulation-on-monitoring-and-post-accreditation-procedures-of-the-kosovo-accreditation-agency/,2026-07-30,redirected-accessible,200,1,text/html; charset=UTF-8,15858,,,100263,a2217ac20a3c9550c3c369c8152e7806ca9f9811b877804dbfdd152842881e09,complete received body,initial baseline,human review required,,true,,redirect requires equivalence review
LRS-93BB43FDAAD68B,Sakarya University of Health Sciences,https://sbu.edu.tr/arastirma/etik-kurullar/gulhane-klinik-arastirmalar-etik-kurulu,https://sbu.edu.tr/arastirma/etik-kurullar/gulhane-klinik-arastirmalar-etik-kurulu/,2026-07-30,redirected-accessible,200,1,text/html; charset=utf-8,88877,"""100vw21e29i8n8j""",,408200,07ea273214a6e19682089988516519f756d25cf82e52fbf54979b1a7f822d1f4,complete received body,initial baseline,human review required,,true,,redirect requires equivalence review
LRS-93D2B43596A9EF,Sorbonne health-faculty signalement procedure,https://sante.sorbonne-universite.fr/faculte-de-sante/integrite-scientifique/traitement-des-signalements-relatifs-lintegrite,https://sante.sorbonne-universite.fr/faculte-de-sante/integrite-scientifique/traitement-des-signalements-relatifs-lintegrite,2026-07-30,accessible,200,0,text/html; charset=UTF-8,24144,"""1785438450""","Thu, 30 Jul 2026 19:07:30 GMT",196935,5a70bb8ad244582f840d67089c95d6bfdef94008c10191890c559f88b330984f,complete received body,initial baseline,not assessed,,true,,
LRS-93E9BC10390DED,RAS anti-falsification commission page,https://new.ras.ru/structures/komitety-sovety-i-komissii/nauchnye-komissii/komissiya-ran-po-protivodeystviyu-falsifikatsii-nauchnykh-issledovaniy,https://new.ras.ru/structures/komitety-sovety-i-komissii/nauchnye-komissii/komissiya-ran-po-protivodeystviyu-falsifikatsii-nauchnykh-issledovaniy,2026-07-30,network-error,,0,,,,,0,,none,initial unavailable baseline,not assessed,,true,fetch failed,network access failed
LRS-93FCC24E4F2A2F,"Example depersonalized decision, 12 June 2025 No. SP-4",https://etikostarnyba.lt/wp-content/uploads/2026/02/2025-06-12-SP-4_-Nuasmenintas-sprendimas.pdf,https://etikostarnyba.lt/wp-content/uploads/2026/02/2025-06-12-SP-4_-Nuasmenintas-sprendimas.pdf,2026-07-30,accessible,200,0,application/pdf,306008,,"Thu, 19 Feb 2026 07:31:57 GMT",306008,65243df0ec86856595e3888aac24ad698bc28602d1e8ae57acbd1b29fd636b99,complete received body,initial baseline,not assessed,,true,,
LRS-940D12FABFFC65,Tuba,https://www.tuba.gov.tr/tr/haberler/akademiden-haberler/arastirma-etigi-ve-durustluk-konseyi-toplantisi-berlinde-yapildi,https://www.tuba.gov.tr/tr/haberler/akademiden-haberler/arastirma-etigi-ve-durustluk-konseyi-toplantisi-berlinde-yapildi,2026-07-30,network-error,,0,,,,,0,,none,initial unavailable baseline,not assessed,,true,fetch failed,network access failed
LRS-9415748B1B601E,Island,https://island.is/en/o/the-data-protection-authority,https://island.is/en/o/the-data-protection-authority,2026-07-30,accessible,200,0,text/html; charset=utf-8,,"""rr1yluc2bn2lso""",,121814,6deed5c586f924bfd95c13a3d5b98bb9af8a856a239d2e96147448f195235e56,complete received body,initial baseline,not assessed,,true,,
LRS-941FFBAF81060F,UCP Health Ethics Committee,https://ics.lisboa.ucp.pt/pt-pt/comissao-de-etica-para-saude-da-ucp,https://fcse.lisboa.ucp.pt/pt-pt/comissao-de-etica-para-saude-da-ucp,2026-07-30,http-error,404,1,text/html; charset=utf-8,,"""1785438452-1""","Thu, 30 Jul 2026 19:07:32 GMT",93013,2983773c08f9396608fba4c1e8a967424990da27c53d643f863d973b5f5de725,complete received body,initial baseline,human review required,,true,,redirect requires equivalence review | HTTP 404
LRS-944594E5416A45,National statistics on formal investigations 2020,https://www.iua.ie/wp-content/uploads/2021/10/National-Stats-on-Formal-Investigations-of-Research-Misconduct-2020.pdf,https://www.iua.ie/wp-content/uploads/2021/10/National-Stats-on-Formal-Investigations-of-Research-Misconduct-2020.pdf,2026-07-30,accessible,200,0,application/pdf,808967,"""615eeab2-c5807""","Thu, 07 Oct 2021 12:40:18 GMT",808967,44f4f6761917e9305e8fd2f5b131ec8f04f0dfbf3f0ac3674f5bc752a8151efb,complete received body,initial baseline,not assessed,,true,,
LRS-94488FC3C2926C,Minobrnauki,https://minobrnauki.gov.ru/,https://minobrnauki.gov.ru/,2026-07-30,network-error,,0,,,,,0,,none,initial unavailable baseline,not assessed,,true,fetch failed,network access failed
LRS-9458FF54BAFF22,Belarusian Republican Foundation for Fundamental Research is created,https://fond.bas-net.by/eng/gen_inf.html,https://fond.bas-net.by/eng/gen_inf.html,2026-07-30,accessible,200,0,text/html,,,,13711,4a761a7ac5df6dc9847bd5c9a590d24d15cfc5628fe75bb83ee2be4c6ea7008a,complete received body,initial baseline,not assessed,,true,,
LRS-9466886536F6D9,Monaco Industrial Property Office home,https://mcipo.gouv.mc/en/home,https://mcipo.gouv.mc/en/home,2026-07-30,accessible,200,0,text/html; charset=UTF-8,,,,175249,536376cd3831936d75d4a18b47d457ce7961e286bf32ac4090f0a26446183bc1,complete received body,initial baseline,not assessed,,true,,
LRS-9468591CF928DA,Estonian Code of Conduct for Research Integrity,https://etag.ee/wp-content/uploads/2025/06/HEA-TEADUSTAVA_eng_2023.pdf,https://etag.ee/wp-content/uploads/2025/06/HEA-TEADUSTAVA_eng_2023.pdf,2026-07-30,accessible,200,0,application/pdf,5402401,,"Thu, 12 Jun 2025 07:43:33 GMT",1000000,25b817801100d9bf99c1bc1f16e902409e5e1d9524e75f038f9921d458c6e3b4,first 1000000 bytes,initial baseline,not assessed,,true,,
LRS-94793A007F931D,Research integrity (RI),https://www.helsinki.fi/en/research/research-integrity/research-ethics/responsible-conduct-research,https://www.helsinki.fi/en/research/research-integrity/research-ethics/responsible-conduct-research,2026-07-30,accessible,200,0,text/html; charset=UTF-8,,"W/""1785438452""","Thu, 30 Jul 2026 19:07:32 GMT",299034,c1b1e7c067e216e8d9253dfd88ba8baebfe5bc4efd29136b7e90e3327d8fd8a2,complete received body,initial baseline,not assessed,,true,,
LRS-94A26AE35F6959,AQ Austria about page,https://www.aq.ac.at/de/ueber-uns,https://www.aq.ac.at/de/ueber-uns/,2026-07-30,redirected-accessible,200,1,text/html; charset=UTF-8,282798,,,282798,54f27ed987ba33cb93ccc46ba3ee1952b06b87ac7b5a23fce7a4fdef0bffe16d,complete received body,initial baseline,human review required,,true,,redirect requires equivalence review
LRS-94AA78A9511E1E,NGWI 2018 enters into force,https://www.nwo.nl/en/netherlands-code-conduct-research-integrity,https://www.nwo.nl/en/netherlands-code-of-conduct-for-research-integrity,2026-07-30,redirected-accessible,200,1,text/html; charset=UTF-8,,"""1785438453""","Thu, 30 Jul 2026 19:07:33 GMT",166766,308134ec2cfe334013555f2b0ff5172c2817005bc80ba26a1ca99b245c3f488b,complete received body,initial baseline,human review required,,true,,redirect requires equivalence review
LRS-94C46CECB9B101,DFF Call for Proposals 2025,https://dff.dk/media/4vcadvik/uk_call_for_proposals_independent_research_2025pdf.pdf,https://dff.dk/media/4vcadvik/uk_call_for_proposals_independent_research_2025pdf.pdf,2026-07-30,http-error,404,0,,,,,0,,complete received body,initial baseline,not assessed,,true,,HTTP 404
LRS-94CB31CADDB7EF,University of Rijeka Code of Ethics,https://uniri.hr/wp-content/uploads/2019/10/Eticki-kodeks-Sveucilista-u-Rijeci-srpanj-2018_.pdf,https://uniri.hr/wp-content/uploads/2019/10/Eticki-kodeks-Sveucilista-u-Rijeci-srpanj-2018_.pdf,2026-07-30,accessible,200,0,application/pdf,869051,"""d42bb-595f3eff5acc0""","Mon, 28 Oct 2019 08:03:39 GMT",869051,e20f90629a04762325ed291d111ded256957e0784ca10213b433c8492a918230,complete received body,initial baseline,not assessed,,true,,
LRS-94D408903AE956,RAS ethics council holds first meeting,https://new.ras.ru/press-center/v-ran-proshlo-pervoe-zasedanie-soveta-po-etike-nauchnykh-issledovaniy?sphrase_id=18814635,https://new.ras.ru/press-center/v-ran-proshlo-pervoe-zasedanie-soveta-po-etike-nauchnykh-issledovaniy?sphrase_id=18814635,2026-07-30,network-error,,0,,,,,0,,none,initial unavailable baseline,not assessed,,true,fetch failed,network access failed
LRS-94F960FFB7696A,UL 2 November 2020 project-implementation decision,https://www.lu.lv/par-mums/akademiskas-etikas-komisija/02112020-par-neetisku-ricibu-istenojot-projektu,https://www.lu.lv/par-mums/akademiskas-etikas-komisija/02112020-par-neetisku-ricibu-istenojot-projektu,2026-07-30,accessible,200,0,text/html; charset=utf-8,11374,"""5637406c0c7baf0eaa77934a9a20cf6c-gzip""",,63665,dee880d6b3ccca5a8e44c41528da2b2501c428c0710543a247bfdb765c868418,complete received body,initial baseline,not assessed,,true,,
LRS-9519ABC2703426,CNBC operational codes and forms,https://www.bioethics.gov.cy/moh/cnbc/cnbc.nsf/dmlform_en/dmlform_en?OpenDocument=&print=,https://www.gov.cy/bioethics/,2026-07-30,http-error,403,1,text/html,,,,7911,156105dff73ba6a8adb36fc65fc35a2cb060693ef1527890bda23ecb7a2d7b51,complete received body,initial baseline,human review required,,true,,redirect requires equivalence review | HTTP 403
LRS-951DB88A3A16A4,Law 183/2024,https://legislatie.just.ro/Public/DetaliiDocument/283972,https://legislatie.just.ro/Public/DetaliiDocument/283972,2026-07-30,network-error,,0,,,,,0,,none,initial unavailable baseline,not assessed,,true,fetch failed,network access failed
LRS-9568BBC276C576,UNIBL HRS4R action plan,https://unibl.org/uni/sajt/doc/File/uni/Action%20plan%20University%20of%20Banja%20Luka.pdf,https://unibl.org/uni/sajt/doc/File/uni/Action%20plan%20University%20of%20Banja%20Luka.pdf,2026-07-30,http-error,404,0,text/html; charset=utf-8,,,,957,28813d1e599f219d77ceb8ff6c20c411b49ab3a8cf9eae19701bb84d2ec4da10,complete received body,initial baseline,not assessed,,true,,HTTP 404
LRS-95BC973350FD2F,Accredited scientific organizations,https://www.neaa.government.bg/en/accredited-higher-education-institutions/scientific-organizations,https://www.neaa.government.bg/en/accredited-higher-education-institutions/scientific-organizations,2026-07-30,accessible,200,0,text/html; charset=UTF-8,10263,,,44552,759cfc88aab88d3d435328cd9cebd60c39c909105c6160d41eaba285a4491705,complete received body,initial baseline,not assessed,,true,,
LRS-95EF66C315392C,Act on Quality Assurance in Higher Education and Science,https://narodne-novine.nn.hr/clanci/sluzbeni/2022_12_151_2330.html,https://narodne-novine.nn.hr/clanci/sluzbeni/2022_12_151_2330.html,2026-07-30,accessible,200,0,text/html; charset=utf-8,30628,,,122340,65887ab52db51a870d1a7c2a8f40890b82910e0c749cb64898681bb8d26274ac,complete received body,initial baseline,not assessed,,true,,
LRS-95FD000716FE5B,UKCORI raising concerns,https://ukcori.org/support,https://ukcori.org/support/,2026-07-30,redirected-accessible,200,1,text/html; charset=UTF-8,8409,,,37197,f4bd08c44682b2a1b0c82f38150181cb3271cdb985f23ee6d5b7229414838062,complete received body,initial baseline,human review required,,true,,redirect requires equivalence review
LRS-96365F5B583355,Central Medical Ethics Committee regulation adopted,https://likumi.lv/ta/id/46597-centralas-medicinas-etikas-komitejas-nolikums,https://likumi.lv/ta/id/46597-centralas-medicinas-etikas-komitejas-nolikums,2026-07-30,accessible,200,0,text/html; charset=utf-8,,,,52503,444146ba2ce26de71d72810009bc5db891ab4016dbb6fd3c930bfa0be742b297,complete received body,initial baseline,not assessed,,true,,
LRS-965CFD453D1CD5,VUB ethics and integrity,https://www.vub.be/en/our-research/our-vision-and-mission/optimal-research-environment/ethics-and-integrity,https://www.vub.be/en/vub-research,2026-07-30,redirected-accessible,200,2,text/html; charset=UTF-8,43545,,,269438,f4b5f8de31d9c4b964cdbb969683747e73c3c29e82168b347b171627812773c7,complete received body,initial baseline,human review required,,true,,redirect requires equivalence review
LRS-9678F6A6EF9002,Babes-Bolyai ethical visa route,https://techtransfer.centre.ubbcluj.ro/serviciile-noastre/viza-de-etica-cercetarii,https://techtransfer.centre.ubbcluj.ro/serviciile-noastre/viza-de-etica-cercetarii/,2026-07-30,redirected-accessible,200,1,text/html; charset=UTF-8,17671,,,59547,7392e9836dc73b7f93a56bc49ac4ea0b24c63f7c060579d5775185a91f4ca819,complete received body,initial baseline,human review required,,true,,redirect requires equivalence review
LRS-967F4AB85E362F,Investigation of alleged RI violations,https://tenk.fi/en/research-integrity/investigation-alleged-ri-violations,https://tenk.fi/en/research-integrity/investigation-alleged-ri-violations,2026-07-30,accessible,200,0,text/html; charset=UTF-8,,"""1785436453""","Thu, 30 Jul 2026 18:34:13 GMT",24871,12733230e5bdd8f4f5ccb4880d2974b6bb3296b07c41ba996d3a8f362b0a5ce8,complete received body,initial baseline,not assessed,,true,,
LRS-96855536678A2A,University of Vienna Ombuds Office,https://www.qs.univie.ac.at/en/services/ombuds-office,https://www.qs.univie.ac.at/en/services/ombuds-office/,2026-07-30,redirected-accessible,200,1,text/html; charset=utf-8,16830,,,58346,1ee6523bed7ebc89e6fc10a65e163f02cd246d3dcb68ec839f0128070f3ddfa7,complete received body,initial baseline,human review required,,true,,redirect requires equivalence review
LRS-968FF1B478D89B,Research ethics dossier models,https://comitetetica.usmf.md/ro/modele-de-dosare,https://comitetetica.usmf.md/ro/modele-de-dosare,2026-07-30,accessible,200,0,text/html; charset=UTF-8,22930,"""1785438292-gzip""","Thu, 30 Jul 2026 19:04:52 GMT",157029,a427c02f48f75ef5f72caed6f6f1302ceb91b9239ec1a11db0afd3783c65d773,complete received body,initial baseline,not assessed,,true,,
LRS-9691173BDB719D,Max Planck ombudsperson guidelines,https://www.mpg.de/1159742/ombubsperson-guidelines.pdf,https://www.mpg.de/1159742/ombubsperson-guidelines.pdf,2026-07-30,accessible,200,0,application/pdf,290578,,"Wed, 11 Feb 2026 14:01:33 GMT",290578,ca9ad49661525bb0aca7c2745fc803de476696aca04c9619a4712df3b69c03ac,complete received body,initial baseline,not assessed,,true,,
LRS-96983D7F3B5908,DFG Code of Conduct PDF,https://www.dfg.de/resource/blob/172294/dfg_code_of_conduct_en.pdf,https://www.dfg.de/resource/blob/172294/dfg_code_of_conduct_en.pdf,2026-07-30,http-error,404,0,text/html;charset=UTF-8,5748,,,5748,c558af992aeeb3ea820cdc3737160362adbe165954684d3c3e803cde6743fc8a,complete received body,initial baseline,not assessed,,true,,HTTP 404
LRS-969F967F4BCD5D,A Guide to Internet Research Ethics,https://www.forskningsetikk.no/en/about-us/our-committees-and-commission/nesh/guidelines-nesh/a-guide-to-internet-research-ethics,https://www.forskningsetikk.no/en/about-us/our-committees-and-commission/nesh/guidelines-nesh/a-guide-to-internet-research-ethics,2026-07-30,accessible,200,0,text/html; charset=utf-8,,,,54959,e590c0b6ea13b1fec2337363c01aea99c78208ac5c3c0e8afac5f6cf5ff4c100,complete received body,initial baseline,not assessed,,true,,
LRS-96A58B7775C6F3,FWF procedure for dealing with suspected research misconduct,https://www.fwf.ac.at/fileadmin/Website/Dokumente/Foerdern/6_Schritte/Weitere_Informationen/fwf_procedure_research_misconduct_en.pdf,https://www.fwf.ac.at/fileadmin/Website/Dokumente/Foerdern/6_Schritte/Weitere_Informationen/fwf_procedure_research_misconduct_en.pdf,2026-07-30,accessible,200,0,application/pdf,230401,,"Mon, 09 Oct 2023 18:59:39 GMT",230401,d96db543de575cf5a4aeadbf3fc06a089c3a95e88493a8f750babaaa04d7c934,complete received body,initial baseline,not assessed,,true,,
LRS-96CF17D12AAFD8,Cardiff research integrity and governance,https://www.cardiff.ac.uk/research/our-research-environment/integrity-and-ethics/research-integrity-and-governance,https://www.cardiff.ac.uk/research/our-research-environment/integrity-and-ethics/research-integrity-and-governance,2026-07-30,http-error,403,0,text/html; charset=UTF-8,,,,5992,24a13d96ea74d9363d9522c8d0561bdd001444d0b8be3c393905b01ce6cd39e8,complete received body,initial baseline,not assessed,,true,,HTTP 403
LRS-977E37D1CC2144,CYQAA rejected programmes,https://www.dipae.ac.cy/index.php/en/accreditation-en/rejected-programmes-en,https://www.dipae.ac.cy/index.php/en/accreditation-en/rejected-programmes-en,2026-07-30,accessible,200,0,text/html; charset=utf-8,,,"Thu, 30 Jul 2026 19:07:36 GMT",174131,ea8f19ddfdc79b027ebbdd54e6579fdd9a65d45ba80fdf305e9521f62c2425d9,complete received body,initial baseline,not assessed,,true,,
LRS-979A39632CB08C,APVV Commission for Research Integrity and Ethics,https://www.apvv.sk/agentura/komisia-pre-vyskumnu-integritu-a-etiku-apvv.html,https://www.apvv.sk/agentura/komisia-pre-vyskumnu-integritu-a-etiku-apvv.html,2026-07-30,accessible,200,0,text/html; charset=UTF-8,70945,,,70945,b2b944358d0b121b86cb1cfafc83a1622be7ce04447bee8831e114fe835bd108,complete received body,initial baseline,not assessed,,true,,
LRS-97A6941D8B51E2,Collegio di Disciplina regulation,https://www.unirsm.sm/wp-content/uploads/2026/01/Regolamento-UNIRSM-_Collegio-di-Disciplina.pdf,https://www.unirsm.sm/wp-content/uploads/2026/01/Regolamento-UNIRSM-_Collegio-di-Disciplina.pdf,2026-07-30,accessible,200,0,application/pdf,341853,"""5375d-647f1e8cb6cd0""","Fri, 09 Jan 2026 10:22:58 GMT",341853,c42ec74f1caedee7dfd0d3cf3224a999916bb79e440cf09e09f0909934fd43d1,complete received body,initial baseline,not assessed,,true,,
LRS-97AF475ED2D209,Act on Research Misconduct,https://ufm.dk/en/legislation/prevailing-laws-and-regulations/research-and-innovation/act-on-research-misconduct.pdf,https://ufm.dk/en/legislation/prevailing-laws-and-regulations/research-and-innovation/act-on-research-misconduct.pdf,2026-07-30,http-error,404,0,,,,,0,,complete received body,initial baseline,not assessed,,true,,HTTP 404
LRS-97B748BCAEF427,EOF Part II assessment-report transition notice,https://www.eof.gr/en/%CE%B1%CE%BD%CF%84%CE%B9%CE%BA%CE%B1%CF%84%CE%AC%CF%83%CF%84%CE%B1%CF%83%CE%B7-%CE%B5%CE%BD%CF%84%CF%8D%CF%80%CE%BF%CF%85-%CE%B3%CE%BD%CF%89%CE%BC%CE%BF%CE%B4%CF%8C%CF%84%CE%B7%CF%83%CE%B7%CF%82,https://www.eof.gr/en/%CE%B1%CE%BD%CF%84%CE%B9%CE%BA%CE%B1%CF%84%CE%AC%CF%83%CF%84%CE%B1%CF%83%CE%B7-%CE%B5%CE%BD%CF%84%CF%8D%CF%80%CE%BF%CF%85-%CE%B3%CE%BD%CF%89%CE%BC%CE%BF%CE%B4%CF%8C%CF%84%CE%B7%CF%83%CE%B7%CF%82/,2026-07-30,redirected-accessible,200,1,text/html; charset=utf-8,37140,,,139542,735562c9505f3cea1f3579ffc02ef35a302596d11f4b161ae2399812552aedac,complete received body,initial baseline,human review required,,true,,redirect requires equivalence review
LRS-97BEFD28996B0B,VUB CWI regulations,https://www.vub.be/sites/default/files/2022-09/20221503CWI%20Regulations%20EN.pdf,https://www.vub.be/sites/default/files/2022-09/20221503CWI%20Regulations%20EN.pdf,2026-07-30,accessible,200,0,application/pdf,153405,"""2573d-5e814cf266c5a""","Wed, 07 Sep 2022 11:42:35 GMT",153405,7be340047b66c0f90101cbb224a710390d52ae2557976cb4d47b8684c2640c18,complete received body,initial baseline,not assessed,,true,,
LRS-97DE1B6EF39F6A,ANC organization page,https://www.research.gov.ro/autoritate/organizare,https://www.research.gov.ro/autoritate/organizare,2026-07-30,network-error,,0,,,,,0,,none,initial unavailable baseline,not assessed,,true,fetch failed,network access failed
LRS-97E046237E61BB,Law of Ukraine On Academic Integrity,https://zakon.rada.gov.ua/laws/show/en/4742-20,https://zakon.rada.gov.ua/laws/show/en/4742-20,2026-07-30,http-error,403,0,text/html; charset=utf-8,4249,,,4249,0afd86d495b0eb9dfb33abd6ff200f5e5658b5b7480dcffbc5d80717f4bd0adb,complete received body,initial baseline,not assessed,,true,,HTTP 403
LRS-97E9F1FB79CC2E,Ethical review in research,https://www.aalto.fi/en/services/research-ethics-review-research-ethics-committee,https://www.aalto.fi/en/services/research-ethics-review-research-ethics-committee,2026-07-30,accessible,200,0,text/html; charset=UTF-8,,"W/""1785438457""","Thu, 30 Jul 2026 19:07:37 GMT",140708,0acb621be2045faafc9473f71036665dd6599741a51c52258dfffd78a722f317,complete received body,initial baseline,not assessed,,true,,
LRS-97F6C6219863BD,2003 law creating the board,https://narodne-novine.nn.hr/clanci/sluzbeni/2003_07_123_1742.html,https://narodne-novine.nn.hr/clanci/sluzbeni/2003_07_123_1742.html,2026-07-30,accessible,200,0,text/html; charset=utf-8,,,,312941,055d2d3fc21cbee2cf6023cfb7495921d4769431642e0b9819052ebc960a52ed,complete received body,initial baseline,not assessed,,true,,
LRS-97FDF3FB8585BD,UNWE Academic Ethics Commission 2022 report,https://www.unwe.bg/Uploads/Main/8df0a_%D0%9E%D0%A2%D0%A7%D0%95%D0%A2%20%D0%9A%D0%BE%D0%BC.%20%D0%B0%D0%BA%D0%B0%D0%B4.%20%D0%B5%D1%82%D0%B8%D0%BA%D0%B0%202022.pdf,https://www.unwe.bg/Uploads/Main/8df0a_%D0%9E%D0%A2%D0%A7%D0%95%D0%A2%20%D0%9A%D0%BE%D0%BC.%20%D0%B0%D0%BA%D0%B0%D0%B4.%20%D0%B5%D1%82%D0%B8%D0%BA%D0%B0%202022.pdf,2026-07-30,accessible,200,0,application/pdf,424781,"""4fa8cc9f045d91:0""","Tue, 21 Feb 2023 12:34:05 GMT",424781,ecf2f07c8a8f9416fb3cdf7f85973b0fa0d24dd113a69b10c9d10f2c6f731154,complete received body,initial baseline,not assessed,,true,,
LRS-9824C52E7241A3,Research Integrity Code page,https://www.math.unipd.it/en/research/research-integrity-code,https://www.math.unipd.it/en/research/research-integrity-code/,2026-07-30,redirected-accessible,200,1,text/html,5583,"""6619-657d2906ac7f8-gzip""","Thu, 30 Jul 2026 11:42:17 GMT",26137,6ae174ccc2644fe254374a16d65cc2c4d4cf7d66d0869295f1ffff8f203675cb,complete received body,initial baseline,human review required,,true,,redirect requires equivalence review
LRS-982AFD5156E641,Government of Iceland,https://www.stjornarradid.is/efst-a-baugi/frettir/stok-frett/2019/12/19/Forsaetisradherra-skipar-nefnd-um-vandada-starfshaetti-i-visindum,https://www.stjornarradid.is/efst-a-baugi/frettir/stok-frett/2019/12/19/Forsaetisradherra-skipar-nefnd-um-vandada-starfshaetti-i-visindum,2026-07-30,accessible,200,0,text/html; charset=utf-8,,,,65795,22c02060e10a2c2dd3ad310b3dfcf655b62f0256eb7b6d0dfaad282f994af17b,complete received body,initial baseline,not assessed,,true,,
LRS-986A6595BB0A0E,CYQAA rejected institutions,https://www.dipae.ac.cy/index.php/en/accreditation-en/rejected-institutions-en,https://www.dipae.ac.cy/index.php/en/accreditation-en/rejected-institutions-en,2026-07-30,accessible,200,0,text/html; charset=utf-8,,,"Thu, 30 Jul 2026 19:07:39 GMT",108063,72b23385872a1da804e6957f16be22dd4db5b510b83357c886bdf395a5436864,complete received body,initial baseline,not assessed,,true,,
LRS-9873CC57C4D539,DFG incident reporting platform,https://www.bkms-system.com/bkwebanon/report/clientInfo?c=-1&cin=WrdG4P&language=eng,https://www.bkms-system.com/bkwebanon/report/clientInfo?c=-1&cin=WrdG4P&language=eng,2026-07-30,accessible,200,0,text/html;charset=UTF-8,,,,38750,865c383e5910d391115b95ca728b8c81bc59f671bf4c1e71f5299c39d1bd2996,complete received body,initial baseline,not assessed,,true,,
LRS-987D4AE99BB12C,Research ethics,https://www.uef.fi/en/research-ethics,https://www.uef.fi/en/research-ethics,2026-07-30,accessible,200,0,text/html; charset=UTF-8,,,"Thu, 30 Jul 2026 18:52:57 GMT",94766,ba50d09d51c272203b3d10df25d68907f5c1afd88d135d70fe96b6c5054e38de,complete received body,initial baseline,not assessed,,true,,
LRS-989222242F9627,Animal-use regulation adopted,https://likumi.lv/ta/en/en/id/254532-regulations-regarding-the-protection-of-animals-used-for-scientific-purposes,https://likumi.lv/ta/en/en/id/254532-regulations-regarding-the-protection-of-animals-used-for-scientific-purposes,2026-07-30,accessible,200,0,text/html; charset=utf-8,,,,288022,8aef758ca051da246f3e82a7f6f530cd09b1d3554eb72364a25ac1c4574df860,complete received body,initial baseline,not assessed,,true,,
LRS-98CAE06C131882,"Faculty of Fine Art, Music and Design research ethics",https://www.uib.no/en/kmd/141400/research-ethics,https://www.uib.no/en/kmd/141400/research-ethics,2026-07-30,accessible,200,0,text/html; charset=utf-8,,"W/""1785411465-1""","Thu, 30 Jul 2026 11:37:45 GMT",45551,e1753c828dd87e060c2e6dc12194c160ad2032ab1d7acba2f7d487cabc11d912,complete received body,initial baseline,not assessed,,true,,
LRS-98E30CDB2A1923,LSMU Bioethics Centre,https://lsmu.lt/en/about-lsmu/structure/general-departments-of-the-university/other-departments/bioethics-center,https://lsmu.lt/en/about-lsmu/structure/general-departments-of-the-university/other-departments/bioethics-center/,2026-07-30,redirected-accessible,200,1,text/html; charset=UTF-8,,,,118176,adb056c05140aaee9257346bcc848915aba09feb9b1819914d2f286d7de0a96d,complete received body,initial baseline,human review required,,true,,redirect requires equivalence review
LRS-991AE98AB556FD,Ethical Code of Research with and about Children - Official Gazette view,https://sluzbenilist.ba/page/akt/Vugztz5k76kjn45hE3TDtcMM%3D,https://sluzbenilist.ba/page/akt/Vugztz5k76kjn45hE3TDtcMM%3D,2026-07-30,accessible,200,0,text/html; charset=utf-8,64905,,,64905,eb1a8d215c801377908bbd62b1a0adec8d15f1e352f38491f2b66c26c4d580dc,complete received body,initial baseline,not assessed,,true,,
LRS-991D39FEC27424,Ege ethics boards page,https://arastirma.ege.edu.tr/tr-11578/etik_kurullar.html,https://arastirma.ege.edu.tr/tr-11578/etik_kurullar.html,2026-07-30,accessible,200,0,text/html; charset=utf8,,,,70156,273890075ce2202d1b6a874a41d81e56872583e4e9c8d65a32d271be4b9f9df0,complete received body,initial baseline,not assessed,,true,,
LRS-9931BC61B5E12A,CNRS MIS reports,https://mis.cnrs.fr/rapports,https://mis.cnrs.fr/rapports,2026-07-30,network-error,,0,,,,,0,,none,initial unavailable baseline,not assessed,,true,fetch failed,network access failed
LRS-9978DEE267B5D4,UM integrity page,https://www.um.si/en/o-univerzi-en/presentation/integrity,https://www.um.si/en/o-univerzi-en/presentation/integrity/,2026-07-30,redirected-accessible,200,1,text/html; charset=UTF-8,,"""13ef4d3136ff0f3205625418ca7e8ffb""","Thu, 30 Jul 2026 19:11:53 GMT",99989,0a93d379d1d3238b1a44f60c55b4f7f746eb94cb8c55a49857b1ed5f027642e8,complete received body,initial baseline,human review required,,true,,redirect requires equivalence review
LRS-998094B111F1CA,Charite office for good scientific practice,https://www.charite.de/forschung/service_fuer_forschende/geschaeftsstelle_gute_wissenschaftliche_praxis,https://www.charite.de/forschung/service_fuer_forschende/geschaeftsstelle_gute_wissenschaftliche_praxis,2026-07-30,accessible,200,0,text/html; charset=utf-8,11146,,"Thu, 30 Jul 2026 15:27:55 GMT",43298,6f74fd3528f15d6193b0730d353d2ada3c641851f918135bee2133bbf6094624,complete received body,initial baseline,not assessed,,true,,
LRS-998374C90909E6,UFL publishes core quality statutes and regulations set,https://www.ufl.li/en/education/general/quality-assurance,https://www.ufl.li/en/education/general/quality-assurance,2026-07-30,accessible,200,0,text/html; charset=utf-8,,,,70365,b76d42b4301aeebb886078f784988ddeedf09e9916bf3bc2dbdc0e7021542d34,complete received body,initial baseline,not assessed,,true,,
LRS-99913F3BFE21D1,OeAWI organs of the association,https://oeawi.at/en/organs-of-the-association,https://oeawi.at/en/organs-of-the-association/,2026-07-30,redirected-accessible,200,1,text/html; charset=UTF-8,,,,309388,ef0791f3e11b6cd838964963d9b77bc7295e47ad26d535fff9f50da3c314e63d,complete received body,initial baseline,human review required,,true,,redirect requires equivalence review
LRS-999DDB6BE7E1F1,Committee composition update,https://minzdrav.gov.by/ru/novoe-na-sayte/aktualizirovan-sostav-komiteta-po-bioetike,https://minzdrav.gov.by/ru/novoe-na-sayte/aktualizirovan-sostav-komiteta-po-bioetike,2026-07-30,accessible,200,0,text/html; charset=UTF-8,,,,54476,14155a1f3530c0acb90a9ca6cd9af90f1644bff7d0c7c5eb328c9adbf492f144,complete received body,initial baseline,not assessed,,true,,
LRS-99B6101800DEF8,Licensed scientific research institutions dataset,https://data.gov.me/dataset/lista-licenciranih-naucno-istrazivackih-ustanova,https://data.gov.me/dataset/lista-licenciranih-naucno-istrazivackih-ustanova,2026-07-30,accessible,200,0,text/html; charset=utf-8,,,,27822,4db60ab45498060ab7ff07e0b3068fa0f3b2c9cdcfc83205f004c098be61e016,complete received body,initial baseline,not assessed,,true,,
LRS-99BD9B451CD8BF,Avans research integrity,https://www.avans.nl/en/int/for-international-organisations/centres-of-applied-research/research-integrity,https://www.avans.nl/en/int/for-international-organisations/centres-of-applied-research/research-integrity,2026-07-30,accessible,200,0,text/html; charset=utf-8,,,,181452,0cd85463a20fce702d883cbe8439bd9fdbbc95b3d29ea0973b096107513da189,complete received body,initial baseline,not assessed,,true,,
LRS-99C60DE023BF2F,UMONS adds a research-integrity commission layer,https://web.umons.ac.be/fr/recherche/ethique-et-integrite-scientifique,https://web.umons.ac.be/fr/recherche/ethique-et-integrite-scientifique,2026-07-30,network-error,,0,,,,,0,,none,initial unavailable baseline,not assessed,,true,fetch failed,network access failed
LRS-99DB5FA910EC6B,ETH Zurich integrity guidelines enter into effect,https://ethz.ch/students/en/news/student-news/2022/01/a-new-framework-for-scientific-integrity-and-good-scientific-practice.html,https://ethz.ch/students/en/news/student-news/2022/01/a-new-framework-for-scientific-integrity-and-good-scientific-practice.html,2026-07-30,accessible,200,0,text/html;charset=utf-8,,,,62240,29a306cb377be843647ff4dd8d6a1c0096197bbe4eff9a3bf72e9d1425d7351b,complete received body,initial baseline,not assessed,,true,,
LRS-9A558F09F1A05C,TUM statute on safeguarding good scientific practice,https://mediatum.ub.tum.de/doc/1639344/1639344.pdf,https://mediatum.ub.tum.de/doc/1639344/1639344.pdf,2026-07-30,accessible,200,0,application/pdf,,"W/""61e54afb-38b3e""","Mon, 17 Jan 2022 10:54:51 GMT",232254,1deb95042a431d8d81444c35e07c7223c84ee40130024085374bb90ce1ac7a29,complete received body,initial baseline,not assessed,,true,,
LRS-9A6366DAFBC812,Latvian Council of Science Ethics Code,https://www.lzp.gov.lv/lv/media/2470/download?attachment=,https://www.lzp.gov.lv/lv/media/2470/download?attachment=,2026-07-30,accessible,200,0,application/pdf,162200,,"Mon, 18 May 2026 17:26:25 GMT",162200,daa8ed0a5beb9b17b379cd61c6fa7d0503e94fdc7bed5c25a78abeaa77345ae1,complete received body,initial baseline,not assessed,,true,,
LRS-9A74A14C2F7FC0,Concordat to Support Research Integrity publications hub,https://www.universitiesuk.ac.uk/what-we-do/policy-and-research/publications/concordat-support-research-integrity,https://www.universitiesuk.ac.uk/what-we-do/policy-and-research/publications/concordat-support-research-integrity,2026-07-30,http-error,403,0,text/html; charset=UTF-8,,,,6000,63109ebf40cedcc92b8902e20a1ec30e49c4f2b876e044ec16e5a8100468dd80,complete received body,initial baseline,not assessed,,true,,HTTP 403
LRS-9A9EA45AB71C96,UCC Research Integrity,https://www.ucc.ie/en/research/culture/integrity,https://www.ucc.ie/en/research/culture/integrity/,2026-07-30,redirected-accessible,200,2,text/html; charset=UTF-8,15824,"""10bbe-655767df36e27-gzip""","Tue, 30 Jun 2026 11:01:07 GMT",68542,d213674c73e0e33c37867dff1d597858f28219be9634ea416399cbbbff13da30,complete received body,initial baseline,human review required,,true,,redirect requires equivalence review
LRS-9AA0388A26ED1D,LCS-hosted Scientist's Ethics Code,https://www.lzp.gov.lv/lv/media/14/download?attachment=,https://www.lzp.gov.lv/lv/media/14/download?attachment=,2026-07-30,accessible,200,0,application/pdf,135367,,"Mon, 18 May 2026 17:23:59 GMT",135367,3dcbdbbabf8a5df1d576500e204a59d2cdc6164477d2e95a405c9d388cf520af,complete received body,initial baseline,not assessed,,true,,
LRS-9ACB1C692F6D8B,LIH QSMO,https://www.lih.lu/en/research-scope/research-support/quality-safety-management-office,https://www.lih.lu/en/research-scope/research-support/quality-safety-management-office,2026-07-30,http-error,404,0,text/html; charset=UTF-8,,,,93702,75d8aaf97f0fc607985d611ccc6528102698f86cdad19c9e08aef4ebf04f1fd7,complete received body,initial baseline,not assessed,,true,,HTTP 404
LRS-9AEFB54072B938,Latvian Open Science Strategy PDF,https://www.izm.gov.lv/en/media/17072/download,https://www.izm.gov.lv/en/media/17072/download,2026-07-30,accessible,200,0,application/pdf,1123457,,"Wed, 27 May 2026 22:01:06 GMT",1000000,94fbe0b236455854bc2d3e6c2feb81e67b86a1c8d9644984fc9354132d236e8a,first 1000000 bytes,initial baseline,not assessed,,true,,
LRS-9B675A208D5798,Agjencia e Kosovës për Akreditim,https://akreditimi.rks-gov.net/wp-content/uploads/KAA-Strategic-Plan-2026-2030-ENG-1.pdf,https://akreditimi.rks-gov.net/wp-content/uploads/KAA-Strategic-Plan-2026-2030-ENG-1.pdf,2026-07-30,accessible,200,0,application/pdf,140419,"""22483-649fe482f5e54""","Wed, 04 Feb 2026 11:59:01 GMT",140419,c79a495e03a9307f22506ee594399d119b8310e5c2c552e1f0df404366c360ad,complete received body,initial baseline,not assessed,,true,,
LRS-9B694AC56B3F4F,CERS useful documents,https://bioetica.sm/documenti-utili,https://bioetica.sm/documenti-utili/,2026-07-30,redirected-accessible,200,1,text/html; charset=UTF-8,,,,99234,c58b970016bea9b10d41c56c795e1e87b5e678458e4dcde1f0fe140277483deb,complete received body,initial baseline,human review required,,true,,redirect requires equivalence review
LRS-9B6C45D954CE44,UK Research Integrity Office,https://ukrio.org/,https://ukrio.org/,2026-07-30,accessible,200,0,text/html; charset=UTF-8,12679,,,59999,8ff172894e73d45a4b44f170abf3be268f32c1c6600248998470505d1e25e274,complete received body,initial baseline,not assessed,,true,,
LRS-9B7EBD0C6AAE08,Ethics Committee page,https://www.gov.me/mps/resor-prosvjete/eticki-komitet,https://www.gov.me/mps/resor-prosvjete/eticki-komitet,2026-07-30,timeout,,0,,,,,0,,none,initial unavailable baseline,not assessed,,true,This operation was aborted,request timed out
LRS-9BD56F1287FC01,USAL good-practice manual,https://hrs4r.usal.es/wp-content/uploads/sites/173/2024/10/MBPI-2024_.pdf,https://hrs4r.usal.es/,2026-07-30,redirected-accessible,200,1,text/html; charset=UTF-8,,,,85140,0adf08c4c1a5395ad299c35187681845ed9cb31b658102e39992a5bae829f180,complete received body,initial baseline,human review required,,true,,redirect requires equivalence review
LRS-9BE6DAB8C16302,University of Edinburgh Annual Research Integrity Statement 2025-2026,https://research-office.ed.ac.uk/sites/default/files/2026-05/2025%20-%202026%20University%20of%20Edinburgh%20Annual%20Research%20Integrity%20Statement.pdf,https://research-office.ed.ac.uk/sites/default/files/2026-05/2025%20-%202026%20University%20of%20Edinburgh%20Annual%20Research%20Integrity%20Statement.pdf,2026-07-30,accessible,200,0,application/pdf,361262,"""6a0c853d-5832e""","Tue, 19 May 2026 15:43:57 GMT",361262,1ddb97dbf125372691b0e977c2a1558a7ba6222a1ced7c6916505c9ede3b75be,complete received body,initial baseline,not assessed,,true,,
LRS-9C09FD281F4723,Agjencia e Kosovës për Akreditim,https://akreditimi.rks-gov.net/about-kaa,https://akreditimi.rks-gov.net/about-kaa/,2026-07-30,redirected-accessible,200,1,text/html; charset=UTF-8,14263,,,79829,b550c80c1ee4f4e695b160c9e98b85033a0c192e8b852f74a9369e75f3c4a019,complete received body,initial baseline,human review required,,true,,redirect requires equivalence review
LRS-9C0AF0A4D62E4D,UKRIO Embracing AI with integrity,https://ukrio.org/ukrio-resources/embracing-ai-with-integrity,https://ukrio.org/ukrio-resources/embracing-ai-with-integrity/,2026-07-30,redirected-accessible,200,1,text/html; charset=UTF-8,,"""48bbb8e8adb419f53436a6d87e051ea2""","Thu, 30 Jul 2026 19:07:44 GMT",62134,a93ed8ee26962e72d511ebfceed48f2462e505cb4ceeba5b26d01247494d942a,complete received body,initial baseline,human review required,,true,,redirect requires equivalence review
LRS-9C326A141CCFE9,UL 7 January 2025 co-authorship decision,https://www.lu.lv/par-mums/akademiskas-etikas-komisija/07012025-par-lidzautoribas-parkapumu,https://www.lu.lv/par-mums/akademiskas-etikas-komisija/07012025-par-lidzautoribas-parkapumu,2026-07-30,accessible,200,0,text/html; charset=utf-8,11259,"""d2b0058d845dad517c8edb3fa7a43412-gzip""",,63064,7ca8200d24a2a70d948e118431e71154742ac1541de62c3a3d76091b36749de4,complete received body,initial baseline,not assessed,,true,,
LRS-9C330FBE4A8B4B,Research Integrity Landscape,https://ukrio.org/research-integrity/research-integrity-landscape-in-the-uk,https://ukrio.org/research-integrity/research-integrity-landscape-in-the-uk/,2026-07-30,redirected-accessible,200,1,text/html; charset=UTF-8,,"""3b0fe9b509c7f22e8daf27fceb188f06""","Thu, 30 Jul 2026 19:07:44 GMT",56395,08488bbf4dbec816600828eb1a95e4335ad13d3042d5dee6c214a33c8c1471cd,complete received body,initial baseline,human review required,,true,,redirect requires equivalence review
LRS-9C3B28449CC2F5,TUS Research Integrity,https://tus.ie/rdi/research/research-integrity,https://tus.ie/rdi/research/research-integrity/,2026-07-30,redirected-accessible,200,1,"text/html; charset=""UTF-8""",21806,,,138866,9c3288ee0683b3b68476179d6f2045172eef27f414d9d4e3009a7e4943320425,complete received body,initial baseline,human review required,,true,,redirect requires equivalence review
LRS-9C6256FA7E8796,MTA Science Ethics Committee page,https://mta.hu/hatteranyagok/tudomanyetikai-bizottsag-105786,https://mta.hu/hatteranyagok/tudomanyetikai-bizottsag-105786,2026-07-30,accessible,200,0,text/html; charset=UTF-8,,,,89498,309f7af68bed512cdb3ff30c855faf6da6bccfa56ef3c8d4fbd04e2e4b3158ca,complete received body,initial baseline,not assessed,,true,,
LRS-9C7A0CEBD14A0E,Appeals Commission regulation,https://akreditimi.rks-gov.net/wp-content/uploads/Regulation-on-the-Work-of-the-Appeals-Committee-of-the-KAA.pdf,https://akreditimi.rks-gov.net/wp-content/uploads/Regulation-on-the-Work-of-the-Appeals-Committee-of-the-KAA.pdf,2026-07-30,accessible,200,0,application/pdf,726465,"""b15c1-60f1550c3c100""","Tue, 16 Jan 2024 19:41:24 GMT",726465,c872a4f3bb4353fdcd49248efa645f5c8301d422a4a6153a8e891e77b75f32bf,complete received body,initial baseline,not assessed,,true,,
LRS-9C7BEEBA326F7C,FCT R&D projects page exposes current regulation index,https://www.fct.pt/en/financiamento/programas-de-financiamento/projetos-id,https://www.fct.pt/en/financiamento/programas-de-financiamento/projetos-id,2026-07-30,accessible,200,0,text/html; charset=UTF-8,13152,,"Thu, 30 Jul 2026 19:07:45 GMT",110664,fb574dedcb041f4530833f152e0fbf836b47c096221005a4cf53ab864e42acb9,complete received body,initial baseline,not assessed,,true,,
LRS-9C9FD9A1DEC864,NTUA EHDE operation page,https://www.elke.ntua.gr/ehde/%CE%BB%CE%B5%CE%B9%CF%84%CE%BF%CF%85%CF%81%CE%B3%CE%AF%CE%B1,https://www.elke.ntua.gr/ehde/%CE%BB%CE%B5%CE%B9%CF%84%CE%BF%CF%85%CF%81%CE%B3%CE%AF%CE%B1/,2026-07-30,redirected-accessible,200,1,text/html; charset=UTF-8,33434,,,168367,0c7b9f81a1e33498a8f831463436de97d6d8acf4e8ff9461a7620a69e4e256c8,complete received body,initial baseline,human review required,,true,,redirect requires equivalence review
LRS-9CD94B7983D2F0,Gulhane scientific research ethics page,https://sbu.edu.tr/arastirma/etik-kurullar/gulhane-bilimsel-arastirmalar-etik-kurulu,https://sbu.edu.tr/arastirma/etik-kurullar/gulhane-bilimsel-arastirmalar-etik-kurulu/,2026-07-30,redirected-accessible,200,1,text/html; charset=utf-8,81717,"""bj2i2huzzr80gr""",,377466,d04671bfd1aa9a6471713f092d5580343fefe685e17dcbcc5832a62f9afd7afe,complete received body,initial baseline,human review required,,true,,redirect requires equivalence review
LRS-9CDA76B1B10513,NEM biobank appeal decision 2025/632,https://www.forskningsetikk.no/om-oss/komiteer-og-utvalg/nem/sok-i-nems-vedtak/biobank-for-forskning-pa-funksjonell-diagnostikk-for-kreft2,https://www.forskningsetikk.no/om-oss/komiteer-og-utvalg/nem/sok-i-nems-vedtak/biobank-for-forskning-pa-funksjonell-diagnostikk-for-kreft2,2026-07-30,accessible,200,0,text/html; charset=utf-8,,,,20889,d75cc7cc416b706cb8eab7b6711ec3b0b70d9517e23531cdf0f1b2d88250dc4d,complete received body,initial baseline,not assessed,,true,,
LRS-9CE184FD737020,Bifrost University policies and regulations,https://www.bifrost.is/english/about-bifrost/policies-and-regulations,https://www.bifrost.is/english/about-bifrost/policies-and-regulations,2026-07-30,accessible,200,0,text/html; charset=UTF-8,7330,,,33381,e161c4c071f9a8b6547da725bf0111f23014d1287aff5342d3e0ba5fe8eb3e4a,complete received body,initial baseline,not assessed,,true,,
LRS-9CF77D0CBFA93E,Animal-experiment statistics page,https://portal.nebih.gov.hu/-/allatkiserleti-statisztikai-adatok,https://portal.nebih.gov.hu/-/allatkiserleti-statisztikai-adatok,2026-07-30,accessible,200,0,text/html;charset=UTF-8,,,,122666,ab939be4c7968fb0a9f3ed4d52cca0600ca08911e94d08591880cdfbbd87deb5,complete received body,initial baseline,not assessed,,true,,
LRS-9D02172A55BF96,Universitatea Babeș-Bolyai,https://www.ubbcluj.ro/ro/despre/organizare/files/etica/Codul-cadru_de_etic%C4%83_%C5%9Fi_deontologie_universitar%C4%83.pdf,https://www.ubbcluj.ro/ro/despre/organizare/files/etica/Codul-cadru_de_etic%C4%83_%C5%9Fi_deontologie_universitar%C4%83.pdf,2026-07-30,accessible,200,0,application/pdf,735113,"""b3789-61a0deef20780""","Tue, 04 Jun 2024 10:30:06 GMT",735113,47d01680e45384b5f7221a68311a4b573b1bcca591c54d31ce676a85be829b86,complete received body,initial baseline,not assessed,,true,,
LRS-9D0D12CB1FB384,RSF about page,https://rscf.ru/en/about,https://rscf.ru/en/about,2026-07-30,network-error,,0,,,,,0,,none,initial unavailable baseline,not assessed,,true,fetch failed,network access failed
LRS-9D2824B0F235DE,Cyprus Institute HRS4R,https://www.cyi.ac.cy/index.php/hrs4r.html,https://www.cyi.ac.cy/index.php/hrs4r.html,2026-07-30,accessible,200,0,text/html; charset=utf-8,,12456ce744b722a054342bfe31fad519,"Tue, 07 Jul 2026 11:51:31 GMT",112560,d0a3e36c1be541eb6b54a91e453818aa582850ba6f0266425c01a58101b6a02b,complete received body,initial baseline,not assessed,,true,,
LRS-9D4932651D18F1,CUT Senate Committee for Research Ethics and Deontology record,https://ktisis.cut.ac.cy/handle/20.500.14279/15321?mode=full,https://ktisis.cut.ac.cy/entities/commiteemembership/de15d2c1-6982-4bdf-9419-415669514c65,2026-07-30,redirected-accessible,200,1,text/html; charset=utf-8,,"W/""78e42-zimAt4dG+7Xh9lLpBVSHClEYpN8""",,495170,aaf7afdcf08b718f891f5094cb67d34aad568eb8aa1352b3bb617bccf3df2e8f,complete received body,initial baseline,human review required,,true,,redirect requires equivalence review
LRS-9D4B4E64B7ED5B,Committees for research ethics and integrity at UL,https://www.uni-lj.si/en/research/ethics-and-integrity-in-research/ethics-and-integrity-in-research-commities,https://www.uni-lj.si/en/research/ethics-and-integrity-in-research/ethics-and-integrity-in-research-commities,2026-07-30,accessible,200,0,text/html; charset=utf-8,,"W/""4894890075fae82a89e3c0985f902951""",,46516,866ceba788cb73212a508298f05de9a37058c19490e735f8784b9ee826c8b57a,complete received body,initial baseline,not assessed,,true,,
LRS-9D7D74DE06D8BE,IMBB Office of Scientific Integrity,https://www.imbb.forth.gr/en/content/Office-of-Scientific-Integrity-at-IMBB.107,https://www.imbb.forth.gr/en/content/Office-of-Scientific-Integrity-at-IMBB.107,2026-07-30,accessible,200,0,text/html; charset=UTF-8,,,,166220,dba21d831b626c3db8fd25d4c3289695d1c6c4eed4a75979cbbe1bd9ceaa551f,complete received body,initial baseline,not assessed,,true,,
LRS-9DD1EED72991F7,VU scientific integrity,https://vu.nl/nl/over-de-vu/meer-over/wetenschappelijke-integriteit,https://vu.nl/nl/over-de-vu/meer-over/wetenschappelijke-integriteit,2026-07-30,accessible,200,0,text/html; charset=utf-8,,,,79800,644fe9e0aaba9a62b1a9df301842a5b372048be27d46d5c28a6f5c4adbc6f8cf,complete received body,initial baseline,not assessed,,true,,
LRS-9E02F5C2D80536,Law on Scientific-Research Activity,https://akvo.mk/images/PROPISI/ZAKONI-AKTI/10-Zakon-za-naucno-istrazuvacka-dejnost.pdf,https://akvo.mk/images/PROPISI/ZAKONI-AKTI/10-Zakon-za-naucno-istrazuvacka-dejnost.pdf,2026-07-30,accessible,200,0,application/pdf,395717,,"Wed, 28 Aug 2024 10:26:23 GMT",395717,7017fac79b87a87a3a7415133d65362495b05a1061e3852f4fb8e4bf8e6dca4f,complete received body,initial baseline,not assessed,,true,,
LRS-9E176106A5BEAC,SRNSFG action plan,https://rustaveli.org.ge/eng/samoqmedo-gegma,https://rustaveli.org.ge/eng/samoqmedo-gegma,2026-07-30,accessible,200,0,text/html; charset=utf-8,,,,61066,2835b0c8465b93b9545bbba5b35c017e01630a7c380616f08dc299073d986c81,complete received body,initial baseline,not assessed,,true,,
LRS-9E67887612CBEB,SCP shared CWI announcement,https://www.scp.nl/actueel/nieuws/2021/04/01/planbureaus-hebben-commissie-wetenschappelijke-integriteit,https://www.scp.nl/actueel/nieuws/2021/04/01/planbureaus-hebben-commissie-wetenschappelijke-integriteit,2026-07-30,accessible,200,0,text/html; charset=utf-8,,,,205807,86b1a6bb082c8b1a0d9509d1e0150866fdf3d20c032f6657cada56505a7d411c,complete received body,initial baseline,not assessed,,true,,
LRS-9EB0117BE781CC,TENK annual reports,https://tenk.fi/en/tenk/annual-reports,https://tenk.fi/en/tenk/annual-reports,2026-07-30,accessible,200,0,text/html; charset=UTF-8,,"""1785411544""","Thu, 30 Jul 2026 11:39:04 GMT",22315,862be5110b30bfa3382d5186641a57e285c1a837321d6368e9cd72132d2c467e,complete received body,initial baseline,not assessed,,true,,
LRS-9EB8B4120A7473,University of Zurich research integrity,https://www.research.uzh.ch/en/procedures/integrity.html,https://www.research.uzh.ch/en/procedures/integrity.html,2026-07-30,accessible,200,0,text/html;charset=UTF-8,12268,,"Thu, 30 Jul 2026 19:07:49 GMT",86010,6f28c103ea232668c70b722063a39e13b9832a89df3fb7aabc9e562612b30086,complete received body,initial baseline,not assessed,,true,,
LRS-9F1920E9764293,KAA monitoring reports,https://akreditimi.rks-gov.net/monitoring,https://akreditimi.rks-gov.net/monitoring/,2026-07-30,redirected-accessible,200,1,text/html; charset=UTF-8,13545,,,74302,e2f26980b4227feac85eacb27cc970e7b2912b20ee62588f443b73bfbe450f59,complete received body,initial baseline,human review required,,true,,redirect requires equivalence review
LRS-9F37E947BF4B1C,UNEC fight against scientific plagiarism rules,https://unec.edu.az/application/uploads/2024/05/Fight-against-scientific-plagiarism-Rules-2022.pdf,https://unec.edu.az/application/uploads/2024/05/Fight-against-scientific-plagiarism-Rules-2022.pdf,2026-07-30,accessible,200,0,application/pdf,343700,"""6656b825-53e94""","Wed, 29 May 2024 05:07:49 GMT",343700,55fb815fe0915b51da067947515eb5b31279a53574cf37eea204e383c86ebf9a,complete received body,initial baseline,not assessed,,true,,
LRS-9F40B051E26CB7,Annual reports,https://research.kuleuven.be/en/integrity-ethics/integrity/annual-report,https://research.kuleuven.be/en/integrity-ethics/integrity/annual-report,2026-07-30,accessible,200,0,text/html;charset=utf-8,,,"Fri, 04 Jul 2025 18:03:17 GMT",22924,5e9d79537c3cc53c93cf97b3f054773249ee4a7ef238a35bb573a5d5fe84d335,complete received body,initial baseline,not assessed,,true,,
LRS-9F569DF56F4549,Decisions,https://etikostarnyba.lt/en/decisions,https://etikostarnyba.lt/en/decisions/,2026-07-30,redirected-accessible,200,1,text/html; charset=UTF-8,,,"Thu, 30 Jul 2026 19:07:51 GMT",173803,5e1b915c88cdd35db8d5cb70dc042684d1de12f1cfce24ff203a479736e17a3d,complete received body,initial baseline,human review required,,true,,redirect requires equivalence review
LRS-9F602264D8FC05,ANRI publication-ethics declaration page,https://rassep.ru/novosti-i-meropriyatiya/deklaratsiya-eticheskie-printsipy-nauchnykh-publikatsiy,https://rassep.ru/novosti-i-meropriyatiya/deklaratsiya-eticheskie-printsipy-nauchnykh-publikatsiy,2026-07-30,network-error,,0,,,,,0,,none,initial unavailable baseline,not assessed,,true,fetch failed,network access failed
LRS-9F6C23C3E10B3A,Good scientific practice bill and explanatory memorandum,https://www.althingi.is/altext/149/s/1239.html,https://www.althingi.is/altext/149/s/1239.html,2026-07-30,accessible,200,0,text/html;charset=UTF-8,,,"Thu, 30 Jul 2026 19:07:50 GMT",125495,d8333b101c7c6ad7a2095d3f61ccc2d4c02e57736c4b1daca0edfb17e9d81b9b,complete received body,initial baseline,not assessed,,true,,
LRS-9F8DBDE2B45C28,EOF clinical-trials and GCP inspections page,https://www.eof.gr/%CE%BA%CE%BB%CE%B9%CE%BD%CE%B9%CE%BA%CE%AD%CF%82-%CE%B4%CE%BF%CE%BA%CE%B9%CE%BC%CE%AD%CF%82,https://www.eof.gr/%CE%BA%CE%BB%CE%B9%CE%BD%CE%B9%CE%BA%CE%AD%CF%82-%CE%B4%CE%BF%CE%BA%CE%B9%CE%BC%CE%AD%CF%82/,2026-07-30,redirected-accessible,200,1,text/html; charset=UTF-8,45146,,,156146,be6cd08c88ab3f6ee8832ac7f5b0d3f325df5614a2039e061b1e07e44b0d6365,complete received body,initial baseline,human review required,,true,,redirect requires equivalence review
LRS-9FA501B614B835,HFRI 4th Call for postdoctoral researchers,https://www.elidek.gr/wp-content/uploads/2024/06/4th-Call-PostDoc_1st-amendment.pdf,https://www.elidek.gr/wp-content/uploads/2024/06/4th-Call-PostDoc_1st-amendment.pdf,2026-07-30,http-error,404,0,text/html,146,,,146,55f7d9e99b8e2d4e0e193b2f0275501e6d9c1ebd29cadbea6a0da48a8587e3e0,complete received body,initial baseline,not assessed,,true,,HTTP 404
LRS-9FC208A3D46629,CNER founded by ministerial decree,https://cner.gouvernement.lu/en/statuts-legislation.html,https://cner.gouvernement.lu/en/statuts-legislation.html,2026-07-30,accessible,200,0,text/html; charset=utf-8,90241,,,90241,7d4198636cd24d0272a4bb44966e40f947a8e5a16d6998804612d8505bd36e78,complete received body,initial baseline,not assessed,,true,,
LRS-9FCACAB9BE202C,Medical Research Act enters into force,https://www.pei.de/EN/regulation/medical-research-act/medical-research-act-node.html,https://www.pei.de/EN/regulation/medical-research-act/medical-research-act-node.html,2026-07-30,accessible,200,0,text/html;charset=utf-8,,,"Thu, 30 Jul 2026 19:07:51 GMT",64915,c4587ee88d007a405a581bdfb8aef81a96e2e78715380f54a75f4af7949686f1,complete received body,initial baseline,not assessed,,true,,
LRS-9FD8BB0BF0CEFD,RTU Press Publication Ethics Guidelines,https://www.rtu.lv/en/research/publications/rtu-press-publication-ethics-guidelines,https://www.rtu.lv/en/research/publications/rtu-press-publication-ethics-guidelines,2026-07-30,http-error,403,0,text/html; charset=UTF-8,,,,5870,62fe97ddc7f00a6ea9b2125a041f7d79487db983f05a2d1550b95e17dff65a6d,complete received body,initial baseline,not assessed,,true,,HTTP 403
LRS-A01901BFBFC1C4,HSE ethics-violations page,https://www.hse.ru/en/our/news/452136460.html,https://www.hse.ru/en/our/news/452136460.html,2026-07-30,network-error,,0,,,,,0,,none,initial unavailable baseline,not assessed,,true,fetch failed,network access failed
LRS-A019190AFBB447,Four domain-specific CDI ethics codes are approved,https://legislatie.just.ro/Public/DetaliiDocumentAfis/305731,https://legislatie.just.ro/Public/DetaliiDocumentAfis/305731,2026-07-30,network-error,,0,,,,,0,,none,initial unavailable baseline,not assessed,,true,fetch failed,network access failed
LRS-A060F8DF22303A,HESC doctoral dissertation guide,https://degrees.hesc.am/en/node/568,https://degrees.hesc.am/en/node/568,2026-07-30,accessible,200,0,text/html; charset=UTF-8,,,,47386,fa1af0f92aaaa26a98564fab8fc9bc62b1ef862f4f48028d8aa7b0e570e2d682,complete received body,initial baseline,not assessed,,true,,
LRS-A067B3C473E825,ENRIO Netherlands members page,https://www.enrio.eu/members/netherlands,https://www.enrio.eu/members/netherlands/,2026-07-30,redirected-accessible,200,1,text/html; charset=UTF-8,12713,,,47927,f975e7eb7aea4ba7d73d4ea2bce96642fcb6da350b671e95e700c189e59f7933,complete received body,initial baseline,human review required,,true,,redirect requires equivalence review
LRS-A06B33A9B06509,Institute of Ethnology CAS executive and advisory organs,https://www.eu.avcr.cz/en/about-us/executive-and-advisory-organs,https://www.eu.avcr.cz/en/about-us/executive-and-advisory-organs,2026-07-30,accessible,200,0,text/html;charset=UTF-8,38294,,"Thu, 30 Jul 2026 19:07:53 GMT",38294,d304e6eadddef8c1bcc7c6bd8a7361d802025318a80202e3bf6302c11b4b0dfb,complete received body,initial baseline,not assessed,,true,,
LRS-A081AE86110B05,LIST Code of Ethics,https://www.list.lu/fileadmin/files/What_drives_us/Code_of_Ethics.pdf,https://www.list.lu/fileadmin/files/What_drives_us/Code_of_Ethics.pdf,2026-07-30,accessible,200,0,application/pdf,696142,,"Fri, 19 Dec 2025 09:42:23 GMT",696142,3d89359002b4e2bf2179d6b41c62ed7e6ed06cc559cf30eba09ef24d976699fb,complete received body,initial baseline,not assessed,,true,,
LRS-A08F51686163B4,Procedure for Investigation of Research Misconduct,https://www.universityofgalway.ie/media/staffsub-sites/researchoffice/files/Procedure-for-Invest.-of-Research-Misconduct.pdf,https://www.universityofgalway.ie/media/staffsub-sites/researchoffice/files/Procedure-for-Invest.-of-Research-Misconduct.pdf,2026-07-30,accessible,200,0,application/pdf,,"W/""d8d47-60f155fa143f0""","Tue, 16 Jan 2024 19:45:33 GMT",888135,9bf67a07a75b704bbfd304810390fc5a114418b48242cd660e71412232e5a3db,complete received body,initial baseline,not assessed,,true,,
LRS-A095BC49FF0F17,Filozofski fakultet Mostar,https://ff.sum.ba/wp-content/uploads/sites/20/2025/03/eticki-kodeks_KB.pdf,https://ff.sum.ba/wp-content/uploads/sites/20/2025/03/eticki-kodeks_KB.pdf,2026-07-30,accessible,200,0,application/pdf,73438,"""11ede-62fbe0ac4c4d9""","Fri, 07 Mar 2025 10:25:31 GMT",73438,ff8b289751d5290137a6e53d14939c3fa3eff579f413d06071928512efe11729,complete received body,initial baseline,not assessed,,true,,
LRS-A0A76C9A766AEA,UCC Code of Research Conduct,https://www.ucc.ie/en/media/research/researchatucc/researchsupports/researchintegrity/UCCCodeofResearchConductV2.4-approved14thSeptember2021.pdf,https://www.ucc.ie/en/media/research/researchatucc/researchsupports/researchintegrity/UCCCodeofResearchConductV2.4-approved14thSeptember2021.pdf,2026-07-30,http-error,404,0,text/html; charset=UTF-8,847,"""34f-62e042b8eef8a""","Thu, 13 Feb 2025 11:15:05 GMT",847,b0b65daebd1804c6aa7bc6ddd9df9773b1c37ef3684be93f06cfa09c28514e85,complete received body,initial baseline,not assessed,,true,,HTTP 404
LRS-A0AD2CBAD7D296,Code of Ethics of the UoM,https://www.ucg.ac.me/skladiste/blog_6/objava_159200/fajlovi/02-0302%20Code%20of%20Ethics%20of%20the%20UoM.pdf,https://www.ucg.ac.me/skladiste/blog_6/objava_159200/fajlovi/02-0302%20Code%20of%20Ethics%20of%20the%20UoM.pdf,2026-07-30,accessible,200,0,application/pdf,348001,"""54f61-63ed322fff6ec""","Mon, 15 Sep 2025 08:53:26 GMT",348001,b4a7e60adec887043e4ecd506db4f95e6674fcf6e7a3b876df72c44826216b0d,complete received body,initial baseline,not assessed,,true,,
LRS-A0E51E52D18B3D,FNP adopts its code for beneficiaries and candidates,https://www.fnp.org.pl/images/documents/O%20nas%20-%20standardy%20dzialanosci/Code_of_Ethics_for_Beneficiaries_and_Candidates_in_Programmes_of_the_Foundation_for_Polish_Science.pdf,https://www.fnp.org.pl/images/documents/O%20nas%20-%20standardy%20dzialanosci/Code_of_Ethics_for_Beneficiaries_and_Candidates_in_Programmes_of_the_Foundation_for_Polish_Science.pdf,2026-07-30,accessible,200,0,application/pdf,582193,"""67e2c03a-8e231""","Tue, 25 Mar 2025 14:39:54 GMT",582193,b7f1c313bad686e35f4602511e9e2c74877dc901ea62f0a39172d5d816454a2a,complete received body,initial baseline,not assessed,,true,,
LRS-A144908B3154B3,FNRS scientific policy,https://www.frs-fnrs.be/en/our-commitments/scientific-policy,https://www.frs-fnrs.be/en/our-commitments/scientific-policy,2026-07-30,accessible,200,0,text/html; charset=UTF-8,,,,129536,dac31774929c9f72dfd6c6a8720a115b8a99f99014f23daa2b036f1fcf0c25bd,complete received body,initial baseline,not assessed,,true,,
LRS-A20891DA09114F,Code of Conduct for Scientific Integrity published,https://swiss-academies.ch/issues-and-tasks/scientific-integrity,https://swiss-academies.ch/issues-and-tasks/scientific-integrity,2026-07-30,accessible,200,0,text/html;charset=utf-8,,,,207835,992234cd6dfbc9ca512e6d1eeb3c992d887d0d4a7a1b09a45bf2454c5437a8b2,complete received body,initial baseline,not assessed,,true,,
LRS-A21E5DCABE0566,Charles University Code of Ethics,https://cuni.cz/UKEN-731.html,https://cuni.cz/UKEN-731.html,2026-07-30,accessible,200,0,text/html; charset=UTF-8,,,,57504,dc839662250225642a72f2a2c09c29adce0d8a73adcbaeec851f5a5ac9a2675a,complete received body,initial baseline,not assessed,,true,,
LRS-A22F00A7308339,Government bill 2018/19:58,https://www.regeringen.se/rattsliga-dokument/proposition/2019/03/prop.-20181958,https://www.regeringen.se/rattsliga-dokument/proposition/2019/03/prop.-20181958,2026-07-30,accessible,200,0,text/html; charset=utf-8,,,"Thu, 30 Jul 2026 19:07:55 GMT",207104,b7deb0293940da9a61e3245476d09e98ad0410b0826b53c046f0a80eda7c7a13,complete received body,initial baseline,not assessed,,true,,
LRS-A23E38975A0B14,ETF Ethics Board opinion - 25 February 2026,https://www.etf.unsa.ba/uploads/WEB_Misljenje_od_25_02_2026_c110f233af.pdf,https://www.etf.unsa.ba/uploads/WEB_Misljenje_od_25_02_2026_c110f233af.pdf,2026-07-30,accessible,200,0,application/pdf,348969,"""69a15857-55329""","Fri, 27 Feb 2026 08:39:51 GMT",348969,5dd6776e371f6e4a04048480c792033af9e2e3c3ab1ff9514354ea560913619f,complete received body,initial baseline,not assessed,,true,,
LRS-A294CE0613902F,Legislatie Just,https://legislatie.just.ro/Public/DetaliiDocumentAfis/283972,https://legislatie.just.ro/Public/DetaliiDocumentAfis/283972,2026-07-30,network-error,,0,,,,,0,,none,initial unavailable baseline,not assessed,,true,fetch failed,network access failed
LRS-A2C322CACC6C8E,Framework Law on Higher Education,https://hea.gov.ba/Content/Open/105?n=Okvirni_zakon_o_visokom_obrazovanju_u_Bosni_i_Hercegovini_%28%E2%80%9ESlu%C5%BEbeni_glasnik_Bosne_i_Hercegovine%E2%80%9C%2C_broj_5907_i_5909%29.pdf,https://hea.gov.ba/Content/Open/105?n=Okvirni_zakon_o_visokom_obrazovanju_u_Bosni_i_Hercegovini_%28%E2%80%9ESlu%C5%BEbeni_glasnik_Bosne_i_Hercegovine%E2%80%9C%2C_broj_5907_i_5909%29.pdf,2026-07-30,accessible,200,0,application/pdf,148811,,,148811,aefebf97b83af63ad39ef871255a97515a8143ff1f3c41510334b2d2dc3e2358,complete received body,initial baseline,not assessed,,true,,
LRS-A2E59ECC801B8A,Ethics in research at UP,https://www.upr.si/en/rector/news-and-announcements/5-research/ethics-in-research,https://www.upr.si/en/rector/news-and-announcements/5-research/ethics-in-research,2026-07-30,http-error,404,0,text/html; charset=utf-8,,,,61517,8caf6a383e2f8b8b6876e064783e4ac6f099577ac80440ec5294cdd3885fd88d,complete received body,initial baseline,not assessed,,true,,HTTP 404
LRS-A300861FBF8CED,Clinical Research Department page,https://www.tuseb.gov.tr/kurumsal/teskilat-yapisi/baskan-yardimcisi-1/klinik-arastirmalar-daire-baskanligi,https://www.tuseb.gov.tr/kurumsal/teskilat-yapisi/baskan-yardimcisi-1/klinik-arastirmalar-daire-baskanligi,2026-07-30,accessible,200,0,text/html; charset=UTF-8,147690,,,147690,7ea9c1086a8d3f43a2e3e63554bec4bb4d2e035075c539c7f56dddf8e8d3f159,complete received body,initial baseline,not assessed,,true,,
LRS-A30678355E71DB,Mostar Ethics Code,https://fzs.sum.ba/wp-content/uploads/2017/03/eticki-kodeks_KB.pdf,https://fzs.sum.ba/wp-content/uploads/2017/03/eticki-kodeks_KB.pdf,2026-07-30,accessible,200,0,application/pdf,73438,"""11ede-621eb83592545""","Thu, 12 Sep 2024 12:47:44 GMT",73438,ff8b289751d5290137a6e53d14939c3fa3eff579f413d06071928512efe11729,complete received body,initial baseline,not assessed,,true,,
LRS-A30B0F7C1D0C8E,Praxisleitfaden fuer Integritaet und Ethik in der Wissenschaft,https://oeawi.at/wp-content/uploads/2020/12/2020-10-20_Praxisleitfaden-fuer-Integritaet-und-Ethik-in-der-Wissenschaft_engl_.pdf,https://oeawi.at/wp-content/uploads/2020/12/2020-10-20_Praxisleitfaden-fuer-Integritaet-und-Ethik-in-der-Wissenschaft_engl_.pdf,2026-07-30,accessible,200,0,application/pdf,529638,"""814e6-604c3401c6340""","Thu, 07 Sep 2023 11:35:01 GMT",529638,b0c764b65d375501dd3ca87f614b669c154c1dcbe86a640b0bee3302c8bcd7e3,complete received body,initial baseline,not assessed,,true,,
LRS-A30C5179A823E2,Babes-Bolyai ethics commission page,https://www.ubbcluj.ro/ro/despre/organizare/comisia_de_etica,https://www.ubbcluj.ro/ro/despre/organizare/comisia_de_etica,2026-07-30,accessible,200,0,text/html; charset=UTF-8,30824,,,114420,bf92c4346c934bd4a160dfb592546a1d7f2783630c4308d1a209cabe59873bb5,complete received body,initial baseline,not assessed,,true,,
LRS-A358D2BA5F1D53,swissuniversities becomes the national higher-education coordination actor,https://www.swissuniversities.ch/en/topics/university-values/scientific-integrity,https://www.swissuniversities.ch/en/topics/university-values/scientific-integrity,2026-07-30,accessible,200,0,text/html; charset=utf-8,8955,,,41555,55c2497f875393349c90110c20a156528b41fc786e15d96e04289c6c944fe802,complete received body,initial baseline,not assessed,,true,,
LRS-A369A218D99F95,Code of Ethics for Scientists,https://www.lza.lv/images/Documents/2_Code_Of_Ethics_For_Scientists_ENG.pdf,https://www.lza.lv/images/Documents/2_Code_Of_Ethics_For_Scientists_ENG.pdf,2026-07-30,accessible,200,0,application/pdf,356318,"W/""5b3df-5efddd7fb6cc9""","Thu, 15 Dec 2022 13:29:33 GMT",373727,5d3b04b9bafea38629880cc71fdccda3f4303e0cf90417b1ec9b1b8883321adc,complete received body,initial baseline,not assessed,,true,,
LRS-A37C775E52A281,University of Andorra CoARA national chapters meeting,https://www.uda.ad/blog/andorra-hosts-the-second-meeting-of-the-coara-national-chapters,https://www.uda.ad/blog/andorra-hosts-the-second-meeting-of-the-coara-national-chapters,2026-07-30,http-error,404,0,text/html; charset=UTF-8,,,,228166,433a237f43b1f1fc7b21848ce530cfc69824c3a540d86f599ab3f9d5472c2904,complete received body,initial baseline,not assessed,,true,,HTTP 404
LRS-A3A8A00E5CC5E1,Education Code adopted,https://www.legis.md/cautare/downloadpdf/110112,https://www.legis.md/cautare/downloadpdf/110112,2026-07-30,http-error,403,0,text/html; charset=UTF-8,,,,5694,8ebc206783f2ae4e515cab7f335c43c02521953d19aff52744beadb36e3f6252,complete received body,initial baseline,not assessed,,true,,HTTP 403
LRS-A3B9D2A2F2B6BD,CNER home,https://cner.gouvernement.lu/en.html,https://cner.gouvernement.lu/en.html,2026-07-30,accessible,200,0,text/html; charset=utf-8,85672,,,85672,639dc787fbf160f0aa0e22c5d4b60a4d2db0f653815bf8d20722de39af8fcd0c,complete received body,initial baseline,not assessed,,true,,
LRS-A3CA7BCBA0AC18,University of Malta Research Code of Practice,https://www.um.edu.mt/media/um/docs/research/urec/ResearchCodeofPractice.pdf,https://www.um.edu.mt/media/um/docs/research/urec/ResearchCodeofPractice.pdf,2026-07-30,accessible,200,0,application/pdf,735048,"""b3748-60c77bfdc2d00""","Thu, 14 Dec 2023 12:51:59 GMT",735048,1825af993494b824381944423d94c4730892b551831927e0f097c8ed7362b5e8,complete received body,initial baseline,not assessed,,true,,
LRS-A3FF6241703881,Decision appointing National Council members,https://mzom.gov.hr/UserDocsImages/dokumenti/StrucnaTijela/Nvvzt/Odluka-o-imenovanju-clanova-NN-81-2023.pdf,https://mzom.gov.hr/UserDocsImages/dokumenti/StrucnaTijela/Nvvzt/Odluka-o-imenovanju-clanova-NN-81-2023.pdf,2026-07-30,accessible,200,0,application/pdf,92625,"""271a703e4463da1:0""","Mon, 19 Feb 2024 14:59:31 GMT",92625,fad2f02192e596585e8c15d9cfd217901566bf81e6dc5c4ee75ecaca8583a489,complete received body,initial baseline,not assessed,,true,,
LRS-A432E5EBC3DE13,Bordeaux integrity page,https://www.u-bordeaux.fr/recherche/ethique-de-la-recherche/integrite-scientifique,https://www.u-bordeaux.fr/recherche/ethique-de-la-recherche/integrite-scientifique,2026-07-30,accessible,200,0,text/html; charset=UTF-8,,,,321002,015cf23e91756dfd2430845e844c1df87ac6eafb895b81730f87a80bc7535ee7,complete received body,initial baseline,not assessed,,true,,
LRS-A44FDFFB135B0D,Charles University Ethics Commission Code of Procedure,https://cuni.cz/UKEN-1010.html,https://cuni.cz/UKEN-1010.html,2026-07-30,accessible,200,0,text/html; charset=UTF-8,,,,51718,36b2afe69dcb634b0a97aefd699fc3f1c596622599b00d922004ae0aab9add41,complete received body,initial baseline,not assessed,,true,,
LRS-A48862C5AEA9A3,DFG misconduct page,https://www.dfg.de/en/basics-topics/basics-and-principles-of-funding/good-research-practice/misconduct,https://www.dfg.de/en/basics-topics/basics-and-principles-of-funding/good-research-practice/misconduct,2026-07-30,accessible,200,0,text/html;charset=UTF-8,26019,,,326624,9e16ad6a74dc8f0b56db3c8d27684c259f73accd9f93a094814a6df035247d51,complete received body,initial baseline,not assessed,,true,,
LRS-A4DF88AD6FCF14,CEIC,https://www.ceic.pt/a-ceic,https://www.ceic.pt/a-ceic,2026-07-30,http-error,404,0,text/html;charset=UTF-8,6225,,,30551,5cd073f998db9973e169f29eba79c3cdadc52dae0d290b05d1a5ff8c9dde2020,complete received body,initial baseline,not assessed,,true,,HTTP 404
LRS-A4E9F3D02C5596,Act XCI of 2024 creates the new HUN-REN legal basis,https://hun-ren.hu/data/hun-ren/hirek/2024/december/Hungarian_Research_Network_Law_ID_XCI._2024._0.pdf,https://hun-ren.hu/data/hun-ren/hirek/2024/december/Hungarian_Research_Network_Law_ID_XCI._2024._0.pdf,2026-07-30,accessible,200,0,application/pdf,282684,"""677b96d6-4503c""","Mon, 06 Jan 2025 08:39:50 GMT",282684,0ac3dd30b7c6ade30660342c35582de6e9aa353e5550bd4c949dd2db36c432f0,complete received body,initial baseline,not assessed,,true,,
LRS-A5034122306C07,RSU Research Integrity,https://www.rsu.lv/en/research-integrity,https://www.rsu.lv/en/research-integrity,2026-07-30,accessible,200,0,text/html; charset=UTF-8,21307,"W/""1785435875""","Thu, 30 Jul 2026 18:24:35 GMT",69774,a510aca2350d27798f592abad868bdcf740a50742103089aee41219c683cd438,complete received body,initial baseline,not assessed,,true,,
LRS-A506F4031F9855,Caucasus International University Scientific Research Ethics Council notice,https://research.ciu.edu.ge/en/news/item/scientific-research-ethics-council-was-established-at-ciu,https://research.ciu.edu.ge/en/news/item/scientific-research-ethics-council-was-established-at-ciu,2026-07-30,accessible,200,0,text/html; charset=utf-8,,"""121brx49c912kyt""",,122169,d9aa0c16767405269b0eee17192f15016dc66c8d4e217f4ee5018731ac0440c5,complete received body,initial baseline,not assessed,,true,,
LRS-A52D0F6A913F5B,Higher Education Act establishes accreditation frame,https://www.sbfi.admin.ch/en/higher-education-accreditation,https://www.sbfi.admin.ch/en/higher-education-accreditation,2026-07-30,accessible,200,0,text/html;charset=utf-8,,,,302500,2e63a3287c7b10af7af2bd3262631305a0789373bc415328d183262e1bec424c,complete received body,initial baseline,not assessed,,true,,
LRS-A5517485A48C4B,CSB documents,https://bioetica.sm/documenti,https://bioetica.sm/documenti/,2026-07-30,redirected-accessible,200,1,text/html; charset=UTF-8,,,,186733,a4b22bd11d09a0979abbf4eb5708d5634ecb9273823b0c8e4f542bdc2cabe03f,complete received body,initial baseline,human review required,,true,,redirect requires equivalence review
LRS-A59A604F8D5D25,Ethics and integrity in research,https://www.uni-lj.si/en/research/ethics-and-integrity-in-research,https://www.uni-lj.si/en/research/ethics-and-integrity-in-research,2026-07-30,accessible,200,0,text/html; charset=utf-8,,"W/""fbad05fe53a10a5a7541e0be724496d7""",,57089,22c6caed262ed24360cba9d1a58c38ef9cc01cb7959801ba35c91bef6dead0ff,complete received body,initial baseline,not assessed,,true,,
LRS-A5B614B3450CE5,Law 240/2010 consolidated text,https://www.normattiva.it/eli/id/2011/01/14/011G0009/CONSOLIDATED/20231120,https://www.normattiva.it/eli/id/2011/01/14/011G0009/CONSOLIDATED/20231120,2026-07-30,accessible,200,0,text/html;charset=UTF-8,,,,83342,3b164c798005482687492d01e2234c21c5ace0cb3eae4739855e8c60d07b819c,complete received body,initial baseline,not assessed,,true,,
LRS-A5D47281067B18,Baseline assessment PDF,https://rm.coe.int/168070bfb5,https://rm.coe.int/168070bfb5,2026-07-30,accessible,200,0,application/pdf,3714138,,,1000000,e54183083d787036c3618d34f5709c11b584d4990f75bfa36798a29625cedd37,first 1000000 bytes,initial baseline,not assessed,,true,,
LRS-A5E01AC8F4B789,Amendments to the Secondary Use Act enter into force on 1 May 2026,https://findata.fi/en/news/amendments-to-the-finnish-secondary-use-act-enter-into-force-on-1-may-see-key-changes,https://findata.fi/en/news/amendments-to-the-finnish-secondary-use-act-enter-into-force-on-1-may-see-key-changes/,2026-07-30,redirected-accessible,200,1,text/html; charset=UTF-8,,,,69136,4e4ea70e3fc12734ce7c06e639ab5de34836804044caaadd5c6e3743d733b8f2,complete received body,initial baseline,human review required,,true,,redirect requires equivalence review
LRS-A5FAD1773D65EB,Responsible Research Barometer 2024,https://etikostarnyba.lt/wp-content/uploads/2024/09/RESPONSIBLE-TESEARCH-BAROMETER-2024.pdf,https://etikostarnyba.lt/wp-content/uploads/2024/09/RESPONSIBLE-TESEARCH-BAROMETER-2024.pdf,2026-07-30,accessible,200,0,application/pdf,3619887,,"Mon, 16 Sep 2024 08:02:16 GMT",1000000,7ae66d487316c603f6b1c7f1c0034dfaa154b71b1293887b967a6443f63581dc,first 1000000 bytes,initial baseline,not assessed,,true,,
LRS-A60763EF9433CD,UAM CEI,https://www.uam.es/uam/en/investigacion/comite-etica,https://www.uam.es/uam/en/investigacion/comite-etica,2026-07-30,accessible,200,0,text/html; charset=UTF-8,,,"Thu, 30 Jul 2026 19:07:59 GMT",58945,92a17cabe94229569b647960640004ba2da4dd2e5f21446111b779323de4ff38,complete received body,initial baseline,not assessed,,true,,
LRS-A61F2D43E622F5,FWO integrity clause,https://www.fwo.be/nl/ondersteuningsprogramma-s/clausule-wetenschappelijke-integriteit,https://www.fwo.be/nl/ondersteuningsprogramma-s/clausule-wetenschappelijke-integriteit,2026-07-30,accessible,200,0,text/html; charset=utf-8,,,,69962,96c34e21b52b880eb3866c856b5cd862828b7ffa087c5f904003e7f461482557,complete received body,initial baseline,not assessed,,true,,
LRS-A64BE0C302C1F7,National Council 2024 state-of-science report,https://nitra.gov.rs/images/nauka/akta-izvestaji/Izvestaj%20o%20stanu%20u%20nauci_2024_konacno.pdf,https://nitra.gov.rs/images/nauka/akta-izvestaji/Izvestaj%20o%20stanu%20u%20nauci_2024_konacno.pdf,2026-07-30,accessible,200,0,application/pdf,4294004,"""6908bd64-418574""","Mon, 03 Nov 2025 14:34:12 GMT",1000000,90af4d677b0a5add32ca28d245ae966c790548b1fb6ef81a10438d57129d555e,first 1000000 bytes,initial baseline,not assessed,,true,,
LRS-A65D37AFDCABD9,CInMED clinical investigation page,https://cinmed.me/en/medical-devices/clinical-investigation,https://cinmed.me/en/medical-devices/clinical-investigation/,2026-07-30,redirected-accessible,200,1,text/html; charset=UTF-8,,,,121396,e4300f73fb7da3238ce94c80f004b769b2762d83d203bd9b05b63f47407e5959,complete received body,initial baseline,human review required,,true,,redirect requires equivalence review
LRS-A66567D72E4A37,CNECSDTI decision clarifications page,https://www.research.gov.ro/precizari-cu-privire-la-deciziile-consiliului-national-de-etica-cercetarii-stiintifice-dezvoltarii-tehnologice-si-inovarii-cnecsdti-11349,https://www.research.gov.ro/precizari-cu-privire-la-deciziile-consiliului-national-de-etica-cercetarii-stiintifice-dezvoltarii-tehnologice-si-inovarii-cnecsdti-11349,2026-07-30,network-error,,0,,,,,0,,none,initial unavailable baseline,not assessed,,true,fetch failed,network access failed
LRS-A681291FE1146A,Animals in research,https://www.forskningsetikk.no/en/resources/the-research-ethics-library/research-and-environment/animals-in-research,https://www.forskningsetikk.no/en/resources/the-research-ethics-library/research-and-environment/animals-in-research,2026-07-30,accessible,200,0,text/html; charset=utf-8,,,,36720,10e92143329236244728a51ae84acc6d34c0a7ca32e5eff1b37b49a35103b1f4,complete received body,initial baseline,not assessed,,true,,
LRS-A702F6E321D672,Sorbonne University CER,https://cer.sorbonne-universite.fr/,https://cer.sorbonne-universite.fr/,2026-07-30,accessible,200,0,text/html; charset=UTF-8,,"""1785252543-gzip""","Tue, 28 Jul 2026 15:29:03 GMT",56967,35ec985cf289481a80d1b05e17f9d3ab4f6e996bb17c356b5f7244c76497c3db,complete received body,initial baseline,not assessed,,true,,
LRS-A738A19E1A485B,Data Protection Officer,https://www.poverenik.rs/en/data-protection/%D0%BB%D0%B8%D1%86%D0%B5-%D0%B7%D0%B0-%D0%B7%D0%B0%D1%88%D1%82%D0%B8%D1%82%D1%83-%D0%BF%D0%BE%D0%B4%D0%B0%D1%82%D0%B0%D0%BA%D0%B0-%D0%BE-%D0%BB%D0%B8%D1%87%D0%BD%D0%BE%D1%81%D1%82%D0%B8.html,https://poverenik.rs/en/data-protection/%D0%BB%D0%B8%D1%86%D0%B5-%D0%B7%D0%B0-%D0%B7%D0%B0%D1%88%D1%82%D0%B8%D1%82%D1%83-%D0%BF%D0%BE%D0%B4%D0%B0%D1%82%D0%B0%D0%BA%D0%B0-%D0%BE-%D0%BB%D0%B8%D1%87%D0%BD%D0%BE%D1%81%D1%82%D0%B8.html,2026-07-30,http-error,404,1,text/html; charset=UTF-8,,,,46642,94f616578af17f9799bbd4f233cfafcc5567e4e9cd2cc6ca2a3cea06bf395501,complete received body,initial baseline,human review required,,true,,redirect requires equivalence review | HTTP 404
LRS-A74704A5E6AD8F,Open science policy PDF,https://tubitak.gov.tr/sites/default/files/mevzuat/tubitak_acik_bilim_politikasi_190316.pdf,https://tubitak.gov.tr/sites/default/files/mevzuat/tubitak_acik_bilim_politikasi_190316.pdf,2026-07-30,accessible,200,0,application/pdf,98728,"""5c8cd033-181a8""","Sat, 16 Mar 2019 10:30:11 GMT",98728,955a79a5992da72593340596a795f5661de2a904d0bb1e257346730c406b4d4c,complete received body,initial baseline,not assessed,,true,,
LRS-A77E512DB6D597,University of Luxembourg Code of Conduct publication date,https://www.uni.lu/wp-content/uploads/sites/9/2023/09/200615-Code-of-Conduct-English-for-publication.pdf,https://www.uni.lu/wp-content/uploads/sites/9/2023/09/200615-Code-of-Conduct-English-for-publication.pdf,2026-07-30,accessible,202,0,text/html; charset=UTF-8,2087,,,2087,78697ac5662d476f0bcc49d2b20ffd50db467a5e88e6e14a53ce0e46fe34f72e,complete received body,initial baseline,not assessed,,true,,
LRS-A7941848EB33F4,About NEM,https://www.forskningsetikk.no/en/about-us/our-committees-and-commission/nem/about-nem,https://www.forskningsetikk.no/en/about-us/our-committees-and-commission/nem/about-nem,2026-07-30,accessible,200,0,text/html; charset=utf-8,,,,19517,12ebf9ad9ff9b10477767242c6db7f40110c7ed03846eb0a4cf7d7972d7f5a7a,complete received body,initial baseline,not assessed,,true,,
LRS-A79B2D6EE58D7E,Veterinary medicine and surgery law,https://legimonaco.mc/tnc/loi/2023/12-14-1.556,https://legimonaco.mc/tnc/loi/2023/12-14-1.556/,2026-07-30,redirected-accessible,200,1,text/html,,,"Wed, 27 May 2026 09:51:41 GMT",119751,c8c8f23f442496966e51b3d52c96a1415c374f1ee4cbab82d9b3a2b9c25591ba,complete received body,initial baseline,human review required,,true,,redirect requires equivalence review
LRS-A79CFBA3C13E1B,Act No. 269/2018,https://static.slov-lex.sk/static/SK/ZZ/2018/269/20260301.html,https://static.slov-lex.sk/static/SK/ZZ/2018/269/20260301.html,2026-07-30,accessible,200,0,text/html,,,,542663,79e7eb17d6c44f6e012c94d7f01cf3f893bfdb1f082685a8ade8fcfbe25efeb2,complete received body,initial baseline,not assessed,,true,,
LRS-A7D1938A3A8DDE,English Research Integrity Barometer published,https://tenk.fi/en/research-integrity-barometer,https://tenk.fi/en/research-integrity-barometer,2026-07-30,http-error,404,0,text/html; charset=UTF-8,,"""1785440146""","Thu, 30 Jul 2026 19:35:46 GMT",14804,e091d23f7fe469f7d2617f66c330a5414e83de3bf3f362f93d40be7eccf51f67,complete received body,initial baseline,not assessed,,true,,HTTP 404
LRS-A83F69585686B4,Agriculture and Food Board animal experiments and welfare,https://pta.agri.ee/loomkatsed-ja-katseloomade-heaolu,https://pta.agri.ee/loomkatsed-ja-katseloomade-heaolu,2026-07-30,http-error,403,0,text/html; charset=UTF-8,,,,5837,ca9e1bb4309b01564a6d9ae9271ff341b20ec04e11449b5cb4722aafd2f1546f,complete received body,initial baseline,not assessed,,true,,HTTP 403
LRS-A83FE1C55BA9B9,CSIC news on the declaration,https://www.csic.es/es/actualidad-del-csic/se-presenta-la-declaracion-nacional-sobre-integridad-cientifica,https://www.csic.es/es/actualidad-del-csic/se-presenta-la-declaracion-nacional-sobre-integridad-cientifica,2026-07-30,accessible,200,0,text/html; charset=UTF-8,,,,141746,3786955c35fba8dbb8e94f407f1f212d45ea560278e578492cf7927936de27e6,complete received body,initial baseline,not assessed,,true,,
LRS-A84C49FA387CCC,Clinical-trial ethics review shifts under the new Tukija-facing regime,https://tukija.fi/en/frontpage,https://tukija.fi/en/frontpage,2026-07-30,accessible,200,0,text/html;charset=UTF-8,,,,87020,073215442dc7717bce1a4a98f61de87b4caf79755480d37d3c3a10219f84ec67,complete received body,initial baseline,not assessed,,true,,
LRS-A8777C74CB89F8,French charter,https://www.hceres.fr/fr/CharteFrancaiseIntegriteScientifique,https://www.hceres.fr/fr/CharteFrancaiseIntegriteScientifique,2026-07-30,accessible,200,0,text/html; charset=UTF-8,43256,"""1785434657""","Thu, 30 Jul 2026 18:04:17 GMT",43256,b01dc2283c99d7c37a567f105f34d1315ef9709c075721369e5bcda6c083a13e,complete received body,initial baseline,not assessed,,true,,
LRS-A89270FE7C812C,Formas good to know before you apply,https://formas.se/en/start-page/apply-for-funding/how-it-works/good-to-know-before-you-apply.html,https://formas.se/en/start-page/apply-for-funding/how-it-works/good-to-know-before-you-apply.html,2026-07-30,accessible,200,0,text/html;charset=UTF-8,,,,108334,2cee5d98f2faa6c1b3016d4e5386cb8e37e62f101c99840278ff941fbc0a7a93,complete received body,initial baseline,not assessed,,true,,
LRS-A8998A8F4CC4A3,Approved HADYEKs page,https://hadmek.tarimorman.gov.tr/Sayfa/Detay/645,https://hadmek.tarimorman.gov.tr/Sayfa/Detay/645,2026-07-30,accessible,200,0,text/html; charset=utf-8,706084,,,706084,7ca813c51d1c3c10b0663cc775815e8495ef7542f297d7c2e3a8a1d552a989ac,complete received body,initial baseline,not assessed,,true,,
LRS-A89B39C407DB5C,CUT Open Access Author Fund,https://library.cut.ac.cy/en/open-access-author-fund,https://library.cut.ac.cy/en/open-access-author-fund,2026-07-30,accessible,200,0,text/html; charset=utf-8,,"""1785438480-1""","Thu, 30 Jul 2026 19:08:00 GMT",25708,d60dea77ec502ecd24855d6f213c539ddf31f8f2d1971f9815413450d45e17f5,complete received body,initial baseline,not assessed,,true,,
LRS-A8BD4C29B32F94,GIBTU meeting dates page,https://www.gibtu.edu.tr/fmbetikkurul/icerik/30822,https://www.gibtu.edu.tr/fmbetikkurul/icerik/30822,2026-07-30,accessible,200,0,text/html; charset=iso-8859-9,26967,,,74448,7de761c0444a4fce6c6faabe7d65faf58b03c2a909bc558e5150af6861993eac,complete received body,initial baseline,not assessed,,true,,
LRS-A8BF7EC178C16B,Competent education institutions,https://mcp.gov.ba/en/nadlezne-institucije-sektora-za-obrazovanje,https://mcp.gov.ba/en/nadlezne-institucije-sektora-za-obrazovanje,2026-07-30,accessible,200,0,text/html; charset=utf-8,44140,,,216041,bb7f247748a3d09cddf54a379352c08581141e46d226259d5664b8971e12ea6a,complete received body,initial baseline,not assessed,,true,,
LRS-A8C36BB3686FAC,Inserm creates the DIS,https://www.inserm.fr/nous-connaitre/delegation-a-lintegrite-scientifique,https://www.inserm.fr/nous-connaitre/delegation-a-lintegrite-scientifique,2026-07-30,http-error,404,0,text/html; charset=UTF-8,,,,61895,2a8be83a053c141f4c01eea7b2f74c0263d426ae481b7b71a65c2d91e64d7b2d,complete received body,initial baseline,not assessed,,true,,HTTP 404
LRS-A943475E3B6E8E,Responsible Research Practices at TU Wien,https://www.tuwien.at/en/research/rti-support/responsible-research-practices,https://www.tuwien.at/en/research/rti-support/responsible-research-practices,2026-07-30,accessible,200,0,text/html; charset=utf-8,30395,,"Wed, 29 Jul 2026 23:16:43 GMT",338449,4c040136fccd2c02ef1636e9d4574ef6c2b69927b240a8fb59e3dc8b75609e9c,complete received body,initial baseline,not assessed,,true,,
LRS-A95A9F07CF3564,Organizational Sciences and Management third-cycle programme,https://eccf.ukim.edu.mk/en/studies/third-cycle-studies/organizational-sciences-and-management,https://eccf.ukim.edu.mk/en/studies/third-cycle-studies/organizational-sciences-and-management/,2026-07-30,redirected-accessible,200,1,text/html; charset=UTF-8,27646,,"Thu, 30 Jul 2026 14:47:06 GMT",132595,3e5fefd453ee48517e23a4a3a4b3d425e0ae4c1dacac530eb4155d0c1582a02b,complete received body,initial baseline,human review required,,true,,redirect requires equivalence review
LRS-A95D3237788800,National Office for Research Ethics Committees opens,https://www.nrecoffice.ie/national-office-for-research-ethics-committees-celebrates-its-five-year-anniversary,https://www.nrecoffice.ie/national-office-for-research-ethics-committees-celebrates-its-five-year-anniversary/,2026-07-30,redirected-accessible,200,1,text/html; charset=UTF-8,,,,432738,0ba42dec917dfb90c5f25547cd454273b72a3200c39c48237aed290d3315c6d9,complete received body,initial baseline,human review required,,true,,redirect requires equivalence review
LRS-A9748A23BBD420,Oslo University Hospital / UiO research integrity route,https://www.oslo-universitetssykehus.no/en/research-support/law-ethics-and-personal-data-protection/research-integrity-issues,https://www.oslo-universitetssykehus.no/en/research-support/law-ethics-and-personal-data-protection/research-integrity-issues,2026-07-30,accessible,200,0,text/html; charset=utf-8,,,"Thu, 30 Jul 2026 19:08:01 GMT",40930,e111e2670ad3ccd4a233c8d75da012fbc9672e49b90285b9873989bf67418ae8,complete received body,initial baseline,not assessed,,true,,
LRS-A989390DA59F8C,Further and Higher Education Act,https://legislation.mt/eli/cap/607/eng/pdf,https://legislation.mt/eli/cap/607/eng/pdf,2026-07-30,accessible,200,0,text/html; charset=utf-8,20496,,,70099,a6a6fb6f0c740a2724a4027b69829e77893450e8a61df248e00fdbc553eae77e,complete received body,initial baseline,not assessed,,true,,
LRS-A98DE2B289DC21,UDG Ethics Code,https://integritet.udg.edu.me/storage/documents/etickikodeksudg21670496457-1678796241.pdf,https://integritet.udg.edu.me/storage/documents/etickikodeksudg21670496457-1678796241.pdf,2026-07-30,network-error,,0,,,,,0,,none,initial unavailable baseline,not assessed,,true,fetch failed,network access failed
LRS-A9B60E80022C51,Ethics Charter,https://www.gov.me/clanak/eticka-povelja,https://www.gov.me/clanak/eticka-povelja,2026-07-30,accessible,200,0,text/html; charset=utf-8,574786,"W/""8c542-tXR2fgDZTmR0zyFxzX3t1z/kTbM""",,574786,e493d7de5758588c56a763cb9dccbe847711e0e255ca01394f7c001e7adf91ae,complete received body,initial baseline,not assessed,,true,,
LRS-A9CF1094D90E81,UNIGE code of ethics and professional conduct,https://www.unige.ch/ethique/charter,https://www.unige.ch/ethique/charter,2026-07-30,accessible,200,0,text/html; charset=UTF-8,11786,,,50269,063bf9a84910523d74c1acacb1174a4bf1a719751bafc028d3fcee70c1ce9fc5,complete received body,initial baseline,not assessed,,true,,
LRS-A9F8B6DE05A57B,Swedish 3Rs Center,https://jordbruksverket.se/languages/english/animals/research-animals/the-swedish-3rs-center,https://jordbruksverket.se/languages/english/animals/research-animals/the-swedish-3rs-center,2026-07-30,http-error,404,0,text/html;charset=UTF-8,,,,70795,6150262a37f84af8d1ffaa07109c8f0efa60f646901d33ab156daf35d3af3a26,complete received body,initial baseline,not assessed,,true,,HTTP 404
LRS-AA0F22FD73B239,ALLEA European Code of Conduct for Research Integrity 2023,https://allea.org/portfolio-item/european-code-of-conduct-2023,https://allea.org/portfolio-item/european-code-of-conduct-2023/,2026-07-30,redirected-accessible,200,1,text/html; charset=UTF-8,,,,69201,852690038df9521346a6ecec3f02f1b998836708252466d97aea977ad59f4952,complete received body,initial baseline,human review required,,true,,redirect requires equivalence review
LRS-AA4CAA8F9E519C,Research integrity and ethics policy,https://medarbetare.su.se/en/our-su/governance/rules--regulations/research/stockholm-universitys-research-integrity-and-ethics-policy,https://medarbetare.su.se/en/our-su/governance/rules--regulations/research/stockholm-universitys-research-integrity-and-ethics-policy,2026-07-30,accessible,200,0,text/html;charset=UTF-8,,,,265062,ee5df48d23d958048205d2cc71afa06cab28b930d44d8e284c7a58479ed2a8d9,complete received body,initial baseline,not assessed,,true,,
LRS-AA9B5503967896,Report suspected misconduct,https://www4.uib.no/en/research/research-ethics/report-suspected-misconduct,https://www4.uib.no/en/research/research-ethics/report-suspected-misconduct,2026-07-30,accessible,200,0,text/html; charset=UTF-8,10435,"W/""1785396957""","Thu, 30 Jul 2026 07:35:57 GMT",36806,7a07eb5ca08ff4b151e96ec38431b095abf4fd54355649ede267b372029faaf1,complete received body,initial baseline,not assessed,,true,,
LRS-AAC0B93FEE238A,NAQA annual report 2022,https://en.naqa.gov.ua/wp-content/uploads/2025/05/ANNUAL-REPORT-OF-NAQA-FOR-QUALITY-ASSURANCE-IN-HIGHER-EDUCATION-FOR-2022.pdf,https://en.naqa.gov.ua/wp-content/uploads/2025/05/ANNUAL-REPORT-OF-NAQA-FOR-QUALITY-ASSURANCE-IN-HIGHER-EDUCATION-FOR-2022.pdf,2026-07-30,accessible,200,0,application/pdf,4378137,"""42ce19-635282a8862bd""","Thu, 15 May 2025 08:08:08 GMT",1000000,28634abae4aedf987b23ba77374e918c61b7792448923a9f8b560ba6575b7ee4,first 1000000 bytes,initial baseline,not assessed,,true,,
LRS-AAC2C6CA410D51,The Research Ethics Committee,https://www.uib.no/en/foremployees/50472/research-ethics-committee,https://www.uib.no/en/foremployees/50472/research-ethics-committee,2026-07-30,accessible,200,0,text/html; charset=utf-8,,"W/""1785431566-1""","Thu, 30 Jul 2026 17:12:46 GMT",36358,2c9608d1ca251bc19c0463fb5414f96d85396c99c0078a01dde2891c92b4cd74,complete received body,initial baseline,not assessed,,true,,
LRS-AAC917234FC13A,Code of Ethics PDF,https://www.uni-corvinus.hu/contents/uploads/2023/08/EN_II.I.11_Etikai_Kodex_2011_december_19_ln.7b3.pdf,https://www.uni-corvinus.hu/contents/uploads/2023/08/EN_II.I.11_Etikai_Kodex_2011_december_19_ln.7b3.pdf,2026-07-30,accessible,200,0,application/pdf,139981,,,139981,232ec507577edf0e07f3d795e4a108f8e29cbe356afcf0f4ee2921a826218d1f,complete received body,initial baseline,not assessed,,true,,
LRS-AACA823A13AE3D,CYQAA law page,https://dipae.ac.cy/index.php/en/cyqaa-en/law-en,https://dipae.ac.cy/index.php/en/cyqaa-en/law-en,2026-07-30,accessible,200,0,text/html; charset=utf-8,,,"Thu, 30 Jul 2026 19:08:04 GMT",101458,fc42312223f6b4b6ab95306cfcfb23f0914f17edf92520e7b91e55a7c185dab9,complete received body,initial baseline,not assessed,,true,,
LRS-AAD8D89B770AB5,Biomedical research law amendments refine regional committee establishment,https://lsmu.lt/en/about-lsmu/structure/general-departments-of-the-university/other-departments/kaunas-regional-biomedical-research-ethics-committee,https://lsmu.lt/en/about-lsmu/structure/general-departments-of-the-university/other-departments/kaunas-regional-biomedical-research-ethics-committee/,2026-07-30,redirected-accessible,200,1,text/html; charset=UTF-8,,,,83045,ac95bc03993a675212169998dca115f74b51919bb2fd9d6f873321958f91f736,complete received body,initial baseline,human review required,,true,,redirect requires equivalence review
LRS-AAEB92152B8AEF,CY-Biobank External Ethics Advisory Board,https://biobank.cy/external-ethics-advisory-board,https://biobank.cy/external-ethics-advisory-board/,2026-07-30,redirected-accessible,200,1,text/html; charset=UTF-8,,,"Thu, 30 Jul 2026 19:13:03 GMT",159004,d6daff8571d17de70ac31e2cfde7ed40fc4f435fe5165945a11dbf6b99de77c7,complete received body,initial baseline,human review required,,true,,redirect requires equivalence review
LRS-AB0F923CEEA3F2,Freedom of scientific research restated in information and media law,https://www.gov.sm/pub1/GovSM/dam/jcr%3A907dcb22-18d1-464f-8242-e580ab4b065d/L040-2023.pdf,https://www.gov.sm/pub1/GovSM/dam/jcr%3A907dcb22-18d1-464f-8242-e580ab4b065d/L040-2023.pdf,2026-07-30,accessible,200,0,application/pdf;charset=UTF-8,456376,,"Wed, 08 Mar 2023 12:37:13 GMT",456376,296f3181a55fa02d1a796467bcb59cf0d580b24bdf5dd9ebb3f1a5b18945015e,complete received body,initial baseline,not assessed,,true,,
LRS-AB3BBE9FAEF5CA,ALMBIH clinical trials page,https://almbih.gov.ba/hr/klinicka-ispitivanja-2,https://almbih.gov.ba/hr/klinicka-ispitivanja-2/,2026-07-30,redirected-accessible,200,1,text/html; charset=UTF-8,,,,83072,54af0e8dc9bbd12f07e805ebcc889b82985083dc8f4117c0280b5d31419020e4,complete received body,initial baseline,human review required,,true,,redirect requires equivalence review
LRS-AB51A95CB06E29,Law on Scientific Activity,https://likumi.lv/ta/en/en/id/107337-law-on-scientific-activity,https://likumi.lv/ta/en/en/id/107337-law-on-scientific-activity,2026-07-30,accessible,200,0,text/html; charset=utf-8,,,,160885,c2e53bb38eda11df67f48bad37a5b7d7281a37114d4a92cd0ea59bab3f74a68f,complete received body,initial baseline,not assessed,,true,,
LRS-AB61510A4D0450,UNL complaint publications 2026,https://www.universiteitenvannederland.nl/overzicht-publicaties-klachten-wetenschappelijke-integriteit-2026,https://www.universiteitenvannederland.nl/overzicht-publicaties-klachten-wetenschappelijke-integriteit-2026,2026-07-30,accessible,200,0,text/html; charset=UTF-8,,"W/""1785147261""","Mon, 27 Jul 2026 10:14:21 GMT",97859,11d8e65631b61be22bf743f537943b653f04cf568eb58d5d337da231031679ac,complete received body,initial baseline,not assessed,,true,,
LRS-AB64B24021C0D0,UKIM Code of Ethics page,https://ukim.edu.mk/univerzitet/dokumenti-2/normativni-akti-2/drugi-akti/etichki-kodeks,https://ukim.edu.mk/univerzitet/dokumenti-2/normativni-akti-2/drugi-akti/etichki-kodeks/,2026-07-30,redirected-accessible,200,1,text/html; charset=UTF-8,,,,276683,25d4327e001ed46e043d8477b39986d1aa5115c107f1c5c1283354116b4e1572,complete received body,initial baseline,human review required,,true,,redirect requires equivalence review
LRS-AB8F781B68D7CD,GSRI official website,https://gsri.gov.gr/en,https://gsri.gov.gr/en,2026-07-30,network-error,,0,,,,,0,,none,initial unavailable baseline,not assessed,,true,fetch failed,network access failed
LRS-ABA39050B52C63,Government of the Russian Federation,https://government.ru/docs/all/96209,https://government.ru/docs/all/96209,2026-07-30,network-error,,0,,,,,0,,none,initial unavailable baseline,not assessed,,true,fetch failed,network access failed
LRS-AC2774E0B8B6B7,About the Office,https://nkfih.gov.hu/about-the-office,https://nkfih.gov.hu/about-the-office,2026-07-30,accessible,200,0,text/html; charset=UTF-8,23389,,,186174,8b4740e48e687a3f14e69446cc179b6367a6a74fc8a3c5054a3d3c8fff5c8118,complete received body,initial baseline,not assessed,,true,,
LRS-AC2B409150E727,CYQAA doctorate degree accredited programmes,https://www.dipae.ac.cy/index.php/en/accreditation-en/accredited-programmes-doctorate-en,https://www.dipae.ac.cy/index.php/en/accreditation-en/accredited-programmes-doctorate-en,2026-07-30,accessible,200,0,text/html; charset=utf-8,,,"Thu, 30 Jul 2026 19:08:06 GMT",342103,3f3376d40d0e60fe218e2b8b080faec29ecc2bbae41501a898099c39ce5ec538,complete received body,initial baseline,not assessed,,true,,
LRS-AC2E273541B561,UKIM self-evaluation reports directory,https://ukim.edu.mk/univerzitet/kvalitet/samoevaluacija,https://ukim.edu.mk/univerzitet/kvalitet/samoevaluacija/,2026-07-30,redirected-accessible,200,1,text/html; charset=UTF-8,,,,190819,d785b2aa28799863a59fb8a8f197834b6b8cbf80d0c7495229ce0d1e14e464ad,complete received body,initial baseline,human review required,,true,,redirect requires equivalence review
LRS-AC31D76DA82ECC,Complaints on the quality of studies,https://skvc.lrv.lt/en/quality-assurance/complaints-on-the-quality-of-studies,https://skvc.lrv.lt/en/quality-assurance/complaints-on-the-quality-of-studies,2026-07-30,http-error,403,0,text/html; charset=UTF-8,,,,5837,fdbb29fa60cb189bc693e45fd201e811b6623c572f5110654b47c77a4d54968f,complete received body,initial baseline,not assessed,,true,,HTTP 403
LRS-AC43C2990C433B,YÖK,https://proje.yok.gov.tr/tr/page/635,https://proje.yok.gov.tr/tr/page/635,2026-07-30,accessible,200,0,text/html; charset=UTF-8,,,,116939,e2f6c4f953fb3e812d2e041ff49378f8754a0af9010f2338877bfca50b6f654c,complete received body,initial baseline,not assessed,,true,,
LRS-AC443AFE221779,AIFA Clinical Trials Office,https://www.aifa.gov.it/ufficio-sperimentazioni-cliniche,https://www.aifa.gov.it/ufficio-sperimentazioni-cliniche,2026-07-30,network-error,,0,,,,,0,,none,initial unavailable baseline,not assessed,,true,fetch failed,network access failed
LRS-ACD98B64B60BD8,Committee page,https://www.upjs.sk/kvalita/etika/eticka-komisia-upjs-v-kosiciach,https://www.upjs.sk/kvalita/etika/eticka-komisia-upjs-v-kosiciach/,2026-07-30,redirected-accessible,200,1,text/html; charset=UTF-8,,,"Thu, 30 Jul 2026 17:15:07 GMT",321272,beaedf386671c351c3bf94cc0541b0e38dd0cee3d4da4a1c5f788b9e566405d9,complete received body,initial baseline,human review required,,true,,redirect requires equivalence review
LRS-AD00098F457267,FWF statistics on suspected violations,https://www.fwf.ac.at/en/funding/steps-to-your-fwf-project/further-information/statistics-on-suspected-violations-of-the-guidelines-for-good-scientific-practice,https://www.fwf.ac.at/en/funding/steps-to-your-fwf-project/further-information/statistics-on-suspected-violations-of-the-guidelines-for-good-scientific-practice,2026-07-30,accessible,200,0,text/html; charset=utf-8,,,,109084,b4a96c0fda1a1779785e2aa454112260b8c58ce075062095a59279f281ddfe91,complete received body,initial baseline,not assessed,,true,,
LRS-AD3E5DCA27B888,Ministry article on strengthening research integrity,https://www.minedu.sk/slovenske-vedecke-institucie-smeruju-k-upevneniu-vyskumnej-integrity,https://www.minedu.sk/slovenske-vedecke-institucie-smeruju-k-upevneniu-vyskumnej-integrity,2026-07-30,accessible,200,0,text/html; charset=UTF-8,,,,41105,b8560e35ad51b2cb7d1bf59c3d4395bd074df88a5b3d9fde8cd88acb24934e90,complete received body,initial baseline,not assessed,,true,,
LRS-ADBA5009D8994C,Organisation of Research and Development and Innovation Act,https://www.riigiteataja.ee/en/eli/ee/516102025001/consolide,https://www.riigiteataja.ee/en/eli/ee/516102025001/consolide,2026-07-30,http-error,403,0,text/html; charset=UTF-8,,,,5837,5863c4381483a4d7307a9769587f077cedecc9f5fd150fbfa703de47e3647b99,complete received body,initial baseline,not assessed,,true,,HTTP 403
LRS-ADC1101A6E2038,NRFU supervisory board,https://nrfu.org.ua/en/about-us/fund-structure/supervisory-board,https://nrfu.org.ua/en/about-us/fund-structure/supervisory-board/,2026-07-30,redirected-accessible,200,1,text/html; charset=UTF-8,15943,,,70602,19313fe6851162340afbd0310e924d32beccffa1245aaf9360e065f873cbd248,complete received body,initial baseline,human review required,,true,,redirect requires equivalence review
LRS-ADD52ED09FCE40,Medical University Sofia HRS4R Action Plan,https://mu-sofia.bg/wp-content/uploads/2022/11/1-Action-Plan_MUS.pdf,https://mu-sofia.bg/wp-content/uploads/2022/11/1-Action-Plan_MUS.pdf,2026-07-30,accessible,200,0,application/pdf,,,"Wed, 30 Nov 2022 13:04:26 GMT",518597,30e01c0f7ec74b6301773e1694e3de4c546d8175b6972e4f8a8def4fa1ad95d1,complete received body,initial baseline,not assessed,,true,,
LRS-ADD7A57C2478EA,Government third-cycle grants,https://www.govern.ad/ca/ministeris-i-secretaries-d-estat/ministeri-de-relacions-institucionals-educacio-i-universitats/departament-d-ensenyament-superior-recerca-i-innovacio-tecnologica/recerca/ajuts-a-la-recerca/ajuts-de-3r-cicle,https://www.govern.ad/ca/ministeris-i-secretaries-d-estat/ministeri-de-relacions-institucionals-educacio-i-universitats/departament-d-ensenyament-superior-recerca-i-innovacio-tecnologica/recerca/ajuts-a-la-recerca/ajuts-de-3r-cicle,2026-07-30,accessible,200,0,text/html;charset=UTF-8,73034,,,685963,bed3fd97e1acabd1ca065d3d0b2303617571e372f6c9936a695eb40e690ed5b4,complete received body,initial baseline,not assessed,,true,,
LRS-ADD86408C7AD76,DFG security-relevant research,https://www.dfg.de/en/basics-topics/basics-and-principles-of-funding/security-relevant-research,https://www.dfg.de/en/basics-topics/basics-and-principles-of-funding/security-relevant-research,2026-07-30,accessible,200,0,text/html;charset=UTF-8,27709,,,335282,50a9a4035b0f73e51f7c708b2dbfb0a2139811afa25d5d0e0e02971ed743f25b,complete received body,initial baseline,not assessed,,true,,
LRS-AE05E600D8658F,General Directorate of Industrial Property,https://dppi.gov.al/en,https://dppi.gov.al/en/,2026-07-30,redirected-accessible,200,1,text/html; charset=UTF-8,,,,289738,c462912807ae3faa902eec559a16c8479d65e691ae6be3dba1d9a9a99512c8ad,complete received body,initial baseline,human review required,,true,,redirect requires equivalence review
LRS-AE3B5133CEE620,The Icelandic Centre for Research,https://en.rannis.is/media/rannsoknasjodur/IRF-Handbook-2017-ENGLISH.pdf,https://en.rannis.is/media/rannsoknasjodur/IRF-Handbook-2017-ENGLISH.pdf,2026-07-30,accessible,200,0,application/pdf,658798,,"Thu, 09 Jun 2016 14:19:54 GMT",658798,d954abe6a03acc1e4bff4fa16c3af03a4934c319ea54306b328da5a457464f3f,complete received body,initial baseline,not assessed,,true,,
LRS-AE40DBDC8B5E19,Medr research and innovation,https://www.medr.cymru/en/research-and-innovation,https://www.medr.cymru/en/research-and-innovation/,2026-07-30,redirected-accessible,200,1,text/html; charset=UTF-8,,,,77145,9e52dd63c1ac8978815dfc049752be50e8b9e6de2c11a3ab5d60f9ac646558ac,complete received body,initial baseline,human review required,,true,,redirect requires equivalence review
LRS-AE56292C5F5582,Procedures - supporting good research practice and handling suspected deviations,https://www.umu.se/en/legal-framework/research,https://www.umu.se/en/legal-framework/research/,2026-07-30,redirected-accessible,200,1,application/json; charset=utf-8,22741,"""578107266""",,22741,e5f62152c0ce9f5d575ba8ad2693baa61f52d6398beefe2a34afe3a14bcd896b,complete received body,initial baseline,human review required,,true,,redirect requires equivalence review
LRS-AE594218CB87C9,U.Porto Code of Ethics 2026,https://www.up.pt/portal/documents/2090/Codigo_Etica_2026.pdf,https://www.up.pt/portal/documents/2090/Codigo_Etica_2026.pdf,2026-07-30,timeout,,0,,,,,0,,none,initial unavailable baseline,not assessed,,true,This operation was aborted,request timed out
LRS-AE6190119D860D,GA CR legislation,https://gacr.cz/en/legislation,https://gacr.cz/en/legislation/,2026-07-30,redirected-accessible,200,1,text/html; charset=UTF-8,13219,,,56971,d186e3bdc006dd152f69e7c55ec35f01708e038862d636c5da0e23fe4b53316a,complete received body,initial baseline,human review required,,true,,redirect requires equivalence review
LRS-AE8125016B3752,Danish Board on Research Misconduct,https://ufsn.dk/english/about-us/councils-and-commissions/the-danish-board-on-research-misconduct,https://ufsn.dk/english/about-us/councils-and-commissions/the-danish-board-on-research-misconduct,2026-07-30,accessible,200,0,text/html; charset=utf-8,,,,53751,8aef22a0c1804caa9cea659633212e7fc37953223dc66ad5dc10027998347f5c,complete received body,initial baseline,not assessed,,true,,
LRS-AE9511559DF499,Annual report of the National Council 2024-2025,https://nvvoztr.gov.hr/UserDocsImages/dokumenti/Godi%C5%A1nje%20izvje%C5%A1%C4%87e%20Nacionalnog%20vije%C4%87a_2024-2025.pdf,https://nvvoztr.gov.hr/UserDocsImages/dokumenti/Godi%C5%A1nje%20izvje%C5%A1%C4%87e%20Nacionalnog%20vije%C4%87a_2024-2025.pdf,2026-07-30,accessible,200,0,application/pdf,5561176,"""a2347c4961cdc1:0""","Tue, 02 Sep 2025 12:37:04 GMT",1000000,166538a04c9d6c7522570f6e8dae244047d9fbe7831b90d36d1177195aa11904,first 1000000 bytes,initial baseline,not assessed,,true,,
LRS-AEA72A0422E5E5,Office ETINED appointment,https://etikostarnyba.lt/en/ombudsperson-dr-reda-cimmperman-appointed-as-lithuanias-representative-to-the-etined-platform-a-significant-step-toward-strengthening-ethics-and-transparency-in-the-academic-community,https://etikostarnyba.lt/en/ombudsperson-dr-reda-cimmperman-appointed-as-lithuanias-representative-to-the-etined-platform-a-significant-step-toward-strengthening-ethics-and-transparency-in-the-academic-community/,2026-07-30,redirected-accessible,200,1,text/html; charset=UTF-8,,,"Thu, 30 Jul 2026 19:08:10 GMT",181323,5096ff5d881392174153dbd8106af6e3c20ccd848a3b01381f5c1407a9964d26,complete received body,initial baseline,human review required,,true,,redirect requires equivalence review
LRS-AEBB8EA249ECF9,SEEU Report corruption,https://seeu.edu.mk/en/about/important-documents/ipkpak,https://seeu.edu.mk/en/about/important-documents/ipkpak,2026-07-30,accessible,200,0,text/html; charset=utf-8,,,,24808,aa09f8167cb8cc6f8da3ec21c6e3fad5302626936ca3bda66a6c2bb537d1c687,complete received body,initial baseline,not assessed,,true,,
LRS-AED420EF978C4C,Animal experimentation ban recorded in the law archive,https://www.consigliograndeegenerale.sm/on-line/home/archivio-leggi-decreti-e-regolamenti/scheda17016195.html,https://www.consigliograndeegenerale.sm/on-line/home/archivio-leggi-decreti-e-regolamenti/scheda17016195.html,2026-07-30,accessible,200,0,text/html;charset=ISO-8859-1,,,,11194,0d83f33bd4b0be3e265d434d9290c2c6a0b64909908e93517e06fb593484cfaf,complete received body,initial baseline,not assessed,,true,,
LRS-AED4D8D19D725D,CEPAFIC,https://www.mapa.gob.es/es/ganaderia/temas/bienestar-animal/en-la-investigacion/cepafic,https://www.mapa.gob.es/es/ganaderia/temas/bienestar-animal/en-la-investigacion/cepafic,2026-07-30,http-error,404,0,text/html;charset=UTF-8,,,,28283,bcdd3c22972078beb36dbcf15201fbb44d2dc5c9af1432d24ceb18d111eb63be,complete received body,initial baseline,not assessed,,true,,HTTP 404
LRS-AEF167579D0FC7,Sarajevo Canton Higher Education Law,https://hea.gov.ba/Content/Open/102213?n=ZAKON_O_VISOKOM_OBRAZOVANjU_%28Sl._novine_Kantona_Sarajevo%2C_br._36_2022_i_28_2025%29.pdf,https://hea.gov.ba/Content/Open/102213?n=ZAKON_O_VISOKOM_OBRAZOVANjU_%28Sl._novine_Kantona_Sarajevo%2C_br._36_2022_i_28_2025%29.pdf,2026-07-30,accessible,200,0,application/pdf,337007,,,337007,c001873e3527f74dc22059b64a76bf083b68bf6272ede670035e02d8bc3e5c08,complete received body,initial baseline,not assessed,,true,,
LRS-AF0AED751E123D,Good Academic Practice and Academic Ethics,https://www.emu.ee/en/good-academic-practice-and-academic-ethics,https://www.emu.ee/en/good-academic-practice-and-academic-ethics,2026-07-30,http-error,403,0,text/html; charset=UTF-8,,,,5837,9c4e04c542fe4223cca5903905e2fd94ecfab0e8872cbcacf3985283ed2a9282,complete received body,initial baseline,not assessed,,true,,HTTP 403
LRS-AF2F38DDFFB3B7,UNIBL HRS4R survey analysis 2021-2022,https://unibl.org/uploads/files/strane/nauka/mm-novo/09%20en%20Analysis%20CC%20survey%202021-2022.pdf,https://unibl.org/uploads/files/strane/nauka/mm-novo/09%20en%20Analysis%20CC%20survey%202021-2022.pdf,2026-07-30,accessible,200,0,application/pdf,686174,"""6299c314-a785e""","Fri, 03 Jun 2022 08:15:16 GMT",686174,f0546f05794069cc3d0e210ef6e238dfd51b789cbd7ba016fa6dacc8440e4a47,complete received body,initial baseline,not assessed,,true,,
LRS-AF3BAA4922BF94,FAMHP role,https://www.famhp.be/en/the_role_of_the_famhp,https://www.famhp.be/en/the_role_of_the_famhp,2026-07-30,accessible,200,0,text/html; charset=UTF-8,6324,"W/""1785438490""","Thu, 30 Jul 2026 19:08:10 GMT",24735,5f761d2e2f0e1e4af65ba50c25f2ef3f86dbb70a3d51c0e5c295e15e0d590508,complete received body,initial baseline,not assessed,,true,,
LRS-AF3D852B71B208,APDP data-protection law explainer,https://apdp.mc/wp-content/uploads/2025/01/La-nouvelle-Loi-en-9-points-cles.pdf,https://apdp.mc/wp-content/uploads/2025/01/La-nouvelle-Loi-en-9-points-cles.pdf,2026-07-30,accessible,200,0,application/pdf,94644,,"Wed, 22 Jan 2025 17:16:44 GMT",94644,87f6d7f03737d440304afd6484e97ef6ea79ca065e3224ec7d833a17379f4682,complete received body,initial baseline,not assessed,,true,,
LRS-AF41F0F307F6BD,SEEU Internal Evaluation,https://www.seeu.edu.mk/en/about/quality-assurance-management/quality-evaluation/internal-evaluation,https://www.seeu.edu.mk/en/about/quality-assurance-management/quality-evaluation/internal-evaluation,2026-07-30,accessible,200,0,text/html; charset=utf-8,,,,30716,c787a63b47e4f3ed2d99f38ab790fc8fc08a87e3bd47b0ad2b8012de7c6b40a9,complete received body,initial baseline,not assessed,,true,,
LRS-AF95ED9F753476,About the Commission,https://www.kpk-rs.si/en/about-commission/about-the-commission,https://www.kpk-rs.si/en/about-commission/about-the-commission,2026-07-30,accessible,200,0,text/html; charset=UTF-8,,,,59635,669aa9c60677e9aa04b9555a24f64dcbd0b4722b717d55465e650c48d6b916c9,complete received body,initial baseline,not assessed,,true,,
LRS-AFAB13551E7599,HRZZ adopts its Code of Ethics,https://hrzz.hr/wp-content/uploads/2020/08/HRZZ-Code-of-Ethics.pdf,https://hrzz.hr/wp-content/uploads/2020/08/HRZZ-Code-of-Ethics.pdf,2026-07-30,accessible,200,0,application/pdf,343047,"""53c07-5f2cf982-1472f2;;;""","Fri, 07 Aug 2020 06:49:38 GMT",343047,e799c6456f62d1651ba261f831fb66c47901a2d3deb2b18e6275351193652a60,complete received body,initial baseline,not assessed,,true,,
LRS-AFB2777831C5BA,VU Senate,https://www.vu.lt/en/about-vu/structure/university-senate,https://www.vu.lt/en/university/structure/vu-senate,2026-07-30,redirected-accessible,200,1,text/html; charset=utf-8,,,,277451,3fc781f1be58b8a8bfdcf1bb78b3421955b54a3ef7862f338982ede1693f1abf,complete received body,initial baseline,human review required,,true,,redirect requires equivalence review
LRS-AFC4A76EC04CCA,Npof statistics,https://npof.se/en/statistics,https://npof.se/en/statistics,2026-07-30,network-error,,0,,,,,0,,none,initial unavailable baseline,not assessed,,true,fetch failed,network access failed
LRS-AFC8C3331F3A30,RCE,https://redcomitesetica.es/,https://redcomitesetica.es/,2026-07-30,accessible,200,0,text/html;charset=utf-8,10024,,,37525,28add7c141eba1bdd61630d8b92c1d638f6e70669347d722b926cd88d663031f,complete received body,initial baseline,not assessed,,true,,
LRS-AFDDCEA6BA013C,Bioethics.gov.cy,https://www.bioethics.gov.cy/Moh/cnbc/cnbc.nsf/0/98250101CC184B0BC2257CCA003B6288/%24file/The%20Bioethics%20Establishment%20and%20Function%20of%20the%20National%20Bioethics%20Committee%20Law%20-%20English%20Translation.pdf,https://www.gov.cy/bioethics/,2026-07-30,http-error,403,1,text/html,,,,7867,64054a5404aeb9b0e2b6cf81a89015619ef9ac6bb249b285edbe6812d6e65581,complete received body,initial baseline,human review required,,true,,redirect requires equivalence review | HTTP 403
LRS-B058B86F353060,Research Integrity Policy QA514,https://www.universityofgalway.ie/media/staffsub-sites/researchoffice/Research-Integrity-Policy-QA514.pdf,https://www.universityofgalway.ie/media/staffsub-sites/researchoffice/Research-Integrity-Policy-QA514.pdf,2026-07-30,accessible,200,0,application/pdf,,"W/""44a73-63aaf65f35e80""","Thu, 24 Jul 2025 16:34:24 GMT",281203,55a5f0116d6caa5a32a60018e1f8b965f26d83f2c4978e4e275201daa1e807ae,complete received body,initial baseline,not assessed,,true,,
LRS-B05DF16C38F08F,Вольное сетевое сообщество «Диссернет»,https://dissernet.org/about,https://dissernet.org/about,2026-07-30,accessible,200,0,text/html; charset=UTF-8,,,,92127,cdbfdd6af82e4082eb31d06dde5dcb961c395e9e6ddd571291696a5d2570f215,complete received body,initial baseline,not assessed,,true,,
LRS-B08AE7009E34BC,Acad.ro,https://acad.ro/institutia/cercetare.html,https://acad.ro/institutia/cercetare.html,2026-07-30,accessible,200,0,text/html,,"W/""7ce6f2-9623-64e8c51248600""","Fri, 03 Apr 2026 11:07:04 GMT",38435,645abf1b48ab297a66778587ffed21aed792ffea2652ce2806c6c28c81d7f6e4,complete received body,initial baseline,not assessed,,true,,
LRS-B097BD0EE1069D,FNR-LARI MoU,https://lari.lu/wp-content/uploads/2025/02/MoU-LARI-FNR-signed.pdf,https://lari.lu/wp-content/uploads/2025/02/MoU-LARI-FNR-signed.pdf,2026-07-30,accessible,200,0,application/pdf,323981,"""67a4ae54-4f18d""","Thu, 06 Feb 2025 12:43:00 GMT",323981,08b65bc3570b8c597c8ef1316dca85599c4439839a991027e572c9c30c6b0e53,complete received body,initial baseline,not assessed,,true,,
LRS-B0C2E5CADB35D8,AU Research Practice Committee,https://medarbejdere.au.dk/en/administration/research-support-and-collaboration/responsible-conduct-of-research/the-research-practice-committee,https://medarbejdere.au.dk/en/administration/research-support-and-collaboration/responsible-conduct-of-research/the-research-practice-committee,2026-07-30,accessible,200,0,text/html; charset=utf-8,,,,110275,7264a39297f8bb24128c4944fc03306eb0fadbf2c2cbba7563ac3da1eb6eae69,complete received body,initial baseline,not assessed,,true,,
LRS-B0F3C4B28C654D,CNER publications,https://cner.gouvernement.lu/en/publications.html,https://cner.gouvernement.lu/en/publications.html,2026-07-30,accessible,200,0,text/html; charset=utf-8,91314,,,91314,8bdc6d5361a2437cc84ff2968c2e2e8ebf088fc91675fe311bfa17d6d7dc3f3a,complete received body,initial baseline,not assessed,,true,,
LRS-B1186C9FB8BA04,UM Regulations on Academic Integrity 2025,https://www.maastrichtuniversity.nl/file/um-klachtenregeling-cwi-2025-enpdf,https://www.maastrichtuniversity.nl/file/um-klachtenregeling-cwi-2025-enpdf,2026-07-30,accessible,200,0,application/pdf,162232,,,162232,aa3d58dc6a1816f52b01bdd1cab8682a4ff99c21cb1180245d575ab6b00f57ab,complete received body,initial baseline,not assessed,,true,,
LRS-B14608B7E4B419,FNR creates an international commission for scientific integrity,https://www.fnr.lu/creation-luxembourg-agency-research-integrity-lari,https://www.fnr.lu/creation-luxembourg-agency-research-integrity-lari/,2026-07-30,redirected-accessible,200,1,text/html; charset=UTF-8,,,,236618,6c7834494ee9f1c23c1deacc21978d8e40165c028488d142debbb6d4694ab856,complete received body,initial baseline,human review required,,true,,redirect requires equivalence review
LRS-B15A2C95F408E7,Processing suspected misconduct,https://www4.uib.no/en/research/research-ethics/processing-suspected-misconduct,https://www4.uib.no/en/research/research-ethics/processing-suspected-misconduct,2026-07-30,accessible,200,0,text/html; charset=UTF-8,,"W/""1785438492""","Thu, 30 Jul 2026 19:08:12 GMT",42356,51a7a45891933e8e8503265bf1434afbb562a209a5570e2477e56c62d464e7f6,complete received body,initial baseline,not assessed,,true,,
LRS-B16230F0F067BF,University of Iceland Science Committee,https://english.hi.is/research/innovation/want-work-innovation/science-committees,https://english.hi.is/research/innovation/want-work-innovation/science-committees,2026-07-30,accessible,200,0,text/html; charset=UTF-8,27505,"""1785438493-br""","Thu, 30 Jul 2026 19:08:13 GMT",304026,2bfd1df3788bfedc2982faf5bbea1dd6ef6232e48c629c5427c267e4684257ce,complete received body,initial baseline,not assessed,,true,,
LRS-B16363270EBE91,CYQAA standards and guidelines,https://dipae.ac.cy/index.php/en/publications-en/standards-and-guidelines-en,https://dipae.ac.cy/index.php/en/publications-en/standards-and-guidelines-en,2026-07-30,accessible,200,0,text/html; charset=utf-8,,,"Thu, 30 Jul 2026 19:08:13 GMT",100161,3cf18cb46540226c2b4c3a6ec51a625b25ccebaa29e1115806c3b54926690c7d,complete received body,initial baseline,not assessed,,true,,
LRS-B16735A3D3C102,PINDARE integrity theme,https://pindare.cref.be/fr/thematique/integrite-scientifique,https://pindare.cref.be/fr/thematique/integrite-scientifique/,2026-07-30,redirected-accessible,200,1,text/html; charset=utf-8,,,,39266,2b42a15197c97cdea2dabf3f17d4096d13022ef075aca2bcb82ea192aab4fafe,complete received body,initial baseline,human review required,,true,,redirect requires equivalence review
LRS-B1E86A74BE68FA,EUC MedIC policies and guidelines,https://medicine.euc.ac.cy/research/policies,https://medicine.euc.ac.cy/research/policies/,2026-07-30,redirected-accessible,200,1,text/html; charset=UTF-8,,,"Mon, 27 Jul 2026 09:10:05 GMT",155451,f998bb38d451971def1209616ada82e6c0a9b07870a83aa79b7fd2348b69823d,complete received body,initial baseline,human review required,,true,,redirect requires equivalence review
LRS-B1EDC740808E6E,Guidance for HEIs on suspected deviations,https://suhf.se/app/uploads/2024/05/REK-2020-3-REV-Guidance-for-HEIs-efforts-to-prevent-manage-and-follow-up-on-suspected-deviations-from-good-research-practice-30-08-23-1.pdf,https://suhf.se/app/uploads/2024/05/REK-2020-3-REV-Guidance-for-HEIs-efforts-to-prevent-manage-and-follow-up-on-suspected-deviations-from-good-research-practice-30-08-23-1.pdf,2026-07-30,accessible,200,0,application/pdf,336248,"""6a13ffa4-52178""","Mon, 25 May 2026 07:52:04 GMT",336248,a6dc8c5a0ea157f6c793ffa43f40fa963652584ca1f103c884f354ac42f8790b,complete received body,initial baseline,not assessed,,true,,
LRS-B1F2B269B683A1,Bioethics Committee of Spain,https://comitedebioetica.isciii.es/en,https://comitedebioetica.isciii.es/en/,2026-07-30,redirected-accessible,200,1,text/html; charset=UTF-8,146594,,,146594,ce1bf8277352407850d407c8cb6a02ea7d28b3456a085a15f795c942df9db7a5,complete received body,initial baseline,human review required,,true,,redirect requires equivalence review
LRS-B1F7C9D8A525B8,Research Integrity page,https://etag.ee/en/research-culture/research-integrity,https://etag.ee/en/research-culture/research-integrity/,2026-07-30,redirected-accessible,200,1,text/html; charset=UTF-8,28843,,"Thu, 30 Jul 2026 08:12:44 GMT",124626,429a1a4865ec8de58f25bc536ec797b6e4ba6a0434c13d4a2a17420d7bad3301,complete received body,initial baseline,human review required,,true,,redirect requires equivalence review
LRS-B20020E2CD0ACA,Leiden research integrity,https://www.universiteitleiden.nl/onderzoek/organisatie-van-ons-onderzoek/kwaliteit-en-integriteit/wetenschappelijke-integriteit,https://www.universiteitleiden.nl/onderzoek/organisatie-van-ons-onderzoek/kwaliteit-en-integriteit/wetenschappelijke-integriteit,2026-07-30,accessible,200,0,text/html;charset=UTF-8,,,,48412,8b40e946af8924fab07310083e460f2edc49d2afbb513a8d7caf9fc145119ab9,complete received body,initial baseline,not assessed,,true,,
LRS-B20D47787B9B2B,Scope of activities,https://en.uw.edu.pl/wp-content/uploads/2021/10/scope-of-the-committees-activities.pdf,https://en.uw.edu.pl/wp-content/uploads/2021/10/scope-of-the-committees-activities.pdf,2026-07-30,accessible,200,0,application/pdf,175403,"""2ad2b-5cf7b7d1810fb""","Fri, 29 Oct 2021 10:42:50 GMT",175403,8bce7dcb93b25bccfdaaccc152ea0f89ed50c450b847eb48204d84c6526a8cbc,complete received body,initial baseline,not assessed,,true,,
LRS-B25E46AE425F88,University of Novi Sad regulations category,https://www.uns.ac.rs/index.php/univerzitet/javnost-rada/dokumenti/aktiuns/category/35-pravilnici,https://www.uns.ac.rs/index.php/univerzitet/javnost-rada/dokumenti/aktiuns/category/35-pravilnici,2026-07-30,accessible,200,0,text/html; charset=utf-8,,,"Thu, 30 Jul 2026 19:08:17 GMT",148076,b3c87c58fb4e7b18c3c0d505634640f6939ab5b5c5e2bb75f84352070950df6e,complete received body,initial baseline,not assessed,,true,,
LRS-B270319327A9F5,Zinatnes Vestnesis 2017 ethics route trace,https://www.lza.lv/images/publikacijas/zv534.pdf,https://www.lza.lv/images/publikacijas/zv534.pdf,2026-07-30,accessible,200,0,application/pdf,502752,"W/""80565-5efdddc3ad79b""","Thu, 15 Dec 2022 13:30:45 GMT",525669,fea643177f545688aa2212c78bc6309dac6c7a3b89cfcac14671ce5b25f7e122,complete received body,initial baseline,not assessed,,true,,
LRS-B2AC90991696FA,University of Tartu issued approvals 2025,https://ut.ee/et/media/79762/download?attachment,https://ut.ee/et/media/79762/download?attachment,2026-07-30,http-error,403,0,text/html; charset=UTF-8,,,,5837,7e37fa60c4f50066bcd8ab03654e131bd919054d740f3b6608e95c06b28aef83,complete received body,initial baseline,not assessed,,true,,HTTP 403
LRS-B2CB26A45A9E21,CSIC creates its Research Ethics Department,https://www.csic.es/es/el-csic/etica-e-integridad-cientifica-en-el-csic/el-comite-de-etica-del-csic,https://www.csic.es/es/el-csic/etica-e-integridad-cientifica-en-el-csic/el-comite-de-etica-del-csic,2026-07-30,accessible,200,0,text/html; charset=UTF-8,,,,150787,6d216f8c0525660e34891ee248910064a08e8380c64a082f0a308849a33a49c5,complete received body,initial baseline,not assessed,,true,,
LRS-B2EB82E99E2134,SFC issues Research Assurance and Accountability Guidance 2025-26,https://www.sfc.ac.uk/wp-content/uploads/2025/07/Research-Assurance-and-Accountability-Guidance-2025-26.pdf,https://www.sfc.ac.uk/wp-content/uploads/2025/07/Research-Assurance-and-Accountability-Guidance-2025-26.pdf,2026-07-30,accessible,200,0,application/pdf,287233,"""687f9c30-46201""","Tue, 22 Jul 2025 14:12:00 GMT",287233,d93158bf7be24b9817029a8a174aab7d4711215acfa682ed6fe36553518084c9,complete received body,initial baseline,not assessed,,true,,
LRS-B2F1F7A1838D24,Charles University Rector's Directive No. 18/2025,https://cuni.cz/UK-14754.html,https://cuni.cz/UK-14754.html,2026-07-30,accessible,200,0,text/html; charset=UTF-8,,,,60176,cf026bd4942f49719ae3fe6ecbf60ba160d03de3977e8c85c7393af9fa43b457,complete received body,initial baseline,not assessed,,true,,
LRS-B32C9D4B76EAC7,University of Malta Research Data Management Policy approved,https://www.um.edu.mt/library/oar/handle/123456789/140264,https://www.um.edu.mt/library/oar/handle/123456789/140264,2026-07-30,accessible,200,0,text/html;charset=UTF-8,,,"Thu, 23 Oct 2025 08:27:38 GMT",16272,ce48d6b50ac91b56389bb523529d05aa60c2a14a23d016bae2aace11ad003e66,complete received body,initial baseline,not assessed,,true,,
LRS-B33BFA743D0D9B,OeAWI Commission annual report 2023,https://oeawi.at/wp-content/uploads/2025/06/OeAWI-Commission-Annual-Report-2023.pdf,https://oeawi.at/wp-content/uploads/2025/06/OeAWI-Commission-Annual-Report-2023.pdf,2026-07-30,accessible,200,0,application/pdf,1087010,"""109622-63c1290e2d923""","Mon, 11 Aug 2025 08:18:18 GMT",1000000,c44c73edaa527504467d090ff20b3eb24b5cbc5718f476f820e3140edd53931e,first 1000000 bytes,initial baseline,not assessed,,true,,
LRS-B374D302D9FEFB,BSU History journal about page,https://journals.bsu.by/index.php/history/en/about,https://journals.bsu.by/index.php/history/en/about,2026-07-30,http-error,302,6,text/html; charset=utf-8,0,,,0,,complete received body,initial baseline,human review required,,true,,redirect requires equivalence review | HTTP 302
LRS-B3AA673454FB40,ENRIO Austria member page,https://www.enrio.eu/members/austria,https://www.enrio.eu/members/austria,2026-07-30,network-error,,0,,,,,0,,none,initial unavailable baseline,not assessed,,true,fetch failed,network access failed
LRS-B3C4D4B02855FF,USM Ethics and Academic Integrity Commission regulation,https://usm.md/wp-content/uploads/Regulament-de-Organizare-si-Functionare-a-Comisiei-de-Etica-si-Integritate-Academica-a-USM.pdf,https://usm.md/wp-content/uploads/Regulament-de-Organizare-si-Functionare-a-Comisiei-de-Etica-si-Integritate-Academica-a-USM.pdf,2026-07-30,accessible,200,0,application/pdf,599191,,"Tue, 27 May 2025 09:51:48 GMT",599191,95fb43ce29b019efc5af8901552ca3783ebff2469bb2c0c3c3ad3f9a78602545,complete received body,initial baseline,not assessed,,true,,
LRS-B3C6E4A465CA6E,RCL open science,https://lmt.lrv.lt/en/science-policy-implementation/open-science,https://lmt.lrv.lt/en/science-policy-implementation/open-science,2026-07-30,http-error,403,0,text/html; charset=UTF-8,,,,5779,bd77083848a76677cacbfd1cb0e7e334c681cbe611f44ae6a45dff28fcd8dbd8,complete received body,initial baseline,not assessed,,true,,HTTP 403
LRS-B3E8F318E9F53F,TU Dublin research integrity training,https://www.tudublin.ie/research-innovation/research/research-journey/researcher-training-development/workshops-and-courses/research-integrity-training.html,https://www.tudublin.ie/research-innovation/research/research-journey/researcher-training-development/workshops-and-courses/research-integrity-training.php,2026-07-30,http-error,404,1,text/html; charset=UTF-8,,,,28414,c2b0a38f27c06141552d0d000a2ee3eab0001df22c7de58e90bb5e0ca5264d1b,complete received body,initial baseline,human review required,,true,,redirect requires equivalence review | HTTP 404
LRS-B410B34A5DFBAF,National Framework PDF,https://www.sicurezzaricerca.mur.gov.it/wp-content/uploads/2025/08/National-Framework.pdf,https://www.sicurezzaricerca.mur.gov.it/wp-content/uploads/2025/08/National-Framework.pdf,2026-07-30,accessible,200,0,application/pdf,,"W/""198711-63b862f4ab9f0""","Mon, 04 Aug 2025 08:49:25 GMT",1000000,3636c3181fec0efb93392d15224c31dc6c2817df35a1fce6654fb5c78d21a389,first 1000000 bytes,initial baseline,not assessed,,true,,
LRS-B47A342B858C6A,UNSA Ethics Council issues recommendations for first-instance and appeal procedure,https://unsa.ba/sites/default/files/dodatak/2025-05/Preporuke%20ES.pdf,https://unsa.ba/sites/default/files/dodatak/2025-05/Preporuke%20ES.pdf,2026-07-30,accessible,200,0,application/pdf,198874,"""308da-6363309b89c03""","Wed, 28 May 2025 14:31:34 GMT",198874,7ba0e6d3560135b1c0e1a2009e6fded8b5b744062fb34d220eaf2b5fc34de247,complete received body,initial baseline,not assessed,,true,,
LRS-B49E90F68AA5DC,CIR-CAT,https://web.gencat.cat/en/generalitat/com-ens-organitzem/departaments/recerca-universitats/CIR-CAT,https://web.gencat.cat/en/generalitat/com-ens-organitzem/departaments/recerca-universitats/CIR-CAT,2026-07-30,accessible,200,0,text/html;charset=utf-8,22231,"W/""29791-657d8cb9b0e8f-gzip""","Thu, 30 Jul 2026 19:08:20 GMT",169873,fcc1b67528bcef85c79077f13da873161e7d4ccdb2910af74738255073374727,complete received body,initial baseline,not assessed,,true,,
LRS-B4A08FDFD1768D,Documents of AQHE and National Council,https://mon.gov.mk/en-GB/dokumenti/dokumenti-na-akvo-i-ns,https://mon.gov.mk/en-GB/dokumenti/dokumenti-na-akvo-i-ns,2026-07-30,accessible,200,0,text/html; charset=utf-8,,,,147748,bc9e664e35b06d511b495ece2bab47b5101ace288b99c41cfaaa566f6604a0cd,complete received body,initial baseline,not assessed,,true,,
LRS-B4B912CD9ADCB0,MCAST Research Ethics Policy and Procedure,https://mcast.edu.mt/wp-content/uploads/DOC_074_CORP_REV_E_RESEARCH-ETHICS-POLICY-AND-PROCEDURE.pdf,https://mcast.edu.mt/wp-content/uploads/DOC_074_CORP_REV_E_RESEARCH-ETHICS-POLICY-AND-PROCEDURE.pdf,2026-07-30,http-error,404,0,text/html; charset=UTF-8,,,,101908,fefd6c0aed5859fcc602b5d4f0f1446ad2067765a60a64384fb0434404953510,complete received body,initial baseline,not assessed,,true,,HTTP 404
LRS-B4BFFBDE6DC0FE,MCIPO databases,https://mcipo.gouv.mc/en/databases,https://mcipo.gouv.mc/en/databases,2026-07-30,accessible,200,0,text/html; charset=UTF-8,,,,158898,dd969e0db510b1b7b7545b116cdfe61e8857f15f7dfdea251fe3aba5fa8c17f6,complete received body,initial baseline,not assessed,,true,,
LRS-B4CC1E85907E1E,Intellectual property law,https://www.llv.li/en/national-administration/office-of-economic-affairs/intellectual-property-law-trademark-registration-copyright-,https://www.llv.li/en/national-administration/office-of-economic-affairs/intellectual-property-law-trademark-registration-copyright-,2026-07-30,http-error,403,0,text/html; charset=UTF-8,,,,6081,b640f53714781cdf2ed7f0ce5273726dad07e14a8437576c25a2080734c9ff94,complete received body,initial baseline,not assessed,,true,,HTTP 403
LRS-B4F361C02D25F0,Act No. 246/1992 Coll.,https://mze.gov.cz/public/portal/mze/-q324681---zGhSOPBp/zakon-c-246-1992-sb,https://mze.gov.cz/public/portal/mze/-q324681---zGhSOPBp/zakon-c-246-1992-sb,2026-07-30,accessible,200,0,application/pdf,927380,,,927380,9117340f0b1dff5a34f0fe120bcc14ca361e2e4318c41247f36a3f7ac822b61d,complete received body,initial baseline,not assessed,,true,,
LRS-B51D101FB6C3E3,Animal welfare/protection legal trace,https://e-seimas.lrs.lt/rs/legalact/TAD/TAIS.455525/format/ISO_PDF,https://e-seimas.lrs.lt/rs/legalact/TAD/TAIS.455525/format/ISO_PDF,2026-07-30,accessible,200,0,application/pdf;charset=UTF-8,,,,146162,8d5b7d4d220c06b76ca0ae846e2d495fcd41b1e93c5c71c01acf51502d695ebc,complete received body,initial baseline,not assessed,,true,,
LRS-B52A138011FB13,Guidelines for appeal handling,https://www.unizg.hr/fileadmin/rektorat/O_Sveucilistu/Dokumenti_javnost/Propisi/Pravilnici/Smjernice-za-postupanje-po-zalbi.pdf,https://www.unizg.hr/fileadmin/rektorat/O_Sveucilistu/Dokumenti_javnost/Propisi/Pravilnici/Smjernice-za-postupanje-po-zalbi.pdf,2026-07-30,accessible,200,0,application/pdf,62413,"""640ef3-f3cd-5d25b4855e940""","Sun, 05 Dec 2021 00:33:01 GMT",62413,98e7b720d98c3c5c3ab7ceada86de9a9cc80e72a71f9bdac98bf0bc6f10b8612,complete received body,initial baseline,not assessed,,true,,
LRS-B57F8B2692E9E1,Code of Research Ethics for Public Higher Education Institutions,https://english.hi.is/sites/default/files/2024-10/code_of_research_ethics_for_public_higher_education_institutions.pdf,https://english.hi.is/sites/default/files/2024-10/code_of_research_ethics_for_public_higher_education_institutions.pdf,2026-07-30,accessible,200,0,application/pdf,1530171,"""17593b-6253ad75cf517""","Thu, 24 Oct 2024 15:41:51 GMT",1000000,546a927d3c2b5b20e7684a68db08118fd93edb482d3020cc1ef62d6e51f4311f,first 1000000 bytes,initial baseline,not assessed,,true,,
LRS-B595A7D84A52E5,U.Porto Commission of Ethics current portal,https://www.up.pt/portal/pt/conhecer/organizacao/comissao-de-etica,https://www.up.pt/portal/pt/conhecer/organizacao/comissao-de-etica,2026-07-30,timeout,,0,,,,,0,,none,initial unavailable baseline,not assessed,,true,This operation was aborted,request timed out
LRS-B5A26B28FF8CDE,VAK GIS Nauka dissertation announcement list,https://vak.gisnauka.ru/adverts-list,https://vak.gisnauka.ru/adverts-list,2026-07-30,network-error,,0,,,,,0,,none,initial unavailable baseline,not assessed,,true,fetch failed,network access failed
LRS-B5AB4CA727BA3E,Submitting a complaint about academic integrity,https://www.uva.nl/en/research/research-environment/academic-integrity/submitting-a-complaint-about-a-breach-of-academic-integrity/submitting-a-complaint-about-a-breach-of-academic-integrity.html,https://www.uva.nl/en/research/research-environment/academic-integrity/submitting-a-complaint-about-a-breach-of-academic-integrity/submitting-a-complaint-about-a-breach-of-academic-integrity.html,2026-07-30,accessible,200,0,text/html;charset=UTF-8,,,,129868,14de81562fc325054b4c3f28e96efe835e1e5cb79b4052bf568cc0e76c7295d0,complete received body,initial baseline,not assessed,,true,,
LRS-B5B296086D89BE,ETH Zurich good scientific practice,https://ethz.ch/en/research/ethics-and-animal-welfare/research-integrity/gute-wissenschaftliche-praxis.html,https://ethz.ch/en/research/ethics-and-animal-welfare/research-integrity/gute-wissenschaftliche-praxis.html,2026-07-30,http-error,404,0,text/html;charset=utf-8,,,,7894,e5cf849c4f5592654d43be2ae0f43796af25acd188ac08934b20f4ec8425d3a9,complete received body,initial baseline,not assessed,,true,,HTTP 404
LRS-B5C17991DE9E36,Council started activity,https://mec.gov.md/ro/content/consiliul-de-etica-si-management-domeniul-invatamantului-superior-si-inceput-activitatea,https://mec.gov.md/ro/content/consiliul-de-etica-si-management-domeniul-invatamantului-superior-si-inceput-activitatea,2026-07-30,accessible,200,0,text/html; charset=utf-8,,"""1785438503-1""","Thu, 30 Jul 2026 19:08:23 GMT",77214,2a572c4b0024b39565040070e047e89f46107a6d90b5b21e22924d79da9e670d,complete received body,initial baseline,not assessed,,true,,
LRS-B5CD1B5974D262,AQUA Law 9/2016 PDF,https://www.aqua.ad/sites/default/files/2024-01/37_17-003_llei_9-2016_28_juny_agencia_qualitat_ensenyament_superior.pdf,https://www.aqua.ad/sites/default/files/2024-01/37_17-003_llei_9-2016_28_juny_agencia_qualitat_ensenyament_superior.pdf,2026-07-30,http-error,404,0,text/html; charset=UTF-8,,"W/""1785438503""","Thu, 30 Jul 2026 19:08:23 GMT",33768,6ff212bfcae357f4d06cd7d49b063dbbd4dc42a2adaa70d56eb47f665a3d9d38,complete received body,initial baseline,not assessed,,true,,HTTP 404
LRS-B64D275DB1675E,2025 ministry responsibility order,https://www.althingi.is/altext/lagasofn/nuna/2025005.html,https://www.althingi.is/altext/lagasofn/nuna/2025005.html,2026-07-30,accessible,200,0,text/html;charset=UTF-8,,,"Thu, 30 Jul 2026 19:08:23 GMT",138066,d61c728be5f71a4f15bd283c4560d8f9328e447f954ab1582340b8f7803ba161,complete received body,initial baseline,not assessed,,true,,
LRS-B67A5E4A24D2BE,FNR generative AI position for funding processes,https://www.fnr.lu/fnr-guidelines-on-generative-artificial-intelligence-ai,https://www.fnr.lu/fnr-guidelines-on-generative-artificial-intelligence-ai,2026-07-30,accessible,200,0,text/html; charset=UTF-8,,,,231483,31f82101297bdb12c8075ec3394252d4f6e8e652e6dd7acf4b5af2e67132756d,complete received body,initial baseline,not assessed,,true,,
LRS-B6820C2EC182C5,Revised child-research ethics-code presentation,https://platforma.gov.ba/eticki-kodeks-istrazivanja-sa-djecom-i-o-djeci-u-bih-prezentacija-revidirane-verzije-kodeksa,https://platforma.gov.ba/eticki-kodeks-istrazivanja-sa-djecom-i-o-djeci-u-bih-prezentacija-revidirane-verzije-kodeksa/,2026-07-30,redirected-accessible,200,1,text/html; charset=UTF-8,,,,132827,9ea693d3d8e0cd84211b816cc838454d95515dfaaad2dcf24aef887d08e8a42b,complete received body,initial baseline,human review required,,true,,redirect requires equivalence review
LRS-B68F85C755BAB2,CUREG how-we-work page,https://cureg.unige.ch/en/how-we-work,https://cureg.unige.ch/en/how-we-work/,2026-07-30,redirected-accessible,200,1,text/html; charset=UTF-8,13147,,,41006,0c9d2edf9ab58bd9a1f4ceb1bc1c337ef96634a7a5b55ad98e088870156e1a22,complete received body,initial baseline,human review required,,true,,redirect requires equivalence review
LRS-B6DB701574F3B0,Central Ethics Committee at HALMED,https://www.halmed.hr/en/O-HALMED-u/Sredisnje-eticko-povjerenstvo-SEP,https://www.halmed.hr/en/O-HALMED-u/Sredisnje-eticko-povjerenstvo-SEP,2026-07-30,accessible,200,0,text/html; charset=utf-8,5164,,,17994,11a0fabe2f57810dc874c9770c279bd930911b8d07e601eb7c25da07fe7c27cb,complete received body,initial baseline,not assessed,,true,,
LRS-B6EF7075841857,RESINT rendez-vous,https://www.ofis-france.fr/espace-resint/les-rendez-vous-du-resint,https://www.ofis-france.fr/espace-resint/les-rendez-vous-du-resint/,2026-07-30,redirected-accessible,200,1,text/html; charset=UTF-8,,,,116544,7829511291d3e7b3a9a360f20b99828a1a35b1a8aa24837471415a3e43538848,complete received body,initial baseline,human review required,,true,,redirect requires equivalence review
LRS-B70B601822AB95,RUC Research Ethics Committee,https://ruc.dk/en/research-ethics-committee-roskilde-university,https://ruc.dk/en/research-ethics-committee-roskilde-university,2026-07-30,accessible,200,0,text/html; charset=UTF-8,,"W/""1785437840""","Thu, 30 Jul 2026 18:57:20 GMT",88720,2ba29b5d364130bb953288d90c9668b2e1d8705b212286c3c2f1c150835046fb,complete received body,initial baseline,not assessed,,true,,
LRS-B720181CA3D14D,ANACEC annex rejecting economics doctorate decision,https://anacec.md/files/1.O.%20Decizii%2016.05.2025/D9_ANEXA_CC_16.05.2025_Invalidare-Dr-SD-economie.pdf,https://anacec.md/files/1.O.%20Decizii%2016.05.2025/D9_ANEXA_CC_16.05.2025_Invalidare-Dr-SD-economie.pdf,2026-07-30,accessible,200,0,application/pdf,187738,"""2dd5a-635d409526e80""","Fri, 23 May 2025 21:11:06 GMT",187738,ff5842a76b8342f23b8c26fb39be2cdb06021eda84d0991b53dec14c05854acb,complete received body,initial baseline,not assessed,,true,,
LRS-B73D27CCFDD5A2,GIBTU principles page,https://www.gibtu.edu.tr/fmbetikkurul/icerik/30821,https://www.gibtu.edu.tr/fmbetikkurul/icerik/30821,2026-07-30,accessible,200,0,text/html; charset=iso-8859-9,27758,,,75469,76039ced16f2d8901bcc62b52bff9f0e3354c7fcb84c7f381c18d25c8bc952cf,complete received body,initial baseline,not assessed,,true,,
LRS-B7412756DD4FBA,National R&I Strategic Plan period,https://xjenzamalta.mt/services/policy-strategy,https://xjenzamalta.mt/services/policy-strategy/,2026-07-30,redirected-accessible,200,1,text/html; charset=UTF-8,27350,,,188947,6179289e8e6bb1bb6c15c323b64244f1d6e80be5cf5d6745f6a25aaf0969a936,complete received body,initial baseline,human review required,,true,,redirect requires equivalence review
LRS-B79636847FBCA1,UKIM Faculty of Dentistry self-evaluation report,https://ukim.edu.mk/wp-content/uploads/2025/06/stf-izveshtaj.pdf,https://ukim.edu.mk/wp-content/uploads/2025/06/stf-izveshtaj.pdf,2026-07-30,accessible,200,0,application/pdf,1679661,"""19a12d-637e8492033c1""","Thu, 19 Jun 2025 08:10:59 GMT",1000000,aed5aa3616b1bef7b33db06bcfc75ce31d5153eea2484239c5e4c375249d01c8,first 1000000 bytes,initial baseline,not assessed,,true,,
LRS-B7AA303D809701,Law No. 04/L-135 PDF,https://masht.rks-gov.net/wp-content/uploads/2022/09/ligji-per-veprimtari-kerkimore-shkencore-2013-eng.pdf,https://mash.rks-gov.net/,2026-07-30,redirected-accessible,200,1,text/html; charset=UTF-8,49627,,"Thu, 30 Jul 2026 12:39:31 GMT",296151,36dd14a14f566635b78e63aa5b188fb12737490e29c91f8520dbcb2aa5c7a9d7,complete received body,initial baseline,human review required,,true,,redirect requires equivalence review
LRS-B7AD57B4E8E41D,2023 activity report,https://journals.pan.pl/Content/131963/PDF/N%23224-11-G%C3%B3rski.pdf,https://journals.pan.pl/Content/131963/PDF/N%23224-11-G%C3%B3rski.pdf,2026-07-30,accessible,200,0,application/pdf,104538,,,104538,ffb4a9a7a2caba8da6f3b7491b85fb90f2f54967c4a6ace46f924d7dc6e5472f,complete received body,initial baseline,not assessed,,true,,
LRS-B7E89A04F738F9,MZOM Register of Higher Education Institutions,https://mzom.gov.hr/istaknute-teme/odgoj-i-obrazovanje/visoko-obrazovanje/upisnik-visokih-ucilista-161/161,https://mzom.gov.hr/istaknute-teme/odgoj-i-obrazovanje/visoko-obrazovanje/upisnik-visokih-ucilista-161/161,2026-07-30,accessible,200,0,text/html; charset=utf-8,6736,,,20952,d335c0ac52153fb02b32fe8df0a730c3a32124341343f9fd2442a5b05e4e90be,complete received body,initial baseline,not assessed,,true,,
LRS-B7FCF50D912E21,NEAA home,https://www.neaa.government.bg/en/home-en,https://www.neaa.government.bg/en/home-en,2026-07-30,accessible,200,0,text/html; charset=UTF-8,21962,,,141180,de0ff8ba5ea7ecfafd7bdbffcab9f4aafbbb450945dc44fcd889bb1a85aa1af9,complete received body,initial baseline,not assessed,,true,,
LRS-B820C7B8099E50,UCY Office of the Vice-Rector for Academic Affairs,https://www.ucy.ac.cy/governingbodies/office-of-the-vice-rector-for-academic-affairs,https://www.ucy.ac.cy/governingbodies/office-of-the-vice-rector-for-academic-affairs,2026-07-30,http-error,403,0,text/html; charset=UTF-8,,,,5889,0c298740fb44fe5390433ada8e87c6f793fad65e6f7540e5c2fc9482488a889a,complete received body,initial baseline,not assessed,,true,,HTTP 403
LRS-B831DFDEAAB041,ZonMw FAIR data and legal framework,https://www.zonmw.nl/en/laws-and-regulations-data-management-and-fair-data,https://www.zonmw.nl/en/laws-and-regulations-data-management-and-fair-data,2026-07-30,accessible,200,0,text/html; charset=UTF-8,18000,"""1785438508-gzip""","Thu, 30 Jul 2026 19:08:28 GMT",94954,63f74dd714c237379772b07342d170c9e29d19f5abcdf9f591242f3757414a92,complete received body,initial baseline,not assessed,,true,,
LRS-B8808A294C184E,FWO clause on scientific integrity,https://www.fwo.be/en/support-programmes/clause-on-scientific-integrity,https://www.fwo.be/en/support-programmes/clause-on-scientific-integrity,2026-07-30,accessible,200,0,text/html; charset=utf-8,,,,65336,69b72f657394686573955afbfed499b66b4e740bdd2dfcddb6a9067ec41870ce,complete received body,initial baseline,not assessed,,true,,
LRS-B887BC49A5C51E,dokumantasyon.yok.gov.tr,https://dokumantasyon.yok.gov.tr/tr/page/195,https://dokumantasyon.yok.gov.tr/tr/page/195,2026-07-30,accessible,200,0,text/html; charset=UTF-8,,,,100684,7cdd06a4f75560f2b2645cfef362e3a4719fa3d89ca899f7501f4572b08d117c,complete received body,initial baseline,not assessed,,true,,
LRS-B8A489EE895C73,CNPD scientific research guidance for citizens,https://www.cnpd.pt/cidadaos/areas-tematicas/investigacao-cientifica,https://www.cnpd.pt/cidadaos/areas-tematicas/investigacao-cientifica,2026-07-30,http-error,404,0,text/html; charset=utf-8,17813,,,17813,143a2d21f830733cc547397c97c43d849c8bbde5e523a6f28b0d7b30abb5015a,complete received body,initial baseline,not assessed,,true,,HTTP 404
LRS-B8B868CF63C1A8,Mentor accreditation request,https://akvo.mk/index.php/odbori/odbor-za-akreditacija/o-akreditacija-formulari/barane-akreditacija-mentor,https://akvo.mk/index.php/odbori/odbor-za-akreditacija/o-akreditacija-formulari/barane-akreditacija-mentor,2026-07-30,http-error,500,0,text/html; charset=UTF-8,,,,20879,a6b3f4913fdfb574da46d0a68d3486a5d5724640c43d5ad9f9a1a975d01af96a,complete received body,initial baseline,not assessed,,true,,HTTP 500
LRS-B8DE71D0BA91AC,Mind the GAP launch,https://vlir.be/nieuws/promotie-lancering-mind-the-gap-website,https://vlir.be/nieuws/promotie-lancering-mind-the-gap-website/,2026-07-30,redirected-accessible,200,1,text/html; charset=UTF-8,10561,,,46987,50da06f9e338812a49126cc99578ae86a45ab9cf7fc66355f396cd28015db265,complete received body,initial baseline,human review required,,true,,redirect requires equivalence review
LRS-B92E7FD8C0F588,ANMDMR,https://www.anm.ro/_/ORDINE/OMS%20nr.%2080-2023.pdf,https://www.anm.ro/_/ORDINE/OMS%20nr.%2080-2023.pdf,2026-07-30,accessible,200,0,application/pdf,172110,"""63c91432-2a04e""","Thu, 19 Jan 2023 09:58:10 GMT",172110,2a696bebb4eb2ab24786ceaf42747c24066ee5ee8f0893a23eec7afa190c5a94,complete received body,initial baseline,not assessed,,true,,
LRS-B95783EB3D7738,Commerce Department IP protection,https://commerce.gov.mt/en/industrial-property-registrations-directorate/protection,https://commerce.gov.mt/en/industrial-property-registrations-directorate/protection,2026-07-30,http-error,403,0,text/html; charset=UTF-8,,,,5882,233a3783130ce3d44f174ad2b4445386a62c9ab3324c29e846a5a08ed8591491,complete received body,initial baseline,not assessed,,true,,HTTP 403
LRS-B9678D1003CA4F,Law on Science and Research,https://www.pravno-informacioni-sistem.rs/SlGlasnikPortal/eli/rep/sgrs/skupstina/zakon/2019/49/1,https://pravno-informacioni-sistem.rs/SlGlasnikPortal/eli/rep/sgrs/skupstina/zakon/2019/49/1,2026-07-30,redirected-accessible,200,1,text/html; charset=utf-8,13015,"""6a0d8706-32d7""","Wed, 20 May 2026 10:03:50 GMT",13015,33447cbad948536acd93c88255c1e21e64432af9e10f754d76da3df700dbf76b,complete received body,initial baseline,human review required,,true,,redirect requires equivalence review
LRS-B97915263706C1,Ethics Committee page,https://www.unimi.it/it/ateneo/governance-e-linee-strategiche/organi-di-governo/comitato-etico,https://www.unimi.it/it/ateneo/governance-e-linee-strategiche/organi-di-governo/comitato-etico,2026-07-30,http-error,403,0,text/html; charset=UTF-8,,,,5993,77f85420491072b065cd183dcf31e1f5d2d6969b5040f694b2001733d4790513,complete received body,initial baseline,not assessed,,true,,HTTP 403
LRS-B9AF54F347C943,University of Prishtina Code of Ethics for Academic Staff,https://uni-pr.edu/desk/inc/media/0CB91AB7-5769-499A-A49C-3DD9499F2977.pdf,https://uni-pr.edu/desk/inc/media/0CB91AB7-5769-499A-A49C-3DD9499F2977.pdf,2026-07-30,accessible,200,0,application/pdf,185958,"""88c6aeff20d8da1:0""","Wed, 17 Jul 2024 08:12:00 GMT",185958,7703c0c31a6c04c1457c647d7828d70a728719e635de83b1f8a8614efce6f91c,complete received body,initial baseline,not assessed,,true,,
LRS-B9E496F89F2217,ETHICS project website,https://ethics.iliauni.edu.ge/en,https://ethics.iliauni.edu.ge/en/,2026-07-30,redirected-accessible,200,1,text/html; charset=UTF-8,,,,97617,47fdabcfa2721c88114f078a10060037b1a640b77545e2364bc971592cbc7f3a,complete received body,initial baseline,human review required,,true,,redirect requires equivalence review
LRS-B9E6FA7C52CB41,UZH annual report hub,https://www.uzh.ch/en/explore/portrait/annualreport.html,https://www.uzh.ch/en/explore/portrait/annualreport.html,2026-07-30,accessible,200,0,text/html;charset=UTF-8,23351,,"Thu, 30 Jul 2026 19:08:30 GMT",145397,1e84e83899d7982c40a0d69294d259db941075515f8fe217005582b467c56dbe,complete received body,initial baseline,not assessed,,true,,
LRS-B9EA8B0527499D,ETF Ethics Board opinions,https://www.etf.unsa.ba/eticki-odbor,https://www.etf.unsa.ba/eticki-odbor/,2026-07-30,redirected-accessible,200,1,text/html,286195,"""69e22865-45df3""","Fri, 17 Apr 2026 12:32:37 GMT",286195,e6cbb8634a3de84e9f8380c073dd933a3279c0c81388c7e7eded3ec4ed108389,complete received body,initial baseline,human review required,,true,,redirect requires equivalence review
LRS-BA381127ECAFAB,LSMU Important documents,https://lsmu.lt/en/important-documents,https://lsmu.lt/en/important-documents/,2026-07-30,redirected-accessible,200,1,text/html; charset=UTF-8,,,,76001,275d83a1b5c7a5008e96c33a16bd52944c4b0eb32e9684c3599da29ad2cb5ad9,complete received body,initial baseline,human review required,,true,,redirect requires equivalence review
LRS-BA93F42FF10038,CEIC public-target page,https://www.ceic.pt/publico-alvo,https://www.ceic.pt/publico-alvo,2026-07-30,http-error,404,0,text/html;charset=UTF-8,6230,,,30605,c70fe3f7941835736884e640f5fc9ad0ed4c1ce8135e3f7ff07edec2bf93afa5,complete received body,initial baseline,not assessed,,true,,HTTP 404
LRS-BA9C4FC09D36A2,Titck,https://www.titck.gov.tr/faaliyetalanlari/ilac/klinik-arastirmalar,https://www.titck.gov.tr/faaliyetalanlari/ilac/klinik-arastirmalar,2026-07-30,accessible,200,0,text/html; charset=UTF-8,331964,,,331964,4813889580f07a9a2db97f8af1f8a12fda91e41362de22d09d93a015345226d1,complete received body,initial baseline,not assessed,,true,,
LRS-BACF4C4601176C,The Ethical Principles of Research with Human Participants,https://etag.ee/en/research-culture/research-integrity/the-ethical-principles-of-research-with-human-participants,https://etag.ee/en/research-culture/research-integrity/the-ethical-principles-of-research-with-human-participants/,2026-07-30,redirected-accessible,200,1,text/html; charset=UTF-8,25732,,"Thu, 30 Jul 2026 09:10:44 GMT",107493,daab526bd94a5c4c7e910606ce3679c5c5b1d8245237cbb37f205bb65c1c876a,complete received body,initial baseline,human review required,,true,,redirect requires equivalence review
LRS-BADE4BCA059DD9,Ministry of Justice advisory and other decisions,https://www.moj.am/en/page/609,https://www.moj.am/en/page/609,2026-07-30,http-error,403,0,text/html; charset=iso-8859-1,199,,,199,5b13fb5957b84ef7bb9d0b6cd509c947ff6a37d67efdac2b896ddd3b908aad10,complete received body,initial baseline,not assessed,,true,,HTTP 403
LRS-BAF424CC4B6B74,ANC consultative bodies page,https://www.research.gov.ro/sistemul-de-cercetare/organisme-consultative,https://www.research.gov.ro/sistemul-de-cercetare/organisme-consultative,2026-07-30,network-error,,0,,,,,0,,none,initial unavailable baseline,not assessed,,true,fetch failed,network access failed
LRS-BAF67DDC0D89EB,University of Helsinki annual reviews,https://www.helsinki.fi/en/about-us/university-helsinki/annual-reviews,https://www.helsinki.fi/en/about-us/university-helsinki/annual-reviews,2026-07-30,accessible,200,0,text/html; charset=UTF-8,,"W/""1785438512""","Thu, 30 Jul 2026 19:08:32 GMT",318408,97c885638f33291145ed794da79e5dfc198ba4d595419bff4b2f4c3c34bb18ce,complete received body,initial baseline,not assessed,,true,,
LRS-BAFE21BE75BB52,AQUA Code of Ethics PDF,https://www.aqua.ad/sites/default/files/2024-01/3_17-004_aqua_code_ethics_en.pdf,https://www.aqua.ad/sites/default/files/2024-01/3_17-004_aqua_code_ethics_en.pdf,2026-07-30,http-error,404,0,text/html; charset=UTF-8,,"W/""1785438512""","Thu, 30 Jul 2026 19:08:32 GMT",33729,e63007400dbb9201f0eae2b6413a6d59b0cb47fed738209beeec7f1cd3434895,complete received body,initial baseline,not assessed,,true,,HTTP 404
LRS-BB048083584FD7,Guides and procedures,https://www.uda.ad/universitat/consell-de-la-qualitat/guies-i-procediments,https://www.uda.ad/universitat/consell-de-la-qualitat/guies-i-procediments/,2026-07-30,redirected-accessible,200,1,text/html; charset=UTF-8,42555,,,262070,4114e5fa0c04dd91a3082d884bda016a0c74ce6ca88e75f2c49773dd37ff65e3,complete received body,initial baseline,human review required,,true,,redirect requires equivalence review
LRS-BB17CEAF057CAE,ENRIO country reports archive,https://www.enrio.eu/country-reports,https://www.enrio.eu/country-reports/,2026-07-30,redirected-accessible,200,1,text/html; charset=UTF-8,9766,,,41042,110f4f7f07593ce9b5880b32b8eb15b0c5a546a8b1064f14efede761ae2811fc,complete received body,initial baseline,human review required,,true,,redirect requires equivalence review
LRS-BB4F0DE1194A22,Research Infrastructures Platform Cyprus,https://cri.gov.cy/en/research-infrastructures-database,https://cri.gov.cy/en/research-infrastructures-database,2026-07-30,accessible,200,0,text/html; charset=UTF-8,,,,21427,279b95e74a3643307570d165c12e3e2c0c19d23fd15457721e871d56741bd491,complete received body,initial baseline,not assessed,,true,,
LRS-BB854F472D98C3,Council of Europe Kosovo ETINED page,https://www.coe.int/en/web/ethics-transparency-integrity-in-education/kosovo-,https://www.coe.int/en/web/ethics-transparency-integrity-in-education/kosovo-,2026-07-30,accessible,200,0,text/html;charset=UTF-8,,,,135308,76a06b998edf8627766918342176b0b19f456f895a719c78f60b3e8c71707962,complete received body,initial baseline,not assessed,,true,,
LRS-BB9945ADF969F9,Misconduct in research,https://www.uu.se/en/staff/gateway/research/research-ethics/misconduct-in-research,https://www.uu.se/en/staff/gateway/research/research-ethics/misconduct-in-research,2026-07-30,accessible,200,0,text/html;charset=UTF-8,,,"Thu, 16 Apr 2026 11:59:22 GMT",115267,0ce765882e05c786af0b3bdcac82a63ed887f13c7aef5cfb1cadb1131e966772,complete received body,initial baseline,not assessed,,true,,
LRS-BBA14F0AC337F9,Biobank Sweden research guide,https://biobanksverige.se/en/research,https://biobanksverige.se/en/research/research-guide/,2026-07-30,redirected-accessible,200,2,text/html; charset=UTF-8,23524,,,104846,215120d6d1bd6584c097c107f410fab2eddccf2a1838ab00a821b50ada58c33b,complete received body,initial baseline,human review required,,true,,redirect requires equivalence review
LRS-BBB5F4732E21CB,CNECV presentation,https://www.cnecv.pt/pt/cnecv/apresentacao,https://www.cnecv.pt/pt/404,2026-07-30,http-error,404,1,text/html; charset=utf-8,,,"Thu, 14 May 2026 10:17:04 GMT",11703,a0b4e94337310044e46d6682b06604c76dd8237bf19ebb740692ee2ba83f8aa4,complete received body,initial baseline,human review required,,true,,redirect requires equivalence review | HTTP 404
LRS-BBB68AF84F0770,Chief Scientist governance page,https://chiefscientist.gov.cy/strategy-and-policy/governance,https://chiefscientist.gov.cy/strategy-and-policy/governance/,2026-07-30,redirected-accessible,200,1,text/html; charset=UTF-8,,,,144608,ae0aca1ac27196eb14c4a8446e83a081a4ac038dde4d1425867ea173f508d642,complete received body,initial baseline,human review required,,true,,redirect requires equivalence review
LRS-BBC3C75920B8A2,Law of Ukraine On Higher Education,https://zakon.rada.gov.ua/laws/show/en/1556-18,https://zakon.rada.gov.ua/laws/show/en/1556-18,2026-07-30,http-error,403,0,text/html; charset=utf-8,4249,,,4249,0afd86d495b0eb9dfb33abd6ff200f5e5658b5b7480dcffbc5d80717f4bd0adb,complete received body,initial baseline,not assessed,,true,,HTTP 403
LRS-BBC495CADA6237,Aarhus policy,https://medarbejdere.au.dk/en/administration/research-support-and-collaboration/responsible-conduct-of-research/policy-for-research-integrity-freedom-of-research-and-responsible-conduct-of-research-at-aarhus-university,https://medarbejdere.au.dk/en/administration/research-support-and-collaboration/responsible-conduct-of-research/policy-for-research-integrity-freedom-of-research-and-responsible-conduct-of-research-at-aarhus-university,2026-07-30,accessible,200,0,text/html; charset=utf-8,,,,49409,c07af92a2452831c12a1c874496b3e4e46795a939a8fdd555538440a71c8878f,complete received body,initial baseline,not assessed,,true,,
LRS-BC30E9D64F0C2E,URIS guidelines,https://dg.dk/en/uris-guidelines,https://dg.dk/en/uris-guidelines/,2026-07-30,redirected-accessible,200,1,text/html; charset=UTF-8,,,,52712,98df3834fdc9c3ef9ae2940134044749738a6904ec68be523f6aca40a48bb215,complete received body,initial baseline,human review required,,true,,redirect requires equivalence review
LRS-BC35C35FAEBF74,RIVM wind-turbine factsheet complaint trace,https://www.rivm.nl/windenergie/windmolens-gezondheid/factsheet-gezondheidseffecten-van-windturbinegeluid,https://www.rivm.nl/windenergie/windmolens-gezondheid/factsheet-gezondheidseffecten-van-windturbinegeluid,2026-07-30,accessible,200,0,text/html; charset=UTF-8,16434,"""1785438516""","Thu, 30 Jul 2026 19:08:36 GMT",46876,4ce422c8ebb58d12d40b4ae8b43590783f5906be563bb5b09a7aa5a790757433,complete received body,initial baseline,not assessed,,true,,
LRS-BC55D83BFC9832,UZH research integrity persons page,https://www.research.uzh.ch/en/procedures/integrity/persons.html,https://www.research.uzh.ch/en/procedures/integrity/persons.html,2026-07-30,accessible,200,0,text/html;charset=UTF-8,9867,,"Thu, 30 Jul 2026 19:08:37 GMT",74197,6e3073f0be5840769e88bee60270b6d4764e4ae42dd8bb2c90f460db8936d405,complete received body,initial baseline,not assessed,,true,,
LRS-BC88403768AB3B,CBS Research Practice Committee regulation,https://www.cbs.dk/files/cbs.dk/praksisudvalg_januar_2021_en.pdf,https://www.cbs.dk/files/cbs.dk/praksisudvalg_januar_2021_en.pdf,2026-07-30,http-error,404,0,text/html; charset=UTF-8,,"""1785438517""","Thu, 30 Jul 2026 19:08:37 GMT",61094,f656572076907db523ec5ef87174634e50eba094570fa4918857caa0627e9fbf,complete received body,initial baseline,not assessed,,true,,HTTP 404
LRS-BC9341E6F5B3C2,KNAW complaints procedure,https://www.knaw.nl/over-de-instituten/klachtenregeling-wetenschappelijke-integriteit,https://www.knaw.nl/over-de-instituten/klachtenregeling-wetenschappelijke-integriteit,2026-07-30,http-error,403,0,text/html,118,,,118,58bf2215b395dcac74c009aa98701854e43cbe54a1cd3a95fee6a647ca9910d4,complete received body,initial baseline,not assessed,,true,,HTTP 403
LRS-BCA488CAEC4412,National Bioethics Committee,https://island.is/en/o/national-bioethics-committee,https://island.is/en/o/national-bioethics-committee,2026-07-30,accessible,200,0,text/html; charset=utf-8,,"""q5loc1tu8a2xhb""",,136893,7fc232aa50c5b3d2edb5181282cd9060f8bf7941beb52225e0fa5bd5ae08758d,complete received body,initial baseline,not assessed,,true,,
LRS-BCA92C0D142926,Research Integrity page,https://www.uniroma1.it/en/pagina/research-integrity,https://www.uniroma1.it/en/pagina/research-integrity,2026-07-30,accessible,200,0,text/html; charset=utf-8,10613,"""1785436313-1""","Thu, 30 Jul 2026 18:31:53 GMT",41695,19269e8157d3ae4c3172937921f7f5071dd2d133a9943aca77efea598403c1e5,complete received body,initial baseline,not assessed,,true,,
LRS-BCB05AC1667F8B,Government research dissemination page,https://www.govern.ad/ca/ministeris-i-secretaries-d-estat/ministeri-de-relacions-institucionals-educacio-i-universitats/departament-d-ensenyament-superior-recerca-i-innovacio-tecnologica/recerca/difusio,https://www.govern.ad/ca/ministeris-i-secretaries-d-estat/ministeri-de-relacions-institucionals-educacio-i-universitats/departament-d-ensenyament-superior-recerca-i-innovacio-tecnologica/recerca/difusio,2026-07-30,accessible,200,0,text/html;charset=UTF-8,103448,,,870852,99c2f381fb7edbf295e9951b5a5e2645bd442fd0bca1e576c68ee41cc4cdf0cb,complete received body,initial baseline,not assessed,,true,,
LRS-BCBFC750F46CC0,UKIM Faculty of Veterinary Medicine self-evaluation report,https://ukim.edu.mk/wp-content/uploads/2025/06/fvm-izveshtaj.pdf,https://ukim.edu.mk/wp-content/uploads/2025/06/fvm-izveshtaj.pdf,2026-07-30,accessible,200,0,application/pdf,1783582,"""1b371e-637e85074f16d""","Thu, 19 Jun 2025 08:13:02 GMT",1000000,ab240e49d756c4e606ca9bccb757734df4fecc9b6b6567f7a0f88a714ec2b532,first 1000000 bytes,initial baseline,not assessed,,true,,
LRS-BD07E663B49864,Ethics Committee finds autoplagiarism in a duplicate-publication case,https://www.gov.me/clanak/vi-sjednica-etickog-komiteta,https://www.gov.me/clanak/vi-sjednica-etickog-komiteta,2026-07-30,accessible,200,0,text/html; charset=utf-8,554020,"W/""87424-nvOZ+EJ7V3riunehxweqG2s6NyQ""",,554020,ec807ba1f6c730a80b17937789f2248fd9f94932c3b3823b5423acf4c8d0948c,complete received body,initial baseline,not assessed,,true,,
LRS-BD0E96EE393F6C,Regeling Commissie Wetenschappelijke Integriteit NLU,https://www.tua.nl/assets/admin/plugins/kcfinder/upload/files/ZqinmsyKK_23-04-23_Regeling_Commissie_Wetenschappelijke_Integriteit_NLU_-_vastgesteld.pdf,https://www.tua.nl/assets/admin/plugins/kcfinder/upload/files/ZqinmsyKK_23-04-23_Regeling_Commissie_Wetenschappelijke_Integriteit_NLU_-_vastgesteld.pdf,2026-07-30,accessible,200,0,application/pdf,194412,"""675bf6d7-2f76c""","Fri, 13 Dec 2024 08:56:55 GMT",194412,2e36fe7ef01ec5644ed6964e1de6b7fd3433fea9f7489f052c6630f2109b20e0,complete received body,initial baseline,not assessed,,true,,
LRS-BD4F560A34166C,NEM appeal decisions database,https://www.forskningsetikk.no/om-oss/komiteer-og-utvalg/nem/sok-i-nems-vedtak,https://www.forskningsetikk.no/om-oss/komiteer-og-utvalg/nem/sok-i-nems-vedtak,2026-07-30,accessible,200,0,text/html; charset=utf-8,,,,77487,4f48ca3f0b3fa410cfaff05d435443255c0d195fdaf6ce388438a39a8296a432,complete received body,initial baseline,not assessed,,true,,
LRS-BD511ABC7103CE,Innosuisse scientific integrity,https://www.innosuisse.admin.ch/en/scientific-integrity,https://www.innosuisse.admin.ch/en/scientific-integrity,2026-07-30,accessible,200,0,text/html;charset=utf-8,,,,260318,c12d92ef21d53d1154b2b25487d643fffd9b669ca7bb0f3bb83d14058e8f175a,complete received body,initial baseline,not assessed,,true,,
LRS-BD7E7B08984E07,Cases page,https://unibuc.ro/despre-ub/organizare/comisii/comisia-de-etica/cazurile-comisiei-de-etica,https://unibuc.ro/despre-ub/organizare/comisii/comisia-de-etica/cazurile-comisiei-de-etica/,2026-07-30,redirected-accessible,200,1,text/html; charset=UTF-8,61839,,,371556,8c2fa7d206519f4caebaf47922d10b9448f14c50004171262ac73141495e065d,complete received body,initial baseline,human review required,,true,,redirect requires equivalence review
LRS-BD9E0E251F17D7,BMC raising an alarm,https://biomed.lu.lv/contacts/raising-an-alarm,https://biomed.lu.lv/contacts/raising-an-alarm/,2026-07-30,redirected-accessible,200,1,text/html; charset=UTF-8,9993,,,38278,e5c4047ad59c900b4f1fdd650313668ca288200801a8646dba98d996fa34f07e,complete received body,initial baseline,human review required,,true,,redirect requires equivalence review
LRS-BDA7A41FD5571C,CYQAA about us,https://dipae.ac.cy/index.php/en/cyqaa-en/about-us-en,https://dipae.ac.cy/index.php/en/cyqaa-en/about-us-en,2026-07-30,accessible,200,0,text/html; charset=utf-8,,,"Thu, 30 Jul 2026 19:08:40 GMT",109208,c493d2a84f826f38b68955ba9fa487de86efeddf92946f8429af6d5e6c907550,complete received body,initial baseline,not assessed,,true,,
LRS-BDF72F8E3EA26A,ETHICS project active in Georgian universities,https://tsu.ge/en/quality-assurance/page/Responsible-Conduct-of-Research---Research-Integrity-and-Ethics-in-Georgian-Universities--ETHICS-,https://tsu.ge/en/quality-assurance/page/Responsible-Conduct-of-Research---Research-Integrity-and-Ethics-in-Georgian-Universities--ETHICS-,2026-07-30,accessible,200,0,text/html; charset=UTF-8,13416,,,81338,ef27a0dfa86ccc9ea022eb9be98abbf7d2aec80f2461630635ce1734cff82c8c,complete received body,initial baseline,not assessed,,true,,
LRS-BE0C333625DDA6,ENRIO United Kingdom country report,https://www.enrio.eu/country-reports/united-kingdom,https://www.enrio.eu/country-reports/united-kingdom/,2026-07-30,redirected-accessible,200,1,text/html; charset=UTF-8,14113,,,51605,70d8e40a13db30977d37ab63c2a3c016220e64d2bd746cec5acbc3e54a2374a6,complete received body,initial baseline,human review required,,true,,redirect requires equivalence review
LRS-BE2E584533BAD8,Trinity Policy on Good Research Practice,https://www.tcd.ie/media/tcd/about/policies/pdfs/Policy-on-Good-Research-Practice_1.1.pdf,https://www.tcd.ie/media/tcd/about/policies/pdfs/Policy-on-Good-Research-Practice_1.1.pdf,2026-07-30,accessible,200,0,application/pdf,,"W/""d5b36-65579b7c61218""","Tue, 30 Jun 2026 14:52:02 GMT",875318,b191435e6a53736b29a3ec1ca62449e74e6f54bc74da0b4977bdf3bc2b2aa0f3,complete received body,initial baseline,not assessed,,true,,
LRS-BE4049671C4DEB,UMT governing bodies page,https://umed.edu.al/universiteti/organet-drejtuese?lang=en,https://umed.edu.al/universiteti/organet-drejtuese?lang=en,2026-07-30,http-error,404,0,text/html; charset=UTF-8,,,,133401,65b8d97e943a068fbb9d14e07e504c5991da43ecd642f7bd26f013611f2ea2bb,complete received body,initial baseline,not assessed,,true,,HTTP 404
LRS-BE59310EAF1643,ENRIO Switzerland members page,https://www.enrio.eu/members/switzerland,https://www.enrio.eu/members/switzerland/,2026-07-30,redirected-accessible,200,1,text/html; charset=UTF-8,12551,,,46804,c0ee9e97992388190074a55c812f4f5bba5c29139dfa8a86b9836bd584f3afea,complete received body,initial baseline,human review required,,true,,redirect requires equivalence review
LRS-BE619CD0680180,Cyprus Institute research infrastructures,https://www.cyi.ac.cy/index.php/research/research-infrastructures.html,https://www.cyi.ac.cy/index.php/research/research-infrastructures.html,2026-07-30,accessible,200,0,text/html; charset=utf-8,,abb863fcce8c537d8733a9a94a82f541,"Fri, 09 Jan 2026 10:57:36 GMT",117523,e1a5e1a23b7b556363daa1f3c3c60f9ff0130f24bfe6e1265d8bb6c38d664c9b,complete received body,initial baseline,not assessed,,true,,
LRS-BE61F6A35D2A81,CRI Rules of Procedure,https://lari.lu/wp-content/uploads/2024/08/LARI-CRI-ROP-12-June-2024.pdf,https://lari.lu/wp-content/uploads/2024/08/LARI-CRI-ROP-12-June-2024.pdf,2026-07-30,accessible,200,0,application/pdf,245639,"""672f43d8-3bf87""","Sat, 09 Nov 2024 11:13:28 GMT",245639,828064aef43eedf6f82916bfe4a3fba97051845606eda9c2adabfe6043e84c73,complete received body,initial baseline,not assessed,,true,,
LRS-BE7ED2BC881869,The Icelandic Centre for Research,https://en.rannis.is/,https://en.rannis.is/,2026-07-30,accessible,200,0,text/html;charset=UTF-8,3462,,"Thu, 30 Jul 2026 19:08:43 GMT",10595,70cf2341fdcb7eab331a052bb8c7bb3b63233f71a67d48796235ddc934395942,complete received body,initial baseline,not assessed,,true,,
LRS-BEE3ED1E49C9FF,Office regulations,https://e-seimas.lrs.lt/rs/legalact/TAD/78955f50e1b811ecb1b39d276e924a5d,https://e-seimas.lrs.lt/rs/legalact/TAD/78955f50e1b811ecb1b39d276e924a5d,2026-07-30,accessible,200,0,text/html;charset=UTF-8,,,,57088,e58333f6258ae5316375c80f14853b8fe8fa6b35eebaeacb55c80175a81b17f0,complete received body,initial baseline,not assessed,,true,,
LRS-BEFE720DD011C0,"Chairman, members and alternates",https://ufm.dk/en/research-and-innovation/councils-and-commissions/The-Danish-Board-on-Research-Misconduct/members,https://ufm.dk/en/research-and-innovation/councils-and-commissions/The-Danish-Board-on-Research-Misconduct/members,2026-07-30,http-error,404,0,text/html; charset=utf-8,,,,48420,c80da85436a215d102bb78b31c28366b01bb860f2cfbe728a1ff0422e9dcfdb1,complete received body,initial baseline,not assessed,,true,,HTTP 404
LRS-BF06AC132FA2D8,Minister appoints the disciplinary commission for the 2025-2028 term,https://www.gov.pl/web/nauka/komisja-dyscyplinarna-przy-ministrze-wlasciwym-do-spraw-szkolnictwa-wyzszego-i-nauki,https://www.gov.pl/web/nauka/komisja-dyscyplinarna-przy-ministrze-wlasciwym-do-spraw-szkolnictwa-wyzszego-i-nauki,2026-07-30,accessible,200,0,text/html;charset=UTF-8,,"W/""0e9cd14e86420b40adfd51b66f16832ec""",,30670,e9cd14e86420b40adfd51b66f16832ec85cf9078ab5fc74f499b98fb214c8dd2,complete received body,initial baseline,not assessed,,true,,
LRS-BF116A41D373FD,Deontology and ethics,https://www.uclouvain.be/fr/recherche/deontologie-et-ethique,https://uclouvain.be/fr/recherche/deontologie-et-ethique,2026-07-30,redirected-accessible,200,1,text/html; charset=UTF-8,37674,,,282621,07af3827bcafa72286e81125300261921961fcfdedf25771713ba7c5155b5db6,complete received body,initial baseline,human review required,,true,,redirect requires equivalence review
LRS-BF607BEEEC4FAC,CEMU organization page,https://www.cemu.ro/index.php/organizare,https://www.cemu.ro/index.php/organizare/,2026-07-30,redirected-accessible,200,1,text/html; charset=UTF-8,,,,95677,cc638ae3534d8ea2f59043fbdb7574ef1f71908faef0bf9019623e9d8fa214f7,complete received body,initial baseline,human review required,,true,,redirect requires equivalence review
LRS-BF944E9EFA5814,BfArM ethics committees page,https://www.bfarm.de/EN/Medical-devices/Overview/Competent-authorities-and-ethics-committees/Ethic-committees/_node.html,https://www.bfarm.de/EN/Medical-devices/Overview/Competent-authorities-and-ethics-committees/Ethic-committees/_node.html,2026-07-30,accessible,200,0,text/html;charset=utf-8,,,"Thu, 30 Jul 2026 19:08:42 GMT",229442,9c129b1bd92ce69f6edaa10a1fe1b42762e508b8dbaf231981522777215bfa5a,complete received body,initial baseline,not assessed,,true,,
LRS-BF9AF3B1FE56E3,University of Crete ethics page,https://www.uoc.gr/en/research-en/ethics,https://www.uoc.gr/en/research-en/ethics/,2026-07-30,redirected-accessible,200,1,text/html; charset=UTF-8,,"""e874b1617c710482e4536ecf214a8513""","Thu, 30 Jul 2026 19:08:46 GMT",322908,11473218b4500bcdf593a1d7d2aa53e46ce693dfff2e9f837a9b6c2769839052,complete received body,initial baseline,human review required,,true,,redirect requires equivalence review
LRS-BFA1EB33CC00C7,FNR publishes statement on a CRI-investigated FNR-funded project,https://www.fnr.lu/statement-regarding-allegations-of-research-misconduct-on-fnr-funded-project,https://www.fnr.lu/statement-regarding-allegations-of-research-misconduct-on-fnr-funded-project/,2026-07-30,redirected-accessible,200,1,text/html; charset=UTF-8,,,,229905,d44553ab32c76ba1235a96b08166fa9ad0910fd4bd3f6479179fb98d1f7605f3,complete received body,initial baseline,human review required,,true,,redirect requires equivalence review
LRS-BFB4853799704E,University of Tuzla privacy policy,https://untz.ba/en/university/legal-documents/university-of-tuzla-privacy-policy,https://untz.ba/en/university/legal-documents/university-of-tuzla-privacy-policy/,2026-07-30,redirected-accessible,200,1,text/html; charset=UTF-8,,,,233507,63602c60be82a0c6a699b09fb9f4b4722fd4133e7fc799b06b9bae75d8480786,complete received body,initial baseline,human review required,,true,,redirect requires equivalence review
LRS-BFC7B3C3C79A42,TENK opens nature and environmental research ethics recommendations for comments,https://tenk.fi/en/news/recommendations-ethical-review-nature-and-environment-research-now-open-comments,https://tenk.fi/en/news/recommendations-ethical-review-nature-and-environment-research-now-open-comments,2026-07-30,http-error,404,0,text/html; charset=UTF-8,,"""1785440190""","Thu, 30 Jul 2026 19:36:30 GMT",14942,cfcf4d212a79b79283638b9c9efecda60d949760865baf61c48abaafc55eaf08,complete received body,initial baseline,not assessed,,true,,HTTP 404
LRS-C016075AB20B78,Island,https://island.is/en/o/landspitali/scientific-research-committees-and-boards,https://island.is/en/o/landspitali/scientific-research-committees-and-boards,2026-07-30,accessible,200,0,text/html; charset=utf-8,,"""16coxvc5moo3t7j""",,178217,23934b8974cf23ffcd9a70c0150275cfaa766cd632324932c5d6953ed58223a5,complete received body,initial baseline,not assessed,,true,,
LRS-C05AC155C81D5A,Faculty of Medicine Teaching-Scientific Council,https://medf.ukim.edu.mk/en/media/authorities-of-the-faculty/teaching-scientific-council,https://medf.ukim.edu.mk/en/media/authorities-of-the-faculty/teaching-scientific-council/,2026-07-30,redirected-accessible,200,1,text/html; charset=UTF-8,,,,130007,c2bb26dc16296b551c2eae95400fb00257be792167b8e64013f0c5ceea25b8ff,complete received body,initial baseline,human review required,,true,,redirect requires equivalence review
LRS-C07DE145D05BBB,Harokopio EHDE page,https://www.hua.gr/ethical-review-board,https://www.hua.gr/ethical-review-board/,2026-07-30,redirected-accessible,200,1,text/html; charset=UTF-8,,"""eab58f9c37ce954a66b8859ad6949c20""","Thu, 30 Jul 2026 19:08:47 GMT",513115,cb6ebfd28f5db1b16e61e2e2a19c65742483e0d719cb17a254bb42ea3d2e54f7,complete received body,initial baseline,human review required,,true,,redirect requires equivalence review
LRS-C0C22A25D678F9,TUBITAK legislation page,https://tubitak.gov.tr/tr/kurumsal/hakkimizda/mevzuat,https://tubitak.gov.tr/tr/kurumsal/hakkimizda/mevzuat,2026-07-30,accessible,200,0,text/html; charset=UTF-8,23544,"W/""1785420471""","Thu, 30 Jul 2026 14:07:51 GMT",131101,a13323256d6ffb890473e1b9718f8a7b4936597661a8e12259111c25fa18e57c,complete received body,initial baseline,not assessed,,true,,
LRS-C0DA23148EC0DB,UMF Carol Davila research ethics commission page,https://umfcd.ro/cercetare-si-dezvoltare/comisia-de-etica-a-cercetarii,https://umfcd.ro/cercetare-si-dezvoltare/comisia-de-etica-a-cercetarii/,2026-07-30,redirected-accessible,200,1,text/html; charset=UTF-8,,"""62695-1785438527;br""",,361604,de584b839cfa115c23b624266f4c38044a0e90fce6dfd3cfd21a698044c00fff,complete received body,initial baseline,human review required,,true,,redirect requires equivalence review
LRS-C0EDBCE3F81816,Npof decisions archive,https://npof.se/en/decisions,https://npof.se/en/decisions,2026-07-30,network-error,,0,,,,,0,,none,initial unavailable baseline,not assessed,,true,fetch failed,network access failed
LRS-C1056D4F27AFE1,D.M. 226 of 14 December 2021,https://www.mur.gov.it/it/atti-e-normativa/decreto-ministeriale-n226-del-14-12-2021,https://www.mur.gov.it/it/atti-e-normativa/decreto-ministeriale-n226-del-14-12-2021,2026-07-30,http-error,403,0,text/html; charset=UTF-8,,,,5934,4638276d70c3a73a285a9472a2d73907c57ae663e0d003898626f2d2e9e37aaf,complete received body,initial baseline,not assessed,,true,,HTTP 403
LRS-C115CE8717C211,NaUKMA misconduct policy PDF,https://www.ukma.edu.ua/eng/images/site/docs/science/Policy%20on%20the%20Ethics%20of%20Scientific%20Research%20and%20Prevention%20of%20Research%20Misconduct%20at%20NaUKMA.pdf,https://www.ukma.edu.ua/eng/images/site/docs/science/Policy%20on%20the%20Ethics%20of%20Scientific%20Research%20and%20Prevention%20of%20Research%20Misconduct%20at%20NaUKMA.pdf,2026-07-30,accessible,200,0,application/pdf,431135,"""6941f-5f71752cc9140""","Fri, 17 Mar 2023 12:00:29 GMT",431135,b518d143b0fab81d0351750f9cdebe447e442e43505cffceefc1ff86ea443077,complete received body,initial baseline,not assessed,,true,,
LRS-C115D6C799FA96,KVKK home page,https://www.kvkk.gov.tr/,https://www.kvkk.gov.tr/,2026-07-30,accessible,200,0,application/json,,,,113988,f5f334a07d68ffe7f359a20ed70006b2a5e843af4999c9a6830ac3c9183ef680,complete received body,initial baseline,not assessed,,true,,
LRS-C1171FE11B0965,Provincial Assembly of Vojvodina,https://www.skupstinavojvodine.gov.rs/Strana.aspx?j=EN&s=aktapv3izmene,https://www.skupstinavojvodine.gov.rs/Strana.aspx?j=EN&s=aktapv3izmene,2026-07-30,accessible,200,0,text/html; charset=utf-8,,,,99402,8b4f4f0f21a3ce808fc1ef87ead832b1cdb25e836e6cf8ff23a67dc42c82a896,complete received body,initial baseline,not assessed,,true,,
LRS-C1232402B8128D,ETH Zurich procedure statistics table,https://ethz.ch/en/research/ethics-and-animal-welfare/research-integrity/wissenschaftliches-fehlverhalten/_jcr_content/par/accordion/accordionitem/par/table.tableComp.json,https://ethz.ch/en/research/ethics-and-animal-welfare/research-integrity/wissenschaftliches-fehlverhalten/_jcr_content/par/accordion/accordionitem/par/table.tableComp.json,2026-07-30,http-error,404,0,text/html;charset=utf-8,,,,7894,e5cf849c4f5592654d43be2ae0f43796af25acd188ac08934b20f4ec8425d3a9,complete received body,initial baseline,not assessed,,true,,HTTP 404
LRS-C133DC020F226E,FCT Re.Data competence-centre network,https://www.fct.pt/rede-nacional-de-gestao-de-dados-de-investigacao-consolida-ecossistema-de-dados-abertos-em-portugal,https://www.fct.pt/rede-nacional-de-gestao-de-dados-de-investigacao-consolida-ecossistema-de-dados-abertos-em-portugal/,2026-07-30,redirected-accessible,200,1,text/html; charset=UTF-8,12972,,"Thu, 30 Jul 2026 19:08:48 GMT",100635,455a8b12358c3240b12a966b13da489793cfd69c10f9e6ac8117c1272a6c9f6b,complete received body,initial baseline,human review required,,true,,redirect requires equivalence review
LRS-C17DB4B9E30742,Ethics committee of human sciences,https://www.oulu.fi/en/university/faculties-and-units/eudaimonia-institute/ethics-committee-human-sciences,https://www.oulu.fi/en/university/faculties-and-units/eudaimonia-institute/ethics-committee-human-sciences,2026-07-30,accessible,200,0,text/html; charset=UTF-8,,"W/""1785438528""","Thu, 30 Jul 2026 19:08:48 GMT",82688,8ac006c1bc16479a7e7f83bd22c078bbeef4f6bc419c1a9884543eef2b0bdea3,complete received body,initial baseline,not assessed,,true,,
LRS-C185F6EF0CD826,Ombudsperson complaints handling and investigations procedure,https://etikostarnyba.lt/wp-content/uploads/2022/04/Procedure-of-Complaints-Handling-and-Investigations-at-the-Initiative-of-the-Ombudsperson-revised.pdf,https://etikostarnyba.lt/wp-content/uploads/2022/04/Procedure-of-Complaints-Handling-and-Investigations-at-the-Initiative-of-the-Ombudsperson-revised.pdf,2026-07-30,accessible,200,0,application/pdf,133199,,"Thu, 21 Apr 2022 07:30:20 GMT",133199,48b6dd0e3e2303041233b930bf9477942f779f2abbe6fd47bdacc7823b153cff,complete received body,initial baseline,not assessed,,true,,
LRS-C1BF95D62F3585,Annual reports,https://i.ntnu.no/wiki/-/wiki/English/Research%2BIntegrity%2BCommittee,https://i.ntnu.no/wiki/-/wiki/English/Research%2BIntegrity%2BCommittee,2026-07-30,accessible,200,0,text/html;charset=UTF-8,,,,113834,8b953384f3d4b385da5919cf5953787a94648244ff5f0f2de8930b1d56d974e3,complete received body,initial baseline,not assessed,,true,,
LRS-C1CA9F8172F51C,SNSF appoints Commission on Research Integrity,https://www.snf.ch/en/researchinFocus/newsroom/Pages/news-131017-snf-kommission-wissenschaftliche-integritaet.aspx,https://www.snf.ch/en/904eVvLHxnmyr1H2/news/news-131017-snf-kommission-wissenschaftliche-integritaet,2026-07-30,redirected-accessible,200,1,text/html; charset=utf-8,,"""gpnl96p9go44rj""",,192813,13579043f76ec7056faa38f4bfad64961249d2af6258083ab7e0336ca0d47caa,complete received body,initial baseline,human review required,,true,,redirect requires equivalence review
LRS-C1E62ECE4F3859,CEEI report on integrity in scientific and technical research,https://www.ciencia.gob.es/dam/jcr%3Ab5fcf7ef-48b0-48d6-b730-a5e3cd111489/InformeCEEI24.pdf,https://www.ciencia.gob.es/dam/jcr%3Ab5fcf7ef-48b0-48d6-b730-a5e3cd111489/InformeCEEI24.pdf,2026-07-30,network-error,,0,,,,,0,,none,initial unavailable baseline,not assessed,,true,fetch failed,network access failed
LRS-C1F8CE2F68F83A,Medicinski fakultet u Sarajevu,https://mf.unsa.ba/en/nauka/eticki-komitet,https://mf.unsa.ba/en/nauka/eticki-komitet/,2026-07-30,redirected-accessible,200,1,text/html; charset=UTF-8,,,,86579,c29633c93841686ec998ca848a89ca017edba440a4cdcd248edeedd4506106c5,complete received body,initial baseline,human review required,,true,,redirect requires equivalence review
LRS-C2074CB3E2FC07,National CDI ethics code is approved,https://legislatie.just.ro/Public/DetaliiDocumentAfis/305717,https://legislatie.just.ro/Public/DetaliiDocumentAfis/305717,2026-07-30,network-error,,0,,,,,0,,none,initial unavailable baseline,not assessed,,true,fetch failed,network access failed
LRS-C2396E3B1B6BF6,Instruction on Ethics and the Responsible Conduct of Research,https://www.abo.fi/wp-content/uploads/2021/10/Instruction-on-Ethics-and-the-Responsible-Conduct-of-Research.pdf,https://www.abo.fi/wp-content/uploads/2021/10/Instruction-on-Ethics-and-the-Responsible-Conduct-of-Research.pdf,2026-07-30,http-error,404,0,text/html,,,,146,55f7d9e99b8e2d4e0e193b2f0275501e6d9c1ebd29cadbea6a0da48a8587e3e0,complete received body,initial baseline,not assessed,,true,,HTTP 404
LRS-C277747F59D37F,UTM academic integrity policy and strategy,https://utm.md/wp-content/uploads/2024/10/politica-si-strategia-utm-in-domeniul-integritatii-academice.pdf,https://utm.md/wp-content/uploads/2024/10/politica-si-strategia-utm-in-domeniul-integritatii-academice.pdf,2026-07-30,http-error,403,0,text/html; charset=UTF-8,,,,5969,c429cf964d786bbad50b22ab61ef0791e0045f0af2a093d243f6dd973a94e9bd,complete received body,initial baseline,not assessed,,true,,HTTP 403
LRS-C2953AB02CAD02,Laws and regulations concerning ZonMw,https://www.zonmw.nl/en/laws-and-regulations-concerning-zonmw,https://www.zonmw.nl/en/laws-and-regulations-concerning-zonmw,2026-07-30,accessible,200,0,text/html; charset=UTF-8,17941,"""1785435905-gzip""","Thu, 30 Jul 2026 18:25:05 GMT",107704,a44d7547ee5a6084e7f2a9542e9b42ae5a85d739b5ed30a62bfb0be267518584,complete received body,initial baseline,not assessed,,true,,
LRS-C2AD0921E66E47,University of Tirana approves research-project administration guide,https://unitir.edu.al/kerkimi-shkencor,https://unitir.edu.al/kerkimi-shkencor/,2026-07-30,redirected-accessible,200,1,text/html; charset=UTF-8,,,"Fri, 24 Jul 2026 11:34:49 GMT",339424,f83c8e6f72928d9efcdb8572c506e4ba4c22a99c0b9dcf650b15bebaf4862ac4,complete received body,initial baseline,human review required,,true,,redirect requires equivalence review
LRS-C2B56B888EDC63,AQHE organisational structure,https://www.akvo.mk/index.php/za-nas/organizaciska-struktura,https://www.akvo.mk/index.php/za-nas/organizaciska-struktura,2026-07-30,http-error,500,0,text/html; charset=UTF-8,,,,20879,a6b3f4913fdfb574da46d0a68d3486a5d5724640c43d5ad9f9a1a975d01af96a,complete received body,initial baseline,not assessed,,true,,HTTP 500
LRS-C32D08F75C0587,Law on Higher Education,https://www.gov.me/en/documents/ad155ad9-bc62-453f-8cbf-1e58537b4f45,https://www.gov.me/en/documents/ad155ad9-bc62-453f-8cbf-1e58537b4f45,2026-07-30,accessible,200,0,text/html; charset=utf-8,449458,"W/""6dbb2-vbj1s0ojH60EUTn4lZ3GDEgImcQ""",,449458,73b7e1bbbfb859534f4a5d64d8151f6fa77c764952cba2bede7e8b6e28db2d3e,complete received body,initial baseline,not assessed,,true,,
LRS-C3458864D73C0E,AAK dissertation defenses,https://aak.gov.az/elanView,https://aak.gov.az/elanView,2026-07-30,accessible,200,0,text/html; charset=UTF-8,,,,131339,c1fe7dab1035f7da19adcd2efb10cfaa58b3be7f625568e9056a71acae2fa3c4,complete received body,initial baseline,not assessed,,true,,
LRS-C354AE38DB9DDF,Fraunhofer policy on good scientific practice,https://www.fraunhofer.de/content/dam/zv/de/ueber-fraunhofer/corporate-responsibility/fraunhofer-policy-zur-umsetzung-guter-wissenschaftlicher-praxis.pdf,https://www.fraunhofer.de/content/dam/zv/de/ueber-fraunhofer/corporate-responsibility/fraunhofer-policy-zur-umsetzung-guter-wissenschaftlicher-praxis.pdf,2026-07-30,accessible,200,0,application/pdf,485898,,"Thu, 05 Dec 2024 12:42:58 GMT",485898,c8883dfb796f4606d5a6460de6f6b4bc797fa6a81a307048c09c437f66f24d8f,complete received body,initial baseline,not assessed,,true,,
LRS-C37D62D3BD6EB4,ETT Bioethics Code page,https://ett.okfo.gov.hu/bioetikai-kodex,https://ett.okfo.gov.hu/bioetikai-kodex/,2026-07-30,redirected-accessible,200,1,text/html; charset=UTF-8,49955,,,168271,3ac7e8a1e61f78fd40b6db3adcec93d8333629ab8f2516bba9370e14b08647ce,complete received body,initial baseline,human review required,,true,,redirect requires equivalence review
LRS-C380506DA6001F,HRS4R renewal application,https://hrs4r.sav.sk/wp-content/uploads/HRS4R_Renewal_final_SVK.pdf,https://hrs4r.sav.sk/wp-content/uploads/HRS4R_Renewal_final_SVK.pdf,2026-07-30,accessible,200,0,application/pdf,1204601,"""126179-645bca8acd0b0""","Fri, 12 Dec 2025 08:00:46 GMT",1000000,b3b36c298662dc326adf36cb1e7d36d942c7ae08954346be23398c1c293f8dff,first 1000000 bytes,initial baseline,not assessed,,true,,
LRS-C38E54517B0D31,Council approves its 2023-2025 work report,https://www.gov.si/assets/ministrstva/MVZI/Znanost/Etika-in-integriteta-v-znanosti/Porocilo-o-delu-Nacionalnega-sveta-za-etiko-in-integriteto-v-znanosti-2023-2025.pdf,https://www.gov.si/assets/ministrstva/MVZI/Znanost/Etika-in-integriteta-v-znanosti/Porocilo-o-delu-Nacionalnega-sveta-za-etiko-in-integriteto-v-znanosti-2023-2025.pdf,2026-07-30,accessible,200,0,application/pdf,261257,"""3fc89-64d602154e7e6""","Thu, 19 Mar 2026 12:58:51 GMT",261257,b135f1b4c0fdd7c5ec03152e3df913384f35521b867b9347914371f8f0b831d4,complete received body,initial baseline,not assessed,,true,,
LRS-C3B6515C4DD6DE,CEIUC 2024 activity report,https://www.uc.pt/site/assets/files/2074568/relatorio_ceiuc_2024.pdf,https://www.uc.pt/site/assets/files/2074568/relatorio_ceiuc_2024.pdf,2026-07-30,accessible,200,0,application/pdf,682129,"""6a5f32f1-a6891""","Tue, 21 Jul 2026 08:50:57 GMT",682129,902584ea006a874598b7a23150cf4457b1f74013f6a10067d8cb15fdbedb7895,complete received body,initial baseline,not assessed,,true,,
LRS-C3B8B15BB169CE,Vlada Federacije Bosne i Hercegovine,https://fbihvlada.gov.ba/en/ministarstvo-obrazovanja-i-nauke,https://fbihvlada.gov.ba/en/ministarstvo-obrazovanja-i-nauke,2026-07-30,accessible,200,0,text/html; charset=UTF-8,,,,45672,2fa9a1e9f57792cde8b7748876f2cbd4c53edc0f2ff4568e7921783630da1ce2,complete received body,initial baseline,not assessed,,true,,
LRS-C3CFDBD09DA20E,CAS Scientific Integrity Committee,https://www.avcr.cz/en/about-us/cas-structure/Scientific-Integrity-Committee-of-the-CAS,https://www.avcr.cz/en/about-us/cas-structure/Scientific-Integrity-Committee-of-the-CAS,2026-07-30,accessible,200,0,text/html;charset=UTF-8,47914,,"Thu, 30 Jul 2026 19:08:52 GMT",47914,7092b46c87d6d8f1acf0247ce7ffdf0c9ae63aee3e17f78d7672afa18f894d04,complete received body,initial baseline,not assessed,,true,,
LRS-C3D5BA6F19F488,Crisis Navigator,https://etikostarnyba.lt/wp-content/uploads/2026/03/Crisis-Navigator.pdf,https://etikostarnyba.lt/wp-content/uploads/2026/03/Crisis-Navigator.pdf,2026-07-30,accessible,200,0,application/pdf,797627,,"Thu, 19 Mar 2026 07:58:19 GMT",797627,d00246c99d7f211936779740f1eaa126729f5ee8ac8204717c083714d8781aa7,complete received body,initial baseline,not assessed,,true,,
LRS-C3D690850CB3DF,External Quality Assurance,https://mfhea.mt/external-quality-assurance,https://mfhea.mt/external-quality-assurance,2026-07-30,http-error,403,0,text/html; charset=UTF-8,,,,5733,761d7f7da56dd4e1cc0452da7f4a07f254741019b92da769825931cd1146103d,complete received body,initial baseline,not assessed,,true,,HTTP 403
LRS-C3EA6C782B3B0C,SDU rules for ensuring good scientific practice,https://www.sdu.dk/-/media/files/om_sdu/faellesadministrationen/rektorsekretariatet/juridisk%2Bkontor/god%2Bvidenskabelig%2Bpraksis%2B1%2B03072018_enuk.pdf?hash=9AFAD30A28B49F9F256C9F1544C74A2120E4E2D6&la=en,https://www.sdu.dk/-/media/files/om_sdu/faellesadministrationen/rektorsekretariatet/juridisk%2Bkontor/god%2Bvidenskabelig%2Bpraksis%2B1%2B03072018_enuk.pdf?hash=9AFAD30A28B49F9F256C9F1544C74A2120E4E2D6&la=en,2026-07-30,accessible,200,0,application/pdf,82473,177996c91f9f45528f1c4e1c3e895a0f,"Wed, 29 Aug 2018 09:18:45 GMT",82473,5b5af92d944082f3155c7ced79bb5d01889e3aeea55a3c8d93b51823021d8405,complete received body,initial baseline,not assessed,,true,,
LRS-C3F3B66782492A,Launch of SafeScience,https://www.nwo-i.nl/en/news/2022/11/07/launch-of-national-platform-for-threatened-academics,https://www.nwo-i.nl/en/news/2022/11/07/launch-of-national-platform-for-threatened-academics,2026-07-30,http-error,404,0,text/html; charset=UTF-8,,"""1785438531""","Thu, 30 Jul 2026 19:08:51 GMT",14246,710307661ab7491cfdf6eaea589a40509321a87dde06651d677b2995fa41469a,complete received body,initial baseline,not assessed,,true,,HTTP 404
LRS-C3FA183183395B,FCT mission page,https://www.fct.pt/sobre/a-fct,https://www.fct.pt/sobre/a-fct,2026-07-30,accessible,200,0,text/html; charset=UTF-8,14499,,"Thu, 30 Jul 2026 19:08:52 GMT",123004,5807733024a1da9b14c9a5a7f9b40f1649b23b8de895a4283a85df9c289337b3,complete received body,initial baseline,not assessed,,true,,
LRS-C3FA60CAA049DD,NaUKMA research ethics policy page,https://www.ukma.edu.ua/eng/index.php/research/129-research/832-research-ethics-policy,https://www.ukma.edu.ua/eng/index.php/research/129-research/832-research-ethics-policy,2026-07-30,accessible,200,0,text/html; charset=utf-8,5754,,,19827,15cf40da5570018ec827b3d5cacdcd30e88a838d86e07507ac117e925913edb4,complete received body,initial baseline,not assessed,,true,,
LRS-C400F8C131C80F,KU Leuven research integrity,https://research.kuleuven.be/en/integrity-ethics/integrity,https://research.kuleuven.be/en/integrity-ethics/integrity,2026-07-30,accessible,200,0,text/html;charset=utf-8,,,"Thu, 23 Apr 2026 13:21:06 GMT",27013,94fbe7d7b9b3af67bdce582e7f9343d26d0a67c5dd08f7654ed9fc52c5faae06,complete received body,initial baseline,not assessed,,true,,
LRS-C428C565D14F23,Research Council of Finland responsible science,https://www.aka.fi/en/research-funding/apply-for-funding/how-to-apply-for-funding/az-index-of-application-guidelines/responsible-science,https://www.aka.fi/en/research-funding/apply-for-funding/how-to-apply-for-funding/az-index-of-application-guidelines/responsible-science,2026-07-30,accessible,200,0,text/html; charset=utf-8,40460,,,40460,52bc74322bbf27d4c7e8cad3b980c834bf1084559e8b6517e15aeed2002ce8a3,complete received body,initial baseline,not assessed,,true,,
LRS-C4718A1E8C1C32,AAU good scientific practice,https://www.en.ssh.aau.dk/research/for-researchers/good-scientific-practice,https://www.en.ssh.aau.dk/research/for-researchers/good-scientific-practice,2026-07-30,accessible,200,0,text/html; charset=utf-8,,"""bdbfa4vh643px1""",,173578,311f52eebb0bb58e1f7513faae314a25b586e42a800d0e03c84e7f394571a826,complete received body,initial baseline,not assessed,,true,,
LRS-C4BD2F9D8181FB,Ethics committee page,https://psych.pan.pl/nauka/komisja-ds-etyki-badan-naukowych-ip-pan,https://psych.pan.pl/nauka/komisja-ds-etyki-badan-naukowych-ip-pan/,2026-07-30,redirected-accessible,200,1,text/html; charset=UTF-8,17655,,,98847,d8698ced915cafb17e0b7dc142dbc0876d8eabdd1a2ea6123506bf95bb27e4cc,complete received body,initial baseline,human review required,,true,,redirect requires equivalence review
LRS-C4D436493AB454,ENRIO Greece country report,https://www.enrio.eu/country-reports/greece,https://www.enrio.eu/country-reports/greece/,2026-07-30,redirected-accessible,200,1,text/html; charset=UTF-8,12067,,,44427,bef1f7873375db5c7265ac4631f156ba57941519eb64eb815ded937ba0bba597,complete received body,initial baseline,human review required,,true,,redirect requires equivalence review
LRS-C4E73847C63318,International University of Monaco governance,https://www.monaco.edu/en/about-us/who-we-are/governance,https://www.monaco.edu/en/about-us/who-we-are/governance/,2026-07-30,redirected-accessible,200,1,text/html; charset=UTF-8,,,,103409,e1666c142f80d4ab3abbf295b9820280d03f752eaba1f13f3a05de8002ab5750,complete received body,initial baseline,human review required,,true,,redirect requires equivalence review
LRS-C504AB91E4270C,Law 3/2023,https://portaljuridicandorra.ad/L2023003,https://portaljuridicandorra.ad/L2023003,2026-07-30,accessible,200,0,text/html; charset=utf-8,,,,226313,b4f642bfbfb24dc52c48387d4874b24b86c2ab6eccead78760fcddf2e15bfde6,complete received body,initial baseline,not assessed,,true,,
LRS-C510E2110E243D,Activities of the State Data Protection Inspectorate in 2025,https://vdai.lrv.lt/en/news/activities-of-the-state-data-protection-inspectorate-in-2025-sMZ,https://vdai.lrv.lt/en/news/activities-of-the-state-data-protection-inspectorate-in-2025-sMZ,2026-07-30,http-error,403,0,text/html; charset=UTF-8,,,,5903,d7d9e85d069d833f68c263bd6e5f7a2832ac3921831fbe19fa2158a1d1402c91,complete received body,initial baseline,not assessed,,true,,HTTP 403
LRS-C5149C122A9B4B,CSM and INSERM formalize M-CRIN cooperation,https://en.gouv.mc/A-la-Une-du-Portail/Monaco-Clinical-Research-Infrastructure-Network-l-officialisation-d-une-collaboration-d-envergure-entre-le-CSM-et-l-INSERM,https://en.gouv.mc/A-la-Une-du-Portail/Monaco-Clinical-Research-Infrastructure-Network-l-officialisation-d-une-collaboration-d-envergure-entre-le-CSM-et-l-INSERM,2026-07-30,timeout,,0,,,,,0,,none,initial unavailable baseline,not assessed,,true,This operation was aborted,request timed out
LRS-C52E34A27ECF3C,Monaco first clinical research day,https://en.gouv.mc/Gouvernement-Princier/Actualites/Premiere-journee-consacree-a-la-recherche-clinique-a-Monaco,https://en.gouv.mc/Gouvernement-Princier/Actualites/Premiere-journee-consacree-a-la-recherche-clinique-a-Monaco,2026-07-30,timeout,,0,,,,,0,,none,initial unavailable baseline,not assessed,,true,This operation was aborted,request timed out
LRS-C53AC5A725CDFF,International University of Monaco accreditations,https://www.monaco.edu/en/about-us/who-we-are/accreditations,https://www.monaco.edu/en/about-us/who-we-are/accreditations/,2026-07-30,redirected-accessible,200,1,text/html; charset=UTF-8,,,,101032,c853a088f34f60d3c03ac2dee0d304d31a8f9a11091934d1a1c44a6793a5838f,complete received body,initial baseline,human review required,,true,,redirect requires equivalence review
LRS-C556F6C6634B57,Trakia University academic-ethics rules,https://trakia-uni.bg/wp-content/uploads/2024/04/Pravila_AE-TrU.pdf,https://trakia-uni.bg/wp-content/uploads/2024/04/Pravila_AE-TrU.pdf,2026-07-30,accessible,200,0,application/pdf,231489,,"Thu, 30 May 2024 10:29:29 GMT",231489,2292a256149763039ad26ce3a4a2911164163030e4ddc4f6c9eff3e43ba0f86e,complete received body,initial baseline,not assessed,,true,,
LRS-C573563E28DA48,OWID annual reports download page,https://ombudsgremium.de/2030/owid-jahresberichte,https://ombudsgremium.de/2030/owid-jahresberichte/,2026-07-30,redirected-accessible,200,1,text/html; charset=UTF-8,,,,434810,50cb9aed5f0922082fde863bfdd4cb362109331e77b18a3ef39420056cbe7336,complete received body,initial baseline,human review required,,true,,redirect requires equivalence review
LRS-C5F2BAB354AF56,IRIS,https://iris.research.org.cy/file/public/3ef8b3a5-50a9-e911-8131-005056ab0fd1,https://iris.research.org.cy/file/public/3ef8b3a5-50a9-e911-8131-005056ab0fd1,2026-07-30,accessible,200,0,application/pdf; charset=utf-8,,,,1000000,2fcbff48655cd407ebdbf5090213d575ad3f97f1bf9fcdd8ce2f3e436c96bf45,first 1000000 bytes,initial baseline,not assessed,,true,,
LRS-C5FE2446A900D1,Decision forming a three-member Ethical Board,https://www.nacionalensovetzavoinid.com.mk/images/dokumenti/novi%20clenovi.pdf,https://www.nacionalensovetzavoinid.com.mk/images/dokumenti/novi%20clenovi.pdf,2026-07-30,accessible,200,0,application/pdf,220555,,"Tue, 19 Mar 2024 18:49:04 GMT",220555,ea917fc7c9b82ac4cd69d998e2b5fac018732e96be1c18aa0efc2b8dd9c7f738,complete received body,initial baseline,not assessed,,true,,
LRS-C63F706DE2CCF3,UP approves research ethics regulation,https://uni-pr.edu/page.aspx?id=2%2C38%2C1979,https://uni-pr.edu/page.aspx?id=2%2C38%2C1979,2026-07-30,accessible,200,0,text/html; charset=utf-8,,,,59927,c0474c43661d6f7519c9baa4084e30fe455f511a6d487f5e17be9d7427497399,complete received body,initial baseline,not assessed,,true,,
LRS-C645D784E77043,AZVO statement on Odbor publication ownership,https://www.azvo.hr/2017/01/10/ocitovanje-azvo-a-o-radu-odbora-za-etiku-u-znanosti-i-visokom-obrazovanju,https://www.azvo.hr/2017/01/10/ocitovanje-azvo-a-o-radu-odbora-za-etiku-u-znanosti-i-visokom-obrazovanju/,2026-07-30,redirected-accessible,200,1,text/html; charset=UTF-8,,"""cd22ff5e227636880633c6505cc19151""","Thu, 30 Jul 2026 19:08:56 GMT",60905,513f19ba9317c8c590ce955bda23651b2b218d88a2aafe6bc63684689ad205bc,complete received body,initial baseline,human review required,,true,,redirect requires equivalence review
LRS-C657FA364C1F6B,Data State Inspectorate,https://www.dvi.gov.lv/en,https://www.dvi.gov.lv/en,2026-07-30,accessible,200,0,text/html; charset=UTF-8,19580,"W/""1785435126""","Thu, 30 Jul 2026 18:12:06 GMT",75349,82c5f0c7f15218023d91cab0eeb74a28302876a67bc20305ed43d756e3545b0c,complete received body,initial baseline,not assessed,,true,,
LRS-C672C275128F45,ISSP UL Annual Report 2024,https://www.cfi.lu.lv/fileadmin/user_upload/lu_portal/projekti/cfi/Citi_dokumenti/Annual_Report_2024ISSPUL.pdf,https://www.cfi.lu.lv/fileadmin/user_upload/lu_portal/projekti/cfi/Citi_dokumenti/Annual_Report_2024ISSPUL.pdf,2026-07-30,accessible,200,0,application/pdf,3276798,"""31fffe-63c5409171bbb""","Thu, 14 Aug 2025 14:24:47 GMT",1000000,0adc9897c02264e0fbf6f39416424d2e6790d3dc4006207a0543d8962b7695f5,first 1000000 bytes,initial baseline,not assessed,,true,,
LRS-C68FE28A5BF2C4,First Ofis synthesis of 2022-2023 handling data,https://www.ofis-france.fr/les-enquetes-de-lofis,https://www.ofis-france.fr/les-enquetes-de-lofis/,2026-07-30,redirected-accessible,200,1,text/html; charset=UTF-8,,,,115857,318ab256a68b06dd6f980b953318195591c9865097e86e574427bd67f4ac313a,complete received body,initial baseline,human review required,,true,,redirect requires equivalence review
LRS-C6A59C70A70E43,Ofis support for actors,https://www.ofis-france.fr/accompagnement-des-acteurs,https://www.ofis-france.fr/accompagnement-des-acteurs/,2026-07-30,redirected-accessible,200,1,text/html; charset=UTF-8,,,,176404,3e006b69e50bdc243804501612b10b0dd7a7648f35d105acc1b586f1c181d62c,complete received body,initial baseline,human review required,,true,,redirect requires equivalence review
LRS-C6F125BAC06EBC,EOF ACT EU Trial Map announcement,https://www.eof.gr/en/%CE%B5%CE%BD%CE%B5%CF%81%CE%B3%CE%BF%CF%80%CE%BF%CE%B9%CE%B7%CF%83%CE%B7-%CF%87%CE%B1%CF%81%CF%84%CE%B7-%CE%BA%CE%BB%CE%B9%CE%BD%CE%B9%CE%BA%CF%89%CE%BD-%CE%B4%CE%BF%CE%BA%CE%B9%CE%BC%CF%89%CE%BD,https://www.eof.gr/en/%CE%B5%CE%BD%CE%B5%CF%81%CE%B3%CE%BF%CF%80%CE%BF%CE%B9%CE%B7%CF%83%CE%B7-%CF%87%CE%B1%CF%81%CF%84%CE%B7-%CE%BA%CE%BB%CE%B9%CE%BD%CE%B9%CE%BA%CF%89%CE%BD-%CE%B4%CE%BF%CE%BA%CE%B9%CE%BC%CF%89%CE%BD/,2026-07-30,redirected-accessible,200,1,text/html; charset=utf-8,37635,,,139531,3304207a00acb80c678eb37bc70d822c3c5c94d38a751d781de927f42e4e53a6,complete received body,initial baseline,human review required,,true,,redirect requires equivalence review
LRS-C71E2622A04465,Constitutional Court confirms Ombudsperson power to require qualification revocation,https://etikostarnyba.lt/en/the-constitutional-court-the-obligation-of-the-ombudsperson-to-revoke-a-decision-regarding-the-award-of-a-higher-education-qualification-is-not-in-conflict-with-the-constitution,https://etikostarnyba.lt/en/the-constitutional-court-the-obligation-of-the-ombudsperson-to-revoke-a-decision-regarding-the-award-of-a-higher-education-qualification-is-not-in-conflict-with-the-constitution/,2026-07-30,redirected-accessible,200,1,text/html; charset=UTF-8,,,"Thu, 30 Jul 2026 19:09:01 GMT",176561,307fb7ddf8e8a087f9e25a31a02a5280342021d713edb4ab5c21dbcf9c0bc6ef,complete received body,initial baseline,human review required,,true,,redirect requires equivalence review
LRS-C730412D18E43D,Npof decisions archive (Swedish),https://npof.se/beslut,https://npof.se/beslut,2026-07-30,network-error,,0,,,,,0,,none,initial unavailable baseline,not assessed,,true,fetch failed,network access failed
LRS-C730626267E62D,Misconduct Investigation Procedure sunset notice,https://ukrio.org/misconduct-investigation-procedure,https://ukrio.org/misconduct-investigation-procedure,2026-07-30,accessible,200,0,text/html; charset=UTF-8,,"""95a1d77c5f4f01914e871e9d5cbf6158""","Thu, 30 Jul 2026 19:09:01 GMT",52076,fe5599f8e2b6e6da474eacd28b211a551510e3e5d94bb7656fbcff14116111f2,complete received body,initial baseline,not assessed,,true,,
LRS-C7464A0919B5D9,Leiden CWI advice and final judgments,https://www.organisatiegids.universiteitleiden.nl/universitaire-commissies/commissie-wetenschappelijke-integriteit/adviezen-commissie,https://www.organisatiegids.universiteitleiden.nl/universitaire-commissies/commissie-wetenschappelijke-integriteit/adviezen-commissie,2026-07-30,accessible,200,0,text/html;charset=UTF-8,,,,387306,b52cc99ce1c1de6e5b8a7287e3316a5aa6b60f789c06f51a690fa7f0f1e00373,complete received body,initial baseline,not assessed,,true,,
LRS-C75DBAED2DCA1D,UNIC Medical School appointments to national bioethics committees,https://www.unic.ac.cy/med/2025/01/13/medical-school-faculty-appointed-to-national-bioethics-committees,https://www.unic.ac.cy/med/2025/01/13/medical-school-faculty-appointed-to-national-bioethics-committees/,2026-07-30,redirected-accessible,200,2,text/html; charset=UTF-8,,,,153359,14ed335f9597fc5ab974c7d18958295eb3096422422076537dc1889ce7f63eb5,complete received body,initial baseline,human review required,,true,,redirect requires equivalence review
LRS-C767E108F95B65,TU Dublin Research Integrity Policy,https://www.tudublin.ie/media/website/explore/policies-and-forms/research-and-innovation/TU-Dublin-Research-Integrity-Policy-REP04-Approved.pdf,https://www.tudublin.ie/media/website/explore/policies-and-forms/research-and-innovation/TU-Dublin-Research-Integrity-Policy-REP04-Approved.pdf,2026-07-30,http-error,404,0,text/html; charset=UTF-8,,,,28414,c2b0a38f27c06141552d0d000a2ee3eab0001df22c7de58e90bb5e0ca5264d1b,complete received body,initial baseline,not assessed,,true,,HTTP 404
LRS-C7CF6EFE9CEB01,ANILAB portal,https://anilab.decentral.minagric.gr/index.php/en,https://anilab.decentral.minagric.gr/index.php/en,2026-07-30,network-error,,0,,,,,0,,none,initial unavailable baseline,not assessed,,true,fetch failed,network access failed
LRS-C7ED24D3ECB75B,Oxford Research Integrity Statement 2024,https://assets-oxweb.admin.ox.ac.uk/2026-02/research-integrity-2024-statement_0.pdf,https://assets-oxweb.admin.ox.ac.uk/2026-02/research-integrity-2024-statement_0.pdf,2026-07-30,http-error,403,0,text/html; charset=UTF-8,,,,5879,9bcf66f389cce066e41d217c3a35066bfa180425e43515e1cce2a25d2b4d7218,complete received body,initial baseline,not assessed,,true,,HTTP 403
LRS-C80320F7A513DE,KAA 2025 annual work report,https://akreditimi.rks-gov.net/wp-content/uploads/Annual_Work_Report_-of_-KSHC_AKA-2025.pdf,https://akreditimi.rks-gov.net/wp-content/uploads/Annual_Work_Report_-of_-KSHC_AKA-2025.pdf,2026-07-30,accessible,200,0,application/pdf,3184324,"""3096c4-6501e33c2e1b8""","Thu, 23 Apr 2026 10:35:07 GMT",1000000,d7168cd48c8800ddc34a54268614bfb53196ef484d1230bd85130e2827431be3,first 1000000 bytes,initial baseline,not assessed,,true,,
LRS-C812CA14BDE781,Masaryk University Code of Ethics,https://www.muni.cz/en/about-us/official-notice-board/mu-code-of-ethics,https://www.muni.cz/en/about-us/official-notice-board/mu-code-of-ethics,2026-07-30,accessible,200,0,text/html; charset=utf-8,20669,,,80145,fcd967907bb11fa2b2710b5c0e972d9264b2a838f2f1da4b3b81f9f646b3323d,complete received body,initial baseline,not assessed,,true,,
LRS-C87B41A2859F8F,NAIN Strategy 2025-2028,https://www.qqi.ie/news/the-national-academic-integrity-network-launches-its-strategy-2025-2028,https://www.qqi.ie/news/the-national-academic-integrity-network-launches-its-strategy-2025-2028,2026-07-30,accessible,200,0,text/html; charset=utf-8,114501,,,114501,46cc824c01cbbdda749d1d5b267409d4dab45aa1e8193998cac6c3ede3ff400b,complete received body,initial baseline,not assessed,,true,,
LRS-C87BF51EE9D965,Fraunhofer IZM principles of good scientific practice,https://www.izm.fraunhofer.de/en/institut/principles-of-good-scientific-practice.html,https://www.izm.fraunhofer.de/en/institut/principles-of-good-scientific-practice.html,2026-07-30,accessible,200,0,text/html;charset=utf-8,6052,,,31026,7d50f9a0321e7e35eefc0a97012761664f010e789fd4e0d93866dccc5042b5a0,complete received body,initial baseline,not assessed,,true,,
LRS-C8A88E4762043E,Personal Data Protection Act,https://www.riigiteataja.ee/en/eli/523012019001/consolide,https://www.riigiteataja.ee/en/eli/523012019001/consolide,2026-07-30,http-error,403,0,text/html; charset=UTF-8,,,,5837,8ea63442feddc956f83c23b65cbbd07ecca0b663273b488e8d59c7b94931056b,complete received body,initial baseline,not assessed,,true,,HTTP 403
LRS-C8B6E745001052,University of Milan research report 2025,https://work.unimi.it/filepub/bandi_finanziamento/RAR_RelazioneAteneoRicerca_VI_edizione_Ottobre2025.pdf,https://work.unimi.it/filepub/bandi_finanziamento/RAR_RelazioneAteneoRicerca_VI_edizione_Ottobre2025.pdf,2026-07-30,http-error,404,0,text/html; charset=iso-8859-1,315,,,315,d5a89e26beae0bc03ad18a0b0d1d3d75f87c32047879d25da11970cb5c4662a3,complete received body,initial baseline,not assessed,,true,,HTTP 404
LRS-C8D9EAFC3414A4,Law on Science,https://ehea.edu.az/en/documents/25/2,https://ehea.edu.az/en/documents/25/2,2026-07-30,accessible,200,0,text/html; charset=UTF-8,26203,,,121094,d6aac8592ada0603d2e31eec6a6416ce354b74d0c961ddbca87914a4eece683b,complete received body,initial baseline,not assessed,,true,,
LRS-C9008ED13CE013,CSB reform law published,https://www.consigliograndeegenerale.sm/on-line/home/scheda17180192.html,https://www.consigliograndeegenerale.sm/on-line/home/scheda17180192.html,2026-07-30,accessible,200,0,text/html;charset=ISO-8859-1,,,,12099,08f94e0b1cb58d0e51339ee93836cadcc86f15d059cc741fac207d0f7cd4f114,complete received body,initial baseline,not assessed,,true,,
LRS-C90E731ABAAABD,University of Liechtenstein Act,https://www.gesetze.li/konso/pdf/2005003000?version=6,https://www.gesetze.li/konso/pdf/2005003000?version=6,2026-07-30,accessible,200,0,application/pdf;charset=UTF-8,220898,,,220898,aa7aaaf2a2c90aac7a0907f9cc96c2dcf2b996ad58124b24b2e78c51bbd2e4a6,complete received body,initial baseline,not assessed,,true,,
LRS-C9525EC82D63BA,Government approves the Code of Research Integrity and Ethics in Slovakia,https://vaia.gov.sk/sk/2024/09/novy-kodex-vyskumnej-integrity,https://vaia.gov.sk/sk/2024/09/novy-kodex-vyskumnej-integrity/,2026-07-30,redirected-accessible,200,1,text/html; charset=UTF-8,22611,,,115009,15cfdafd1155807fa8708f53bc56769663b631c7d2d49d8e6faf4f9e5fe4c0dd,complete received body,initial baseline,human review required,,true,,redirect requires equivalence review
LRS-C96F3192047F3C,EOF April-July 2024 positive-opinion announcement,https://old.eof.gr/web/guest/eed%3Bjsessionid%3D4011bb3f123148a0c454ed9f4102?_62_INSTANCE_x2AD_articleId=9028579&_62_INSTANCE_x2AD_groupId=12225&_62_INSTANCE_x2AD_struts_action=%2Fjournal_articles%2Fview&_62_INSTANCE_x2AD_version=1.0&p_p_col_count=3&p_p_col_id=column-1&p_p_col_pos=2&p_p_id=62_INSTANCE_x2AD&p_p_lifecycle=0&p_p_mode=view&p_p_state=maximized,https://old.eof.gr/web/guest/eed%3Bjsessionid%3D4011bb3f123148a0c454ed9f4102?_62_INSTANCE_x2AD_articleId=9028579&_62_INSTANCE_x2AD_groupId=12225&_62_INSTANCE_x2AD_struts_action=%2Fjournal_articles%2Fview&_62_INSTANCE_x2AD_version=1.0&p_p_col_count=3&p_p_col_id=column-1&p_p_col_pos=2&p_p_id=62_INSTANCE_x2AD&p_p_lifecycle=0&p_p_mode=view&p_p_state=maximized,2026-07-30,accessible,200,0,text/html;charset=UTF-8,7636,,,24300,ad21fe99bb5b4ec7e9b2840962689c2317f28fe536b7b7f9c89b65c571effacf,complete received body,initial baseline,not assessed,,true,,
LRS-C9783D0E8B0237,UL 28 June 2024 authorship decision,https://www.lu.lv/par-mums/akademiskas-etikas-komisija/28062024-par-autoribu,https://www.lu.lv/par-mums/akademiskas-etikas-komisija/28062024-par-autoribu,2026-07-30,accessible,200,0,text/html; charset=utf-8,10931,"""550b9f121898ea6b2c675a7925032708-gzip""",,62082,2389d253dc5080d704bb578a1f85a02b6e010abf627af2d2ba43dc38e1799dbb,complete received body,initial baseline,not assessed,,true,,
LRS-C99A6D56C5E713,Clinical Research Law 21/2014,https://diariodarepublica.pt/dr/detalhe/lei/21-2014-25344024,https://diariodarepublica.pt/dr/detalhe/lei/21-2014-25344024,2026-07-30,accessible,200,0,text/html; charset=utf-8,,,,2346,043b1ab50ac43d1f14ac425f913d3255819d737cc44d6f2e0f13b672237bb4d5,complete received body,initial baseline,not assessed,,true,,
LRS-C9EF9368599F83,Saint Petersburg State University,https://spbu.ru/openuniversity/documents/kodeks-universanta,https://spbu.ru/openuniversity/documents/kodeks-universanta,2026-07-30,network-error,,0,,,,,0,,none,initial unavailable baseline,not assessed,,true,fetch failed,network access failed
LRS-CA13B5669891B6,Experimental-animal rulebook,https://www.fmpvs.gov.ba/wp-content/uploads/2017/Veterinarstvo/Veterinarstvo-pravilnici/39vet-prav4610.pdf,https://www.fmpvs.gov.ba/wp-content/uploads/2017/Veterinarstvo/Veterinarstvo-pravilnici/39vet-prav4610.pdf,2026-07-30,accessible,200,0,application/pdf,,"""53859-57ac6106c6a1e""","Fri, 16 Nov 2018 10:59:41 GMT",342105,1a56731d4b822f13ec324961aba666d3f84006b9fb2f4cd3a7c3c81348e89412,complete received body,initial baseline,not assessed,,true,,
LRS-CA3EFC29D5C1F7,CYQAA quality policy statement,https://dipae.ac.cy/index.php/en/cyqaa-en/quality-policy-statement-en,https://dipae.ac.cy/index.php/en/cyqaa-en/quality-policy-statement-en,2026-07-30,accessible,200,0,text/html; charset=utf-8,,,"Thu, 30 Jul 2026 19:09:09 GMT",105070,1092563a1df99fc7989da7b58e3c75eb7e69ecdd35764969488bff3b6b7e5517,complete received body,initial baseline,not assessed,,true,,
LRS-CA636DC6A39F35,KNAW research integrity theme,https://www.knaw.nl/en/themes/research-integrity,https://www.knaw.nl/en/themes/research-integrity,2026-07-30,http-error,403,0,text/html,118,,,118,58bf2215b395dcac74c009aa98701854e43cbe54a1cd3a95fee6a647ca9910d4,complete received body,initial baseline,not assessed,,true,,HTTP 403
LRS-CA9194CA4A719E,Council for Scientific Research Activity page,https://www.gov.me/mps/savjeti-za-oblasti-obrazovanja-nauke-i-inovacija/savjet-za-naucnoistrazivacku-djelatnost,https://www.gov.me/mps/savjeti-za-oblasti-obrazovanja-nauke-i-inovacija/savjet-za-naucnoistrazivacku-djelatnost,2026-07-30,accessible,200,0,text/html; charset=utf-8,578853,"W/""8d525-kmzX0R/GJzb+ZBWfCN5ER3j581c""",,578853,fb69361cd0304b37db6b06ddd1e02469f0a88934fe55eb09d6cfe9f293a9dcda,complete received body,initial baseline,not assessed,,true,,
LRS-CA97451A62692D,Integrity advisor page,https://nkfih.gov.hu/english-2017/organisation/integrity-advisor,https://nkfih.gov.hu/english-2017/organisation/integrity-advisor,2026-07-30,accessible,200,0,text/html; charset=UTF-8,19919,,,154008,6412a0db74c87599cb972d428fb0b3ebf7710416a4ef2318ae90bb73bf0769ec,complete received body,initial baseline,not assessed,,true,,
LRS-CAC3C740487795,First Danish Code of Conduct for Research Integrity published,https://ufm.dk/en/publications/2014/the-danish-code-of-conduct-for-research-integrity,https://ufm.dk/en/publications/2014/the-danish-code-of-conduct-for-research-integrity,2026-07-30,http-error,404,0,text/html; charset=utf-8,,,,48420,c80da85436a215d102bb78b31c28366b01bb860f2cfbe728a1ff0422e9dcfdb1,complete received body,initial baseline,not assessed,,true,,HTTP 404
LRS-CB465237BB3FC9,AIP decisions page,https://aip.rks-gov.net/en/decisions,https://aip.rks-gov.net/en/decisions/,2026-07-30,redirected-accessible,200,1,text/html; charset=UTF-8,15597,,,68370,ff8fdaf889bb3f39e9fcc9a626255c458d35d8412febfed8f46e5174b0bfe031,complete received body,initial baseline,human review required,,true,,redirect requires equivalence review
LRS-CB5E82EE27072B,ENRIO Ireland country report,https://www.enrio.eu/country-reports/ireland,https://www.enrio.eu/country-reports/ireland/,2026-07-30,redirected-accessible,200,1,text/html; charset=UTF-8,13538,,,49197,4ad8de6a1b4ee0d253a0941d8e24f07c9a44896d265cad8b3f6e085e5ce9419a,complete received body,initial baseline,human review required,,true,,redirect requires equivalence review
LRS-CB6892FF13237B,BfArM clinical trials,https://www.bfarm.de/EN/Medicinal-products/Clinical-trials/_node.html,https://www.bfarm.de/EN/Medicinal-products/Clinical-trials/_node.html,2026-07-30,accessible,200,0,text/html;charset=utf-8,,,"Thu, 30 Jul 2026 19:09:11 GMT",240170,a0b79d86b434086e2ef90682b2eba35f04b8be7228c148609a4c71c9eee827ca,complete received body,initial baseline,not assessed,,true,,
LRS-CB697AA17BFA75,AUEB ethics and good practice page,https://www.aueb.gr/en/content/ethics-and-good-practice,https://www.aueb.gr/en/content/ethics-and-good-practice,2026-07-30,accessible,200,0,text/html; charset=utf-8,,"""1785438552-1""","Thu, 30 Jul 2026 19:09:12 GMT",103767,f626149e5b8a078d70110fbc83f415ee1c4c2b8b76624c4c1192f10ff73e1be8,complete received body,initial baseline,not assessed,,true,,
LRS-CB890EF774C01C,FWF academic integrity page,https://www.fwf.ac.at/en/about-us/what-we-do/academic-integrity,https://www.fwf.ac.at/en/about-us/what-we-do/academic-integrity,2026-07-30,accessible,200,0,text/html; charset=utf-8,,,,104144,a14ab1ef95be456b687984efe7b152621af19c09be7e5fd07dba709b2f027627,complete received body,initial baseline,not assessed,,true,,
LRS-CBA49747F47CDD,Lund University good research practice,https://www.staff.lu.se/compliance/good-research-practice,https://www.staff.lu.se/compliance/good-research-practice,2026-07-30,accessible,200,0,text/html; charset=UTF-8,17585,,"Thu, 30 Jul 2026 18:35:35 GMT",74817,3b4d4c0076c885fa50e41e75cfe4f964c2e162e32444f269bc041253e9c8c31c,complete received body,initial baseline,not assessed,,true,,
LRS-CBB83E93859D3C,University of Crete legislation page,https://en.elke.uoc.gr/aboutus/legislation,https://en.elke.uoc.gr/aboutus/legislation,2026-07-30,accessible,200,0,text/html; charset=utf-8,,,,14934,8801d924e561ea358d21e0c36c11a97f2125c9cb1707d0e5f101118715f31085,complete received body,initial baseline,not assessed,,true,,
LRS-CBED6EAD08A33B,Council Office,https://scientific-integrity.ch/organisation/council-office,https://scientific-integrity.ch/organisation/council-office,2026-07-30,accessible,200,0,text/html;charset=utf-8,,,,111390,5c482b45ff6778d3c0f9f9deeb08fea2ec251eb6e971d9bc359632841557ac1c,complete received body,initial baseline,not assessed,,true,,
LRS-CBF490A45AFE11,Tuba,https://www.tuba.gov.tr/tr/yayinlar/suresiz-yayinlar/raporlar/tuba-bilimsel-arastirmada-etik-ve-sorunlari-1,https://www.tuba.gov.tr/tr/yayinlar/suresiz-yayinlar/raporlar/tuba-bilimsel-arastirmada-etik-ve-sorunlari-1,2026-07-30,network-error,,0,,,,,0,,none,initial unavailable baseline,not assessed,,true,fetch failed,network access failed
LRS-CC10E38F8727BF,ASCAL mission and activity,https://mail.ascal.al/en/about-us/mission-and-activity,https://mail.ascal.al/en/about-us/mission-and-activity,2026-07-30,accessible,200,0,text/html; charset=utf-8,,63caccbb5e85ae8bbe3e6082a8fb5c07,"Thu, 10 Feb 2022 09:21:07 GMT",64065,94853fd599441e42f7bc1b61f83b2c8218fb5e8735779ee03297b5082f981720,complete received body,initial baseline,not assessed,,true,,
LRS-CC4BD459AC8926,Annual Report 2024 research misconduct,https://ufsn.dk/media/wgbfidbg/arsberetning-2024-web-090525.pdf,https://ufsn.dk/media/wgbfidbg/arsberetning-2024-web-090525.pdf,2026-07-30,accessible,200,0,application/pdf,364060,"""1dc4a6a3c25ac9c""","Fri, 31 Oct 2025 13:28:25 GMT",364060,35b37fa11afc8e377d3ea640e9b3e55cb32e68f4b02af49f20b47b63f2328322,complete received body,initial baseline,not assessed,,true,,
LRS-CC5B80BDAE0C16,Ufficio di Stato Brevetti e Marchi,https://www.gov.sm/pub2/GovSM/Dipartimenti/Dipartimento-Sviluppo-Economico/Ufficio-di-Stato-Brevetti-e-Marchi.html,https://www.gov.sm/pub2/GovSM/Dipartimenti/Dipartimento-Sviluppo-Economico/Ufficio-di-Stato-Brevetti-e-Marchi.html,2026-07-30,accessible,200,0,text/html;charset=UTF-8,3607,,"Thu, 30 Jul 2026 18:53:24 GMT",16480,6579558b39ccfd05f14ebc2f31f5a2f0babfcbdd93069c25540b3df00e0e13a8,complete received body,initial baseline,not assessed,,true,,
LRS-CC6934229B1FFB,Mevzuat,https://www.mevzuat.gov.tr/MevzuatMetin/yonetmelik/8.5.31390.pdf,https://www.mevzuat.gov.tr/MevzuatMetin/yonetmelik/8.5.31390.pdf,2026-07-30,accessible,200,0,application/pdf,612110,"""1d86e6e606a7a8e""","Mon, 23 May 2022 06:28:55 GMT",612110,f7f004158a99c2129cf9225ea873ff5f23158dbfeefc2b8e779e0bf6112c4d4a,complete received body,initial baseline,not assessed,,true,,
LRS-CCB07201557F76,Constitution article 33,https://www.normattiva.it/uri-res/N2Ls?urn:nir:stato:costituzione~art33=,https://www.normattiva.it/uri-res/N2Ls?urn:nir:stato:costituzione~art33=,2026-07-30,accessible,200,0,text/html;charset=UTF-8,,,,168180,889896561a60aba14ac5142535936493786b17e8eb1744774e37a8d7cd28747b,complete received body,initial baseline,not assessed,,true,,
LRS-CCC387928894FF,Responsible Conduct of Research / RI guidance portal,https://tenk.fi/en/research-misconduct/responsible-conduct-research-rcr,https://tenk.fi/en/research-misconduct/responsible-conduct-research-rcr,2026-07-30,accessible,200,0,text/html; charset=UTF-8,,"""1785428344""","Thu, 30 Jul 2026 16:19:04 GMT",27896,6664e18a0f314725c3efc0476496ced1d4f2d71c6cbf0e712867e6c0de4e1982,complete received body,initial baseline,not assessed,,true,,
LRS-CCC4AD28E2E368,RIF annual reports,https://www.research.org.cy/en/rif/the-foundation,https://www.research.org.cy/en/rif/the-foundation/,2026-07-30,redirected-accessible,200,1,text/html; charset=UTF-8,,,,439650,f3a29f2d93d3e25d603be5a30a86de39cafe52aa95eb8b8478f16a8202ca5a90,complete received body,initial baseline,human review required,,true,,redirect requires equivalence review
LRS-CCD346D1E64552,Daugavpils University publication ethics and malpractice statement,https://du.lv/publication-ethics-and-publication-malpractice-statement,https://du.lv/publication-ethics-and-publication-malpractice-statement/,2026-07-30,redirected-accessible,200,1,text/html; charset=UTF-8,30405,,,144573,897f15aaae9070255838ca4ebeb1372c4728029d4c0211ce2fdb7356e69fcb5d,complete received body,initial baseline,human review required,,true,,redirect requires equivalence review
LRS-CCECDC59F177C1,ASCAL Accreditation Board organization,https://www.ascal.al/en/accreditation-board/organization,https://www.ascal.al/en/accreditation-board/organization,2026-07-30,accessible,200,0,text/html; charset=utf-8,,6cfbc8003a00d903612950e5c05602ac,"Fri, 05 Dec 2025 10:58:48 GMT",72260,fa708a28c93ac02d69cd4ce9813906d15b17283244923d7fba851398dc0dc199,complete received body,initial baseline,not assessed,,true,,
LRS-CCFB205F99BC01,"UPJS Ethics Committee minutes, 23 March 2026",https://www.upjs.sk/app/uploads/2026/04/Zapis-EK-23.03.2026.pdf,https://www.upjs.sk/app/uploads/2026/04/Zapis-EK-23.03.2026.pdf,2026-07-30,accessible,200,0,application/pdf,179093,,"Thu, 09 Apr 2026 06:11:57 GMT",179093,b81d9a397ece1df51a090ef6b7164a1e1a2765189a3d44166bdf11418231a822,complete received body,initial baseline,not assessed,,true,,
LRS-CD2B5465AF7C0B,Zuyd Klachtencommissie WIO,https://www.zuyd.nl/onderzoek/wetenschappelijke-integriteit/klachtencommissie-wio,https://www.zuyd.nl/onderzoek/wetenschappelijke-integriteit/klachtencommissie-wio,2026-07-30,accessible,200,0,text/html; charset=UTF-8,,"W/""1785438557""","Thu, 30 Jul 2026 19:09:17 GMT",175696,34777ddd34dd99b20be8d944e0c1bdb17fac00fe58892d501067dbe0938b324b,complete received body,initial baseline,not assessed,,true,,
LRS-CD2BBAB4F9AABF,NAWA issues 2025 regulations for natural persons,https://nawa.gov.pl/images/2025/1_Regulations-of-Programmes-for-natural-persons-2025/000_Regulations-for-natural-persons-2025-ENG.pdf,https://nawa.gov.pl/images/2025/1_Regulations-of-Programmes-for-natural-persons-2025/000_Regulations-for-natural-persons-2025-ENG.pdf,2026-07-30,accessible,200,0,application/pdf,420765,"""66b9d-630d84a926ff7""","Fri, 21 Mar 2025 11:09:42 GMT",420765,3d9e0719d963c2d63fa7aed466a1caebe6c52972a94fb78d8148f721cf9af873,complete received body,initial baseline,not assessed,,true,,
LRS-CD5AF426D2A77B,Law 4780/2021 establishes the National Commission for Bioethics and Technoethics,https://bioethics.gr/en/page/armodiothtes-13,https://bioethics.gr/en/page/armodiothtes-13,2026-07-30,accessible,200,0,text/html; charset=utf-8,,"""6a698-o91swJTJXL5Ll/nv0yWqML4qYmU""",,435864,434f6b119773cd93dda3e9e3ddee07efe81806a80f7488839b76c816745beb58,complete received body,initial baseline,not assessed,,true,,
LRS-CDF26198A05BDD,International evaluation methodology prepared for Latvian scientific institutions,https://www.izm.gov.lv/lv/media/29432/download?attachment=,https://www.izm.gov.lv/lv/media/29432/download?attachment=,2026-07-30,accessible,200,0,application/pdf,434170,,"Wed, 27 May 2026 21:55:59 GMT",434170,2b28adde3d477cc31350a5f403019f87dfe2f6708858d47f9dd90585c8efac62,complete received body,initial baseline,not assessed,,true,,
LRS-CDF778014791AD,CNATDCU page,https://www.edu.ro/CNATDCU,https://www.edu.ro/CNATDCU,2026-07-30,accessible,200,0,text/html; charset=UTF-8,,,,30802,c2886781b358e5a2eda62a5016f8c0799fba86e40e74d7198152d6fab2cc8ade,complete received body,initial baseline,not assessed,,true,,
LRS-CE2AC166F5E57A,KAA reports page,https://akreditimi.rks-gov.net/about-kaa/legal-provisions-and-responsibilities/documentation,https://akreditimi.rks-gov.net/about-kaa/legal-provisions-and-responsibilities/documentation/,2026-07-30,redirected-accessible,200,1,text/html; charset=UTF-8,15046,,,90362,7296aae6da310136322ea77eef72d5012ad8685b24f86012b418aa061112d689,complete received body,initial baseline,human review required,,true,,redirect requires equivalence review
LRS-CE82A88CFA5A13,Government of Iceland,https://www.government.is/media/velferdarraduneyti-media/media/acrobat-enskar_sidur/Health-Sector-Research-Act-No-44-2014.pdf,https://www.government.is/media/velferdarraduneyti-media/media/acrobat-enskar_sidur/Health-Sector-Research-Act-No-44-2014.pdf,2026-07-30,accessible,200,0,application/pdf,116431,"""4b9c8e2c217d81:0""","Tue, 01 Feb 2022 00:25:11 GMT",116431,62cec2db9cf82e3142260c0bfbf0344a5b2efbe97fc352ac43fb5680000b0478,complete received body,initial baseline,not assessed,,true,,
LRS-CEA7D8F8F13360,Háskólinn á Akureyri,https://www.unak.is/english/university/governance/councils-and-committees,https://www.unak.is/english/university/governance/councils-and-committees,2026-07-30,accessible,200,0,text/html; charset=UTF-8,16882,,,64374,3f709e9f46879c8411aa62dbac85552bfb2cd590c8a8c92eeed50d829b140a00,complete received body,initial baseline,not assessed,,true,,
LRS-CEAC75B7FE8812,NASB tasks and functions,https://nasb.gov.by/eng/about/status-zadachi,https://nasb.gov.by/eng/about/status-zadachi/,2026-07-30,redirected-accessible,200,1,text/html; charset=UTF-8,,,,36083,93f766ad3a5b4a332647be9c7be435329cdaec5c5f8e82a2b4dfea877112d740,complete received body,initial baseline,human review required,,true,,redirect requires equivalence review
LRS-CEB94133CE6B90,UKIM Economic Institute self-evaluation report,https://ukim.edu.mk/wp-content/uploads/2025/06/eki-izveshtaj.pdf,https://ukim.edu.mk/wp-content/uploads/2025/06/eki-izveshtaj.pdf,2026-07-30,accessible,200,0,application/pdf,1616889,"""18abf9-637e8903b7d20""","Thu, 19 Jun 2025 08:30:52 GMT",1000000,d7c865884bee4cf57c631b09a3c87d000840c01771486b8c01c6f2b46809f454,first 1000000 bytes,initial baseline,not assessed,,true,,
LRS-CEC3D4FF6DBC13,AQUA appeal guide,https://www.aqua.ad/sites/default/files/2025-04/Guia%20d%27apel%C2%B7laci%C3%B3_mar%C3%A7%202025_V1%201.pdf,https://www.aqua.ad/sites/default/files/2025-04/Guia%20d%27apel%C2%B7laci%C3%B3_mar%C3%A7%202025_V1%201.pdf,2026-07-30,accessible,200,0,application/pdf,341479,"""67f8efe4-535e7""","Fri, 11 Apr 2025 10:33:08 GMT",341479,ccf92c7f77ca72abd70466f87073175fc68b324aa025a1bf82b137648486a2ac,complete received body,initial baseline,not assessed,,true,,
LRS-CEE4C1C62741AF,2018 law,https://api.sejm.gov.pl/eli/acts/DU/2018/1668/text.html,https://api.sejm.gov.pl/eli/acts/DU/2018/1668/text.html,2026-07-30,accessible,200,0,text/html;charset=utf-8,,,,1000000,28d26e593b1db51c061f61acc14ff8f57cb11b935a1125cf29776746bb8b425b,first 1000000 bytes,initial baseline,not assessed,,true,,
LRS-CEED4E98FDE307,CERS committee,https://bioetica.sm/il-comitato-cers,https://bioetica.sm/il-comitato-cers,2026-07-30,http-error,404,0,text/html; charset=UTF-8,,,,91602,1142d0ec567f32f53d425a0759c39747ace68e13213d0299937feafbabf23904,complete received body,initial baseline,not assessed,,true,,HTTP 404
LRS-CEF3F279ACE592,MSU bioethics approval page,https://bioethics.msu.ru/approval/1.html,https://bioethics.msu.ru/approval/1.html,2026-07-30,network-error,,0,,,,,0,,none,initial unavailable baseline,not assessed,,true,fetch failed,network access failed
LRS-CF06FE73E85F60,ETH Zurich anonymised investigation reports table,https://ethz.ch/en/research/ethics-and-animal-welfare/research-integrity/wissenschaftliches-fehlverhalten/_jcr_content/par/accordion/accordionitem_1362309064/par/table.tableComp.json,https://ethz.ch/en/research/ethics-and-animal-welfare/research-integrity/wissenschaftliches-fehlverhalten/_jcr_content/par/accordion/accordionitem_1362309064/par/table.tableComp.json,2026-07-30,http-error,404,0,text/html;charset=utf-8,,,,7894,e5cf849c4f5592654d43be2ae0f43796af25acd188ac08934b20f4ec8425d3a9,complete received body,initial baseline,not assessed,,true,,HTTP 404
LRS-CF1DFD8317A6BA,ETH Zurich new misconduct procedure,https://ethz.ch/staffnet/en/news-and-events/internal-news/archive/2024/02/new-rules-of-procedure-to-address-scientific-misconduct-are-adopted.html,https://ethz.ch/staffnet/en/news-and-events/internal-news/archive/2024/02/new-rules-of-procedure-to-address-scientific-misconduct-are-adopted.html,2026-07-30,accessible,200,0,text/html;charset=utf-8,,,,75796,e9aa5226ca9ead944cf06e68559f5e3930d01837bd0177d8e31be7bb58dbd4a1,complete received body,initial baseline,not assessed,,true,,
LRS-CF7A3E71F8F172,Edu.ro,https://edu.ro/sites/default/files/_fi%C8%99iere/Minister/2023/Legi_educatie_Romania_educata/legi_monitor/Legea_invatamantului_superior_nr_199.pdf,https://edu.ro/sites/default/files/_fi%C8%99iere/Minister/2023/Legi_educatie_Romania_educata/legi_monitor/Legea_invatamantului_superior_nr_199.pdf,2026-07-30,accessible,200,0,application/pdf,368266,0x8DECC83EF3983E0,"Wed, 17 Jun 2026 15:20:15 GMT",368266,833ed677adeb7c766cfdbdbbcb8f073e07c3abbcb8629f29d0b6a6f70795e085,complete received body,initial baseline,not assessed,,true,,
LRS-CF91838BF43B8A,Law on the National Academy of Sciences approved,https://www.sci.am/about.php?langid=2,https://www.sci.am/about.php?langid=2,2026-07-30,accessible,200,0,text/html,12547,,,60332,8997ac7b76439eb4fc889e24ce9f951670b8551d8e69b353f1b4fbe883b780a1,complete received body,initial baseline,not assessed,,true,,
LRS-D011F3028FACAA,ALMBIH patient handbook on clinical trials,https://almbih.gov.ba/wp-content/uploads/2023/10/prirucnik_klinicka_ispitivanja_lijekova_za_pacijente_i_njihove_porodice-1.pdf,https://almbih.gov.ba/wp-content/uploads/2023/10/prirucnik_klinicka_ispitivanja_lijekova_za_pacijente_i_njihove_porodice-1.pdf,2026-07-30,accessible,200,0,application/pdf,665939,,"Mon, 02 Oct 2023 23:50:39 GMT",665939,317eda8cf6fe993836cc14c5e7bab85cd6d0f87a8052f920bef40bbf176ed7fd,complete received body,initial baseline,not assessed,,true,,
LRS-D02BD4630530A6,Council procedure rules create an anonymized-opinion publication route,https://www.gov.si/assets/ministrstva/MVZI/Znanost/Etika-in-integriteta-v-znanosti/Pravila-postopka-za-sprejemanje-mnenj-o-skladnosti-ravnanja-z-eticnimi-pravili-in-o-krsitvah-nacel-raziskovalne-integritete.pdf,https://www.gov.si/assets/ministrstva/MVZI/Znanost/Etika-in-integriteta-v-znanosti/Pravila-postopka-za-sprejemanje-mnenj-o-skladnosti-ravnanja-z-eticnimi-pravili-in-o-krsitvah-nacel-raziskovalne-integritete.pdf,2026-07-30,accessible,200,0,application/pdf,133651,"""20a13-639defbd29ec4""","Mon, 14 Jul 2025 07:55:30 GMT",133651,f7e9b928fa3cbb1c0d566725c72dddb2e8740099b12d0901badf38fce90e1028,complete received body,initial baseline,not assessed,,true,,
LRS-D05FE3AB5855C9,VCWI Yearbook 2024,https://kvab.be/sites/default/files/Jaarboek%202024.pdf,https://kvab.be/sites/default/files/Jaarboek%202024.pdf,2026-07-30,accessible,200,0,application/pdf,4045824,"""3dbc00-6384cbda09ff7""","Tue, 24 Jun 2025 08:01:50 GMT",1000000,57cc3cbb184689ccb6b825d70da554b3dcfa55f70197c5e2dd500ccd7768de2f,first 1000000 bytes,initial baseline,not assessed,,true,,
LRS-D08D4ED10E5FA7,Ministry of Health OPBA page,https://www.salute.gov.it/new/it/tema/prevenzione-e-controllo-malattie-degli-animali/organismo-preposto-al-benessere-degli-animali,https://www.salute.gov.it/new/it/tema/prevenzione-e-controllo-malattie-degli-animali/organismo-preposto-al-benessere-degli-animali,2026-07-30,accessible,200,0,text/html; charset=UTF-8,,,,12780,64c51f30bdcaafb04b16f9f7665c0b0a6fa53d8c1a752c61212f5e046aa524b3,complete received body,initial baseline,not assessed,,true,,
LRS-D0AF503D34D48D,MTU Research Integrity,https://www.mtu.ie/research/research-integrity,https://www.mtu.ie/research/research-integrity/,2026-07-30,redirected-accessible,200,1,text/html; charset=UTF-8,23149,"""223e0-6571eb4b58bc0-gzip""","Tue, 21 Jul 2026 13:07:32 GMT",140256,6eb812f59a344557f92a840e94dc2b593e06549508329a3dbb61752e59a3c3eb,complete received body,initial baseline,human review required,,true,,redirect requires equivalence review
LRS-D0D9B9BB181C4F,ANACEC legislation,https://anacec.md/en/content/legislation-1,https://anacec.md/en/content/legislation-1,2026-07-30,accessible,200,0,text/html; charset=utf-8,,"""1785438560-1""","Thu, 30 Jul 2026 19:09:20 GMT",32467,b80d62e1d43976fb6316b6df0da91360ea369912a739b41f5e8d60c3668ab2c7,complete received body,initial baseline,not assessed,,true,,
LRS-D0F5F8AA0FA920,Accreditation Manual 2024,https://akreditimi.rks-gov.net/wp-content/uploads/RREGULLORE-KAA-04-24-Accreditation-Manual-ENG.pdf,https://akreditimi.rks-gov.net/wp-content/uploads/RREGULLORE-KAA-04-24-Accreditation-Manual-ENG.pdf,2026-07-30,accessible,200,0,application/pdf,1061973,"""103455-63a32e0a5c500""","Fri, 18 Jul 2025 12:00:52 GMT",1000000,7fd227f33f7b65a2f7afa7efb61a62170e3f2dfb9370445c018c5c4c1abc235f,first 1000000 bytes,initial baseline,not assessed,,true,,
LRS-D109134457BEA3,Mind the GAP,https://mindthegap.vlir.be/,https://mindthegap.vlir.be/,2026-07-30,accessible,200,0,text/html; charset=UTF-8,8434,,,46621,97cea68d8ae654906dcbc47b48736f84ac4e6c6077041806af5b43d4fab7b33a,complete received body,initial baseline,not assessed,,true,,
LRS-D1479AB6627764,University of Liechtenstein quality management,https://www.uni.li/en/university/organisation/quality-management,https://www.uni.li/en/university/organisation/quality-management,2026-07-30,accessible,200,0,text/html; charset=utf-8,22064,"""1785438560-gzip""","Thu, 30 Jul 2026 19:09:20 GMT",201912,d74d9ea6ee5315064ab169cfc665c4dc601613eca6005e2fb5babfe238039b35,complete received body,initial baseline,not assessed,,true,,
LRS-D147D6339C113F,Information on application of the Law on Protection of Personal Data,https://azlp.mk/en/information-on-the-application-of-the-law-on-the-protection-of-personal-data,https://azlp.mk/en/information-on-the-application-of-the-law-on-the-protection-of-personal-data/,2026-07-30,redirected-accessible,200,1,text/html; charset=UTF-8,42910,"""a79e-65738c3a1e078""","Wed, 22 Jul 2026 20:12:52 GMT",336264,a5636797f4b1b53adb1cddbe1afb84d53d8af6137ccaf4a7c23fb6e83879e65a,complete received body,initial baseline,human review required,,true,,redirect requires equivalence review
LRS-D14BA3C9F49F47,Freie Universitat Berlin GWP annual report 2025,https://refubium.fu-berlin.de/bitstream/handle/fub188/51748/Jahresbericht_GWP_2025_FUB.pdf?isAllowed=y&sequence=1,https://refubium.fu-berlin.de/bitstream/handle/fub188/51748/Jahresbericht_GWP_2025_FUB.pdf?isAllowed=y&sequence=1,2026-07-30,accessible,200,0,application/pdf,,,"Mon, 06 Jul 2026 15:54:45 GMT",586992,89e82a476945595abfab011da1810fc2e476b4d965135d887da58d4792a1b6c4,complete received body,initial baseline,not assessed,,true,,
LRS-D156ADE118CEEB,Ethical Committee for Research in Organizational Sciences at UM FOV,https://www.fov.um.si/en/about-faculty/ethical-committee-for-research-in-organizational-sciences,https://www.fov.um.si/en/about-faculty/ethical-committee-for-research-in-organizational-sciences/,2026-07-30,redirected-accessible,200,1,text/html; charset=UTF-8,,,,221456,42ef4d2677d43b70df86bd08de944c2805ec220187fdf3493a31d8a3f0be80ee,complete received body,initial baseline,human review required,,true,,redirect requires equivalence review
LRS-D160A735B7A926,Ofis missions,https://www.ofis-france.fr/les-missions,https://www.ofis-france.fr/les-missions/,2026-07-30,redirected-accessible,200,1,text/html; charset=UTF-8,,,,120312,2f1e876ea9abbf93196666d1acce11a96a0cbd2cc313e7bd552d866323061203,complete received body,initial baseline,human review required,,true,,redirect requires equivalence review
LRS-D17D8AA3024E70,Activity Report 2024,https://etikostarnyba.lt/wp-content/uploads/2025/03/Activity-Report-for-2024.pdf,https://etikostarnyba.lt/wp-content/uploads/2025/03/Activity-Report-for-2024.pdf,2026-07-30,accessible,200,0,application/pdf,3383177,,"Tue, 18 Mar 2025 12:33:09 GMT",1000000,a4d4c22ec0a81add17b40013c36315ab00c0a8a6ab3d92fdbc2403260dd512f4,first 1000000 bytes,initial baseline,not assessed,,true,,
LRS-D19CFB5BF857F0,BASG mononational clinical-trial procedure,https://www.basg.gv.at/en/healthcare-professionals/clinical-trials/clinical-trials-of-medicinal-products,https://www.basg.gv.at/en/healthcare-professionals/clinical-trials/clinical-trials-of-medicinal-products,2026-07-30,accessible,200,0,text/html;charset=utf-8,24272,,,202489,933dd1cbf88d4c6dac3707ad7a42ff23e626cdf73b26dfcb7f59b00228c6c647,complete received body,initial baseline,not assessed,,true,,
LRS-D1ED3A8B2AC2E4,KAA Code of Ethics,https://akreditimi.rks-gov.net/newweb/wp-content/uploads/2025/07/KAA-Code-of-ethics.pdf,https://akreditimi.rks-gov.net/newweb/wp-content/uploads/2025/07/KAA-Code-of-ethics.pdf,2026-07-30,accessible,200,0,application/pdf,267425,"""414a1-639f1e6f54840""","Tue, 15 Jul 2025 06:29:45 GMT",267425,49828508615254d2c4c5fa5004968b3e4b21f5983b9d5661d1913a5637ca09ef,complete received body,initial baseline,not assessed,,true,,
LRS-D261CEDB609718,Decision on use of software for plagiarism detection,https://www.ucg.ac.me/skladiste/blog_1012/objava_5/fajlovi/15%20decision%20on%20use%20of%20SOFTWARE%20FOR%20PLAGIARSIM%20DETECTION.pdf,https://www.ucg.ac.me/skladiste/blog_1012/objava_5/fajlovi/15%20decision%20on%20use%20of%20SOFTWARE%20FOR%20PLAGIARSIM%20DETECTION.pdf,2026-07-30,accessible,200,0,application/pdf,324983,"""4f577-626f4c1c86fa6""","Fri, 15 Nov 2024 14:55:25 GMT",324983,78c05c2d672dfbaff3294614982f22c8efa5d382e1dceea22f9f9d82c26889d6,complete received body,initial baseline,not assessed,,true,,
LRS-D267A20AE23657,IPS-BAS Ethics Committee,https://ips-bas.org/en/ethics-committee,https://ips-bas.org/en/ethics-committee/,2026-07-30,redirected-accessible,200,1,text/html; charset=UTF-8,,"""ebf89def07def59c9b49b12641e3d4ff""","Thu, 30 Jul 2026 19:09:25 GMT",153787,41551bc71bcbab3ca2141fa7d1b0bc73190300e33b3de46fcd036570d31c3902,complete received body,initial baseline,human review required,,true,,redirect requires equivalence review
LRS-D2681E81DEB424,P4Science 2024-2025 call,https://www.belspo.be/belspo/P4Science-S4Policy/P4Science_call_2025_en.stm,https://www.belspo.be/belspo/P4Science-S4Policy/P4Science_call_2025_en.stm,2026-07-30,accessible,200,0,text/html,12050,,,12050,201f9716a421fd4a6ae72191f299318de81a6b6bd30f979117920efe9882a66c,complete received body,initial baseline,not assessed,,true,,
LRS-D329F00F7B41B8,UNamur adopts new complaint procedure,https://www.unamur.be/fr/recherche/ethique/conseil-integrite-scientifique,https://www.unamur.be/fr/recherche/ethique/conseil-integrite-scientifique,2026-07-30,accessible,200,0,text/html; charset=UTF-8,,"""1785438562""","Thu, 30 Jul 2026 19:09:22 GMT",140322,f5e88e098d21a8649b1c1322006cffff49d23301cac76de172a445381cf32076,complete received body,initial baseline,not assessed,,true,,
LRS-D33D77D2EFF4DB,Ethical Committee for Medical and Dental Research,https://stomfak.ukim.edu.mk/en/ethical-committee-for-medical-and-dental-research,https://stomfak.ukim.edu.mk/en/ethical-committee-for-medical-and-dental-research/,2026-07-30,redirected-accessible,200,1,text/html; charset=UTF-8,,,,123447,6966a1424e51ffa7e036f345aff6946a72d9073db982719c3de4025b10765c7f,complete received body,initial baseline,human review required,,true,,redirect requires equivalence review
LRS-D35D077C29178D,National bioethics recommendation clarifies EHDE competence,https://bioethics.gr/api/files/download/2616/SYSTASH_EHDE_FINAL_EN.pdf?attachment=false,https://bioethics.gr/api/files/download/2616/SYSTASH_EHDE_FINAL_EN.pdf?attachment=false,2026-07-30,accessible,200,0,application/pdf,206672,"W/""32750-19b0761d5c0""","Wed, 10 Dec 2025 08:30:10 GMT",206672,103c857ce836f9c96a93d7bdd76581f950fe6f77d728e344698f4bdb7cfab400,complete received body,initial baseline,not assessed,,true,,
LRS-D36A7A397FF87C,National Personal Data Protection Center of the Republic of Belarus,https://cpd.by/en/about-center,https://cpd.by/en/about-center,2026-07-30,http-error,503,0,text/html; charset=UTF-8,13491,,,13491,165670d7e5651c5f5065a6f1223e7f611607ed04233001be913eee6136218037,complete received body,initial baseline,not assessed,,true,,HTTP 503
LRS-D3BC85E843A9C5,Research Integrity Regulations 2025,https://www.snf.ch/media/en/TsupgepS1oWmIT9n/Research-Integrity-Reglement-en.pdf,https://www.snf.ch/media/en/TsupgepS1oWmIT9n/Research-Integrity-Reglement-en.pdf,2026-07-30,accessible,200,0,application/pdf,246511,"""f7bf7e032311cd377be75fb7e9998725""","Thu, 19 Jun 2025 10:59:20 GMT",246511,7da076b90d14269003ff175861def1f56088da2b0787dd0513d4bb159c05e1e6,complete received body,initial baseline,not assessed,,true,,
LRS-D3C22F4AC0BAC3,MTA issues the revised Science Ethics Code,https://mta.hu/data/dokumentumok/egyeb_dokumentumok/2025/Tudomanyetikai_Kodex_2024_angol_VEGLEGES.pdf,https://mta.hu/data/dokumentumok/egyeb_dokumentumok/2025/Tudomanyetikai_Kodex_2024_angol_VEGLEGES.pdf,2026-07-30,accessible,200,0,application/pdf,217204,"""691c813f-35074""","Tue, 18 Nov 2025 14:22:55 GMT",217204,6d1cc28cbfed4f5a400590847cedf558d595b73464f62047f0308a72d4e76bea,complete received body,initial baseline,not assessed,,true,,
LRS-D3D08F01AF9B8E,Regulation on awarding degrees and conferring academic titles,https://pravo.by/document?guid=3871&p0=P30400560,https://pravo.by/document/?guid=3871&p0=P30400560,2026-07-30,redirected-accessible,200,1,text/html; charset=UTF-8,,,,229157,22ac7102deb117745fa4f24fffda3679c071190c2ef2aad100abb3693f73bfb4,complete received body,initial baseline,human review required,,true,,redirect requires equivalence review
LRS-D3DF6101AF99A0,Centre Scientifique de Monaco documentation,https://centrescientifique.mc/en/article/media/documentation,https://centrescientifique.mc/en/article/media/documentation,2026-07-30,accessible,200,0,text/html; charset=UTF-8,,,,68288,8d9340ad150322499d02bcec735e4394234f2e7ae79639534f673c77b541c38b,complete received body,initial baseline,not assessed,,true,,
LRS-D424D3A9020836,european-research-area.ec.europa.eu,https://european-research-area.ec.europa.eu/sites/default/files/documents/2024-05/Bulgaria_LAW%20to%20promote%20research%20and%20innovation.pdf,https://european-research-area.ec.europa.eu/sites/default/files/documents/2024-05/Bulgaria_LAW%20to%20promote%20research%20and%20innovation.pdf,2026-07-30,accessible,200,0,application/pdf,,"W/""4113b-61855cf2ee238""","Mon, 13 May 2024 13:24:47 GMT",266555,086be2343e68a67842c5ff0fcbfdc3d00ad95e97b3e311edc287816aa79841df,complete received body,initial baseline,not assessed,,true,,
LRS-D42DDED46DCAE6,Constitutive session of the National Council,https://nvvoztr.gov.hr/vijesti/odrzana-konstituirajuca-sjednica-nacionalnog-vijeca/66,https://nvvoztr.gov.hr/vijesti/odrzana-konstituirajuca-sjednica-nacionalnog-vijeca/66,2026-07-30,accessible,200,0,text/html; charset=utf-8,6670,,,16858,0ed5bb561704d223f9b6b354e7ed24b46b3192382b267f4cc7adfbddc0c9f1f6,complete received body,initial baseline,not assessed,,true,,
LRS-D431E2F13F5D5B,MON Attestation Board decisions 7 October 2025,https://mon.gov.ua/news/atestatsiina-kolehiia-mon-ukhvalyla-cherhovi-rishennia,https://mon.gov.ua/news/atestatsiina-kolehiia-mon-ukhvalyla-cherhovi-rishennia,2026-07-30,http-error,403,0,text/html; charset=UTF-8,,,,5817,2d90ab6a657c8c15e5c423ac76481d70a0bc3d93be04ec71c8ef0ecbe5a46c10,complete received body,initial baseline,not assessed,,true,,HTTP 403
LRS-D43ADF6DFB5DFA,National College of Ireland research misconduct procedures,https://ncisupporthub.ncirl.ie/hc/en-ie/articles/23168427493532-Research-Misconduct-Procedures,https://ncisupporthub.ncirl.ie/hc/en-ie/articles/23168427493532-Research-Misconduct-Procedures,2026-07-30,accessible,200,0,text/html; charset=utf-8,,,,107782,dc2d3c9ec26eb3d5dac0a46c09cc92606fdeb2f8f7ca93eefd4f7cf43229293c,complete received body,initial baseline,not assessed,,true,,
LRS-D43AF13D0746FC,HFRI 3rd Call PDF,https://www.elidek.gr/wp-content/uploads/2023/07/HFRIs-3rd-Call-for-FMs-and-Researchers.pdf,https://www.elidek.gr/wp-content/uploads/2023/07/HFRIs-3rd-Call-for-FMs-and-Researchers.pdf,2026-07-30,http-error,404,0,text/html,146,,,146,55f7d9e99b8e2d4e0e193b2f0275501e6d9c1ebd29cadbea6a0da48a8587e3e0,complete received body,initial baseline,not assessed,,true,,HTTP 404
LRS-D4839A6230C0D3,Hungarian Doctoral Council is founded under the National Higher Education Act,https://www.doktori.hu/language/en?target=%2Fszervezet%2Falapito-okirat%2F,https://www.doktori.hu/szervezet/alapito-okirat/,2026-07-30,redirected-accessible,200,1,text/html; charset=UTF-8,,,"Thu, 30 Jul 2026 19:09:34 GMT",27308,c13662feef97dcafd7ed44903bb87dd660b1ddbb8cbc4c4d8fba0ffee84709d9,complete received body,initial baseline,human review required,,true,,redirect requires equivalence review
LRS-D4929EA46EE93A,University of Thessaly Turnitin page,https://www.lib.uth.gr/LWS/en/is/preventplagiarism.asp,https://www.lib.uth.gr/LWS/en/is/preventplagiarism.asp,2026-07-30,accessible,200,0,text/html,8571,,,25591,90ab49a5bb3ed049a4c4cc194061d10a679d539dbfb40d0b5c7de471a9b849ea,complete received body,initial baseline,not assessed,,true,,
LRS-D49931B2C32EFD,Recommendations on Academic Integrity,https://www.wissenschaftsrat.de/download/archiv/4609-15_engl.html,https://www.wissenschaftsrat.de/download/archiv/4609-15_engl.html,2026-07-30,accessible,200,0,text/html;charset=UTF-8,4995,,"Thu, 30 Jul 2026 19:09:25 GMT",22281,724cfd3cdbe9cd18b0d0e1ffaaadd162e1808f36bda8ecc2b8981d72df7d9834,complete received body,initial baseline,not assessed,,true,,
LRS-D4D8F61F02D66B,Commitment by site of research,https://www.aka.fi/en/research-funding/apply-for-funding/how-to-apply-for-funding/az-index-of-application-guidelines2/commitment-by-site-of-research,https://www.aka.fi/en/research-funding/apply-for-funding/how-to-apply-for-funding/az-index-of-application-guidelines2/commitment-by-site-of-research,2026-07-30,http-error,404,0,text/html; charset=utf-8,4900,,,4900,63443724eb46abe4e639915ae95940f815306257d8df8721b232df859555c364,complete received body,initial baseline,not assessed,,true,,HTTP 404
LRS-D4DB4880733428,Necmettin Erbakan University plagiarism complaint-standing precedent,https://erbakan.edu.tr/storage/departments/files/79999903/ET%C4%B0K%20%C4%B0HLAL%20DOK%C3%9CMANLARI/3-%20%28EMSAL%20KARAR%29%20%C4%B0NT%C4%B0HAL%20SU%C3%87UNDA%20SORU%C5%9ETURMA%20A%C3%87ILAB%C4%B0LMES%C4%B0%20%C4%B0%C3%87%C4%B0N%2C%20ESER%20SAH%C4%B0B%C4%B0M%C4%B0%20%C5%9E%C4%B0KAYET%C3%87%C4%B0%20OLMALI%20MI.pdf,https://erbakan.edu.tr/storage/departments/files/79999903/ET%C4%B0K%20%C4%B0HLAL%20DOK%C3%9CMANLARI/3-%20%28EMSAL%20KARAR%29%20%C4%B0NT%C4%B0HAL%20SU%C3%87UNDA%20SORU%C5%9ETURMA%20A%C3%87ILAB%C4%B0LMES%C4%B0%20%C4%B0%C3%87%C4%B0N%2C%20ESER%20SAH%C4%B0B%C4%B0M%C4%B0%20%C5%9E%C4%B0KAYET%C3%87%C4%B0%20OLMALI%20MI.pdf,2026-07-30,accessible,200,0,application/pdf,255320,"""67487056-3e558""","Thu, 28 Nov 2024 13:29:58 GMT",255320,f9522c05b9bb04d982e3409820eb74d667aa6740f77f68509f98eba406f53a87,complete received body,initial baseline,not assessed,,true,,
LRS-D50E93B793A2C9,CEI government page,https://www.govern.ad/ca/tematiques/salut/temes-de-salut/recerca-en-l-ambit-de-la-salut-i-la-biomedicina/comissio-d-etica-de-la-investigacio-cei,https://www.govern.ad/ca/tematiques/salut/temes-de-salut/recerca-en-l-ambit-de-la-salut-i-la-biomedicina/comissio-d-etica-de-la-investigacio-cei,2026-07-30,accessible,200,0,text/html;charset=UTF-8,70751,,,667927,3839f8f7c6480531ca0a0c68105122df18b1dde2d99c47c616c422f726a643cb,complete received body,initial baseline,not assessed,,true,,
LRS-D527E01C47D3EA,Law No. 2547,https://www.mevzuat.gov.tr/mevzuat?MevzuatNo=2547&MevzuatTur=1&MevzuatTertip=5,https://www.mevzuat.gov.tr/mevzuat?MevzuatNo=2547&MevzuatTur=1&MevzuatTertip=5,2026-07-30,accessible,200,0,text/html; charset=utf-8,,,,67252,7c5fcd28cd93511bdd35dc90f908eaafdeca7938d135c93ce9fa53591c504437,complete received body,initial baseline,not assessed,,true,,
LRS-D55C326DDD37B5,RSF position paper on ethics of animal use published,https://www.rscf.ru/en/news/en-57/rsf-position-paper,https://www.rscf.ru/en/news/en-57/rsf-position-paper,2026-07-30,network-error,,0,,,,,0,,none,initial unavailable baseline,not assessed,,true,fetch failed,network access failed
LRS-D56CA324F5683B,LARI annual report 2018,https://lari.lu/wp-content/uploads/2024/08/2018-ANNUAL-REPORT-LARI.pdf,https://lari.lu/wp-content/uploads/2024/08/2018-ANNUAL-REPORT-LARI.pdf,2026-07-30,accessible,200,0,application/pdf,824963,"""672f43d8-c9683""","Sat, 09 Nov 2024 11:13:28 GMT",824963,62caf92459c42d7bcc987a09e80d4386b9ad555ce531aa40af71d86d93c466e7,complete received body,initial baseline,not assessed,,true,,
LRS-D5831C7B14FD86,CYQAA complaints policy,https://dipae.ac.cy/index.php/en/cyqaa-en/complaints-policy-en,https://dipae.ac.cy/index.php/en/cyqaa-en/complaints-policy-en,2026-07-30,accessible,200,0,text/html; charset=utf-8,,,"Thu, 30 Jul 2026 19:09:27 GMT",100828,62e707ea82e29374398d7618561c41addb600031a96eb98ee336944834c09e7c,complete received body,initial baseline,not assessed,,true,,
LRS-D5AAB80035F8D0,CEEI official page,https://www.ciencia.gob.es/Ministerio/Mision-y-organizacion/Organismos-consultivos/CEEI.html,https://www.ciencia.gob.es/Ministerio/Mision-y-organizacion/Organismos-consultivos/CEEI.html,2026-07-30,network-error,,0,,,,,0,,none,initial unavailable baseline,not assessed,,true,fetch failed,network access failed
LRS-D5B0DD6FC1DF47,IUM diploma recognition renewed,https://legimonaco.mc/tnc/arrete-ministeriel/2023/09-27-2023-575,https://legimonaco.mc/tnc/arrete-ministeriel/2023/09-27-2023-575/,2026-07-30,redirected-accessible,200,1,text/html,,,"Wed, 27 May 2026 09:36:05 GMT",22589,eea94ffbe106a53d2d243194d9d597dd66a1466ba21e8b0035e0d3dd45b19cac,complete received body,initial baseline,human review required,,true,,redirect requires equivalence review
LRS-D5B1C21CC579E5,National Assembly adopts ReZrIS30,https://www.gov.si/assets/ministrstva/MVZI/Znanost/Nacionalne-strategije-in-dokumenti/Resolution-on-the-Slovenian-Scientific-Research-and-Innovation-Strategy-2030.pdf,https://www.gov.si/assets/ministrstva/MVZI/Znanost/Nacionalne-strategije-in-dokumenti/Resolution-on-the-Slovenian-Scientific-Research-and-Innovation-Strategy-2030.pdf,2026-07-30,accessible,200,0,application/pdf,1440219,"""15f9db-603b96cb948f4""","Fri, 25 Aug 2023 06:26:28 GMT",1000000,c28a64711f032b53c519ed1e2ba77b5a6307aa4deaa9faf0a5e36c26e47f5517,first 1000000 bytes,initial baseline,not assessed,,true,,
LRS-D5B7B1198D4313,About REC/REK,https://rekportalen.no/en/rek/about-rec,https://rekportalen.no/en/rek/about-rec/,2026-07-30,redirected-accessible,200,1,text/html; charset=UTF-8,,,,167127,3a35e1a2f365942225c86572ece6a604833284f962c0b28cbe38cacabc8b199f,complete received body,initial baseline,human review required,,true,,redirect requires equivalence review
LRS-D5C16D508292E4,Guidelines for Ethical Review,https://etikostarnyba.lt/wp-content/uploads/2022/07/Guidelines-for-Ethical-Review-incl-amendments.pdf,https://etikostarnyba.lt/wp-content/uploads/2022/07/Guidelines-for-Ethical-Review-incl-amendments.pdf,2026-07-30,accessible,200,0,application/pdf,395308,,"Tue, 05 Jul 2022 08:58:14 GMT",395308,e4ac07c52b0d841d8f59680c7604e42f6a3abd95ab4caece1ff74b61171b8893,complete received body,initial baseline,not assessed,,true,,
LRS-D5D9FE9399DB7E,Leibniz guidelines for good scientific practice,https://www.leibniz-gemeinschaft.de/fileadmin/user_upload/Bilder_und_Downloads/Ueber_uns/Integritaet/Guidelines_for_Good_Scientific_Practice_in_the_Leibniz_Association.pdf,https://www.leibniz-gemeinschaft.de/fileadmin/user_upload/Bilder_und_Downloads/Ueber_uns/Integritaet/Guidelines_for_Good_Scientific_Practice_in_the_Leibniz_Association.pdf,2026-07-30,http-error,404,0,,1007,,,1007,e68a28e1caad3f20eb3d791aadc1ce793e06011bac7e2e6f2cacbb590e50f38c,complete received body,initial baseline,not assessed,,true,,HTTP 404
LRS-D60A239B62D67E,Technological Universities Act 2018,https://www.irishstatutebook.ie/eli/2018/act/3/enacted/en/html,https://www.irishstatutebook.ie/eli/2018/act/3/enacted/en/html,2026-07-30,accessible,200,0,text/html,13716,"""1bff3-65240d07cc1a4-gzip""","Wed, 20 May 2026 14:43:09 GMT",114675,3065eacea46e5dd58287e52c708f75bec2e98c679d23cf54cb4f0b938809425d,complete received body,initial baseline,not assessed,,true,,
LRS-D64BA88C870F24,SCCSI legal basis,https://scientific-integrity.ch/legal-basis,https://scientific-integrity.ch/legal-basis,2026-07-30,accessible,200,0,text/html;charset=utf-8,,,,112607,9ec1d58de3028a3687e837769ec8e64234d5374a4131c3dcb644721faeeb7279,complete received body,initial baseline,not assessed,,true,,
LRS-D667AC82FD4DAC,National statistics on formal investigations 2022,https://www.iua.ie/wp-content/uploads/2024/05/National-Stats-on-Formal-Investigations-of-Research-Misconduct-2022-FINAL-UPDATED.pdf,https://www.iua.ie/wp-content/uploads/2024/05/National-Stats-on-Formal-Investigations-of-Research-Misconduct-2022-FINAL-UPDATED.pdf,2026-07-30,accessible,200,0,application/pdf,350708,"""664de7f3-559f4""","Wed, 22 May 2024 12:41:23 GMT",350708,9bc7b8466acac5ec587d596c79ee92143a50edc2eba99ec3b228cd99ec819262,complete received body,initial baseline,not assessed,,true,,
LRS-D685EF67631330,RUG regulations and conduct codes,https://www.rug.nl/about-ug/organization/rules-and-regulations/general/gedragscodes-nederlandse-universiteiten/wetenschappelijke-integriteit,https://www.rug.nl/about-ug/organization/rules-and-regulations/general/gedragscodes-nederlandse-universiteiten/wetenschappelijke-integriteit,2026-07-30,accessible,200,0,text/html;charset=UTF-8,,"W/""2116|227368|232856|232861|300973|301151|301153|451983|846035|11472632|15460789|15460790@guest""","Thu, 30 Jul 2026 19:09:29 GMT",46826,8c7a82e18fc2d3f2ab33bc8f8361e127841d89d4c27b1771f2246c0172554142,complete received body,initial baseline,not assessed,,true,,
LRS-D68AD5CFA4D720,HPRA scientific animal protection statistical reporting,https://www.hpra.ie/regulation/scientific-animal-protection/statistical-reporting,https://www.hpra.ie/regulation/scientific-animal-protection/statistical-reporting,2026-07-30,accessible,200,0,text/html; charset=utf-8,28346,,,116945,5109a8c63143fcedd06580b8b0a2d62251643688eb1b9ea4564a0a1f587c2bf0,complete received body,initial baseline,not assessed,,true,,
LRS-D6E4CCE526D1A7,About CCMO,https://english.ccmo.nl/about-ccmo,https://english.ccmo.nl/about-ccmo,2026-07-30,accessible,200,0,text/html; charset=utf-8,,,,215422,753e250df9e610f22dafa1d3b77ca51294707248eea27e7213df25d17aab1f9c,complete received body,initial baseline,not assessed,,true,,
LRS-D79AC6D1F3B11B,swissethics,https://swissethics.ch/en,https://swissethics.ch/en,2026-07-30,accessible,200,0,text/html; charset=UTF-8,,,,26522,cd88db3cc3d93ce20c2e4ca02aff3fc5dd60f83cdc8b9329bd20be5e0ea482e9,complete received body,initial baseline,not assessed,,true,,
LRS-D7BEEBD1395A09,Processing of personal data in the context of research,https://www.ip-rs.si/mnenja-zvop-2/obdelava-osebnih-podatkov-v-okviru-raziskave-1760940020,https://www.ip-rs.si/mnenja-zvop-2/obdelava-osebnih-podatkov-v-okviru-raziskave-1760940020,2026-07-30,accessible,200,0,text/html; charset=UTF-8,,,,32229,952bb8b86ff77d24d598a9f354c3fd93c5347f6873da4221f8652b74610806cd,complete received body,initial baseline,not assessed,,true,,
LRS-D84736D181935D,Sofia University,https://www.uni-sofia.bg/index.php/eng/the_university/administrative_structure/ethics_commission,https://www.uni-sofia.bg/index.php/eng/the_university/administrative_structure/ethics_commission,2026-07-30,accessible,200,0,text/html; charset=utf-8,6518,,"Thu, 30 Jul 2026 19:09:30 GMT",44225,a88444f349ec78d46a4f01bbce4535f3380276e1e7b2b22af9652c270dad4d42,complete received body,initial baseline,not assessed,,true,,
LRS-D862277CCA91A6,Science in Belarus,https://president.gov.by/en/belarus/science,https://president.gov.by/en/belarus/science,2026-07-30,accessible,200,0,text/html,,"W/""6a6b8735-44db""","Thu, 30 Jul 2026 17:17:41 GMT",47407,cf1029b14a56d70c04e4bdcc4f970f344724412934bd7a50ff3166796e2e1b1c,complete received body,initial baseline,not assessed,,true,,
LRS-D868DCFD452357,June 2025 ministry report,https://mon.gov.mk/en-GB/odnosi-so-javnost/novosti/otcet-na-janevska-obrazovanieto-i-naukata-go-dobivaat-potrebnoto-vnimanie-i-stanuvaat-klucni-razvojni-resursi-na-drzavata,https://mon.gov.mk/en-GB/odnosi-so-javnost/novosti/otcet-na-janevska-obrazovanieto-i-naukata-go-dobivaat-potrebnoto-vnimanie-i-stanuvaat-klucni-razvojni-resursi-na-drzavata,2026-07-30,accessible,200,0,text/html; charset=utf-8,,,,168878,65ed964b76fae2b74bc7762c425f9b6137c5279e8f880b3d250b820e1e30f074,complete received body,initial baseline,not assessed,,true,,
LRS-D87DADE3E47A03,Mind the GAP launched,https://vlir.be/nieuws/mind-the-gap,https://vlir.be/nieuws/mind-the-gap/,2026-07-30,redirected-accessible,200,1,text/html; charset=UTF-8,11162,,,48059,e93bbc5418ff5cc465cfde184635432138c2208d7bcc68c02dca6a268b0b2aad,complete received body,initial baseline,human review required,,true,,redirect requires equivalence review
LRS-D888F6307FC794,Latvian researchers invited to academic integrity and responsible research survey,https://www.researchlatvia.gov.lv/en/latvian-researchers-invited-share-their-views-academic-integrity,https://www.researchlatvia.gov.lv/en/latvian-researchers-invited-share-their-views-academic-integrity,2026-07-30,accessible,200,0,text/html; charset=UTF-8,,"W/""1785418703""","Thu, 30 Jul 2026 13:38:23 GMT",130681,a5aef27e085107bd92a3c14cd15bbb0556d71a7ca666ceddcfc1fd8063428cfe,complete received body,initial baseline,not assessed,,true,,
LRS-D88D21D2B68496,ANQA State Accreditation Register,https://register.anqa.am/,https://register.anqa.am/,2026-07-30,accessible,200,0,text/html; charset=utf-8,,,,22195,a4e04118d0785e96bfef4158373f53bb1570d891b1c9335ecbcaf20cb974e785,complete received body,initial baseline,not assessed,,true,,
LRS-D8A2DBE78C881F,RCSI research governance,https://www.rcsi.com/dublin/research-and-innovation/research/research-governance,https://www.rcsi.com/dublin/research-and-innovation/research/research-governance,2026-07-30,accessible,200,0,text/html; charset=utf-8,20470,,,67683,71705561d781bec6c78661874036541634d6b79ffdca65583b0144fa7d7bfebf,complete received body,initial baseline,not assessed,,true,,
LRS-D915CEA3B64F1E,Samradapi,https://samradapi.island.is/api/Documents/95d90d54-111b-e911-944c-005056850474,https://samradapi.island.is/api/Documents/95d90d54-111b-e911-944c-005056850474,2026-07-30,accessible,200,0,application/pdf,647608,,,647608,3d70701d97aea492fa89909980017db0c44badc72f86dd7411d2ce4a6aaebd6b,complete received body,initial baseline,not assessed,,true,,
LRS-D9637F6BD92F40,Rules for safeguarding good academic practice and handling academic misconduct,https://backend.uni-heidelberg.de/en/documents/rules-for-safeguarding-good-academic-practice-and-handling-academic-misconduct/download,https://backend.uni-heidelberg.de/en/documents/rules-for-safeguarding-good-academic-practice-and-handling-academic-misconduct/download,2026-07-30,accessible,200,0,application/pdf,136578,,"Tue, 17 May 2022 14:49:16 GMT",136578,7ad13755654dddf78d87b26deaf3e5d4db9fd33b756581098fdd680c74d1d7fa,complete received body,initial baseline,not assessed,,true,,
LRS-D974A9F48EAC66,YOK AI guide news page,https://www.yok.gov.tr/tr/news/yuksekogretim-kurulu-yuksekogretim-kurumlari-bilimsel-arastirma-ve-yayin-faaliyetlerinde-uretken-yapay-zeka-kullanimina-dair-etik-rehber-hazirladi-zisSm,https://www.yok.gov.tr/tr/news/yuksekogretim-kurulu-yuksekogretim-kurumlari-bilimsel-arastirma-ve-yayin-faaliyetlerinde-uretken-yapay-zeka-kullanimina-dair-etik-rehber-hazirladi-zisSm,2026-07-30,accessible,200,0,text/html; charset=UTF-8,,,,190175,c33eea6a4465813830c652802aad3f486f2c69b844213da23b18e1043954adec,complete received body,initial baseline,not assessed,,true,,
LRS-D996E492B278FA,King's annual statement 2024-2025 official PDF,https://www.kcl.ac.uk/assets/research/pdf/research-integrity-statement-2024-25.pdf,https://www.kcl.ac.uk/assets/research/pdf/research-integrity-statement-2024-25.pdf,2026-07-30,accessible,200,0,application/pdf,336869,,"Fri, 26 Jun 2026 14:30:33 GMT",336869,1ef60f84aa913062cfc7358fce1c3ef1a9372de973feff77a881d3734fe4cff0,complete received body,initial baseline,not assessed,,true,,
LRS-D99F6881E8D5DE,Rector's Directive No. 40/2018,https://cuni.cz/UKEN-1007.html,https://cuni.cz/UKEN-1007.html,2026-07-30,accessible,200,0,text/html; charset=UTF-8,,,,49897,f176f1e58144bc2ab3b4511379f5b148425798808cd25e0d794bbd4733d880a2,complete received body,initial baseline,not assessed,,true,,
LRS-D9ABE40288EED6,Accredited higher-education institutions list,https://www.hea.gov.ba/Content/Read/lista-akreditiranih-vsu,https://www.hea.gov.ba/Content/Read/lista-akreditiranih-vsu,2026-07-30,accessible,200,0,text/html; charset=utf-8,,,,96178,dcf438fb94c49a207108b1646a3d6728bf46c9698526b80505bf3b03e73c4c4e,complete received body,initial baseline,not assessed,,true,,
LRS-D9C908C1F5F977,Notification Form for personal data,https://sikt.no/en/study-or-research/notification-form-personal-data,https://sikt.no/en/study-or-research/notification-form-personal-data,2026-07-30,accessible,200,0,text/html; charset=utf-8,,"W/""wvo68mmxi43otq""",,172221,6c1bb8a5d92c9c9d86e26951c4ffca63fca86bec4ffaae4aa2ec4ec3901f77b2,complete received body,initial baseline,not assessed,,true,,
LRS-D9ECA02B23E76C,SCQ approves revised accreditation standards,https://akreditimi.rks-gov.net/scq-approves-the-revision-of-accreditation-standards-for-institutional-level-and-for-bachelor-and-master-programs,https://akreditimi.rks-gov.net/scq-approves-the-revision-of-accreditation-standards-for-institutional-level-and-for-bachelor-and-master-programs/,2026-07-30,redirected-accessible,200,1,text/html; charset=UTF-8,16491,,,102859,c24ebd781ad41c7ec2e9f56b2992d3e90e9136d22e07a9efbc3edfd078b3e7fc,complete received body,initial baseline,human review required,,true,,redirect requires equivalence review
LRS-DA0F59554E24B6,External QA framework,https://skvc.lrv.lt/en/quality-assurance/external-qa-framework,https://skvc.lrv.lt/en/quality-assurance/external-qa-framework,2026-07-30,http-error,403,0,text/html; charset=UTF-8,,,,5771,3462be572bb704e31416b22080e51aa896bb5292d848035fa2bba113f9258490,complete received body,initial baseline,not assessed,,true,,HTTP 403
LRS-DA2096E49619EF,VH complaint publications,https://www.vereniginghogescholen.nl/kennisbank/praktijk-en-onderzoek/artikelen/publicatie-klachten-wetenschappelijke-integriteit-98b6e960-cca6-4044-a4a4-75b50c8fef82,https://www.vereniginghogescholen.nl/kennisbank/praktijk-en-onderzoek/artikelen/publicatie-klachten-wetenschappelijke-integriteit-98b6e960-cca6-4044-a4a4-75b50c8fef82,2026-07-30,accessible,200,0,text/html; charset=utf-8,,"W/""a2c5f815611e8d5362d69871e4606c81""",,18305,a2c5f815611e8d5362d69871e4606c81fb0e40350bd5de094963505ad40ccd24,complete received body,initial baseline,not assessed,,true,,
LRS-DA2F084BF24517,Ethics Committee for Medicinal Products,https://www.ravimiamet.ee/en/medicines/clinical-trials/ethics-comittee-medicinal-products,https://www.ravimiamet.ee/en/medicines/clinical-trials/ethics-comittee-medicinal-products,2026-07-30,http-error,403,0,text/html; charset=UTF-8,,,,5837,72408d4f4d300d86645413354b2e59ca76c106012d3818d1677152d73dbdb9ea,complete received body,initial baseline,not assessed,,true,,HTTP 403
LRS-DA51EBC17FFCDD,Ethical Code for members of the National Council,https://www.nacionalensovetzavoinid.com.mk/images/dokumenti/Eticki-kodeks_1.pdf,https://www.nacionalensovetzavoinid.com.mk/images/dokumenti/Eticki-kodeks_1.pdf,2026-07-30,accessible,200,0,application/pdf,296311,,"Wed, 12 Jan 2022 10:32:55 GMT",296311,a87c3b36d7f30b23455c74f8d48bc83ea2acb300abd2725a11e53028e890330f,complete received body,initial baseline,not assessed,,true,,
LRS-DA9640B306012B,Responsible Research Barometer 2020,https://etikostarnyba.lt/wp-content/uploads/2020/08/Atsakingo-mokslo-barometras-2020-tyrimo-ataskaita_LT_EN.pdf,https://etikostarnyba.lt/wp-content/uploads/2020/08/Atsakingo-mokslo-barometras-2020-tyrimo-ataskaita_LT_EN.pdf,2026-07-30,accessible,200,0,application/pdf,624021,,"Tue, 25 Aug 2020 10:36:20 GMT",624021,0f19b6e0d94cf217b05ff2cde7312b66cb1f851c53643c05c1464fbace373b7f,complete received body,initial baseline,not assessed,,true,,
LRS-DABE19CA5BBC39,University of Sarajevo receives HR Excellence in Research recognition,https://www.unsa.ba/sites/default/files/dodatak/2022-01/GEP%20UNSA_eng_final.pdf,https://www.unsa.ba/sites/default/files/dodatak/2022-01/GEP%20UNSA_eng_final.pdf,2026-07-30,accessible,200,0,application/pdf,1384563,"""152073-5d5dc42715af3""","Tue, 18 Jan 2022 14:41:07 GMT",1000000,7ce01047b4b58ac2e91d0f7e911028f0f657d4915c5f03aa6816cfa8b746adb6,first 1000000 bytes,initial baseline,not assessed,,true,,
LRS-DACE897C97BE5B,EPA research integrity,https://www.epa.ie/our-services/research/epa-research-2030/strategies-and-policies/research-integrity,https://www.epa.ie/our-services/research/epa-research-2030/strategies-and-policies/research-integrity/,2026-07-30,redirected-accessible,200,1,text/html; charset=UTF-8,7998,,,43071,b5abbd7c7d5d52f0f68e22eceb295dcb196cfe5880c8d310c6743b31d4f3d1ba,complete received body,initial baseline,human review required,,true,,redirect requires equivalence review
LRS-DAD5A61E3662CB,Open science news page,https://tubitak.gov.tr/tr/haber/tubitak-acik-bilim-politikasi-yayinlandi,https://tubitak.gov.tr/tr/haber/tubitak-acik-bilim-politikasi-yayinlandi,2026-07-30,accessible,200,0,text/html; charset=UTF-8,14845,"W/""1785437607""","Thu, 30 Jul 2026 18:53:27 GMT",66846,dc38f6ffa22f38f8ec7515d88e8d456ba991a434a21c2facd4bc63f531c4e256,complete received body,initial baseline,not assessed,,true,,
LRS-DADBB1A51CCBF3,Cancer Research UK guidelines for scientific conduct,https://www.cancerresearchuk.org/for-researchers/apply-for-and-manage-your-funding/research-policies-and-guidance/guidelines-for-scientific-conduct,https://www.cancerresearchuk.org/for-researchers/apply-for-and-manage-your-funding/research-policies-and-guidance/guidelines-for-scientific-conduct,2026-07-30,accessible,200,0,text/html; charset=utf-8,,"W/""3n7lb5yeuo2bt8y""",,1000000,9b686b6d884d8322c90c01fc47323dc5fae759d4c7ca959f04db04bc2f060706,first 1000000 bytes,initial baseline,not assessed,,true,,
LRS-DB05A118664EC1,KAA PhD standards news,https://akreditimi.rks-gov.net/regulation-on-phd-programme-standards-officially-published,https://akreditimi.rks-gov.net/regulation-on-phd-programme-standards-officially-published/,2026-07-30,redirected-accessible,200,1,text/html; charset=UTF-8,16443,,,100858,974970b4ae48d07c00ac8333ba95e832d7890a1e286ad94babe4a94be2a5b80a,complete received body,initial baseline,human review required,,true,,redirect requires equivalence review
LRS-DB0AF69DA4083F,State Committee on Science and Technology,https://president.gov.by/en/statebodies/state-committee-for-science-and-technology,https://president.gov.by/en/statebodies/state-committee-for-science-and-technology,2026-07-30,accessible,200,0,text/html,,"W/""6a6a82be-3ea5""","Wed, 29 Jul 2026 22:46:22 GMT",45700,b2ca100c2842a4ae8ec7a8bc449aeda302f95b93375720505c76e480b4a42c8c,complete received body,initial baseline,not assessed,,true,,
LRS-DB160D1659EE9C,Ethics in Science,https://pan.pl/en/ethics-in-science,https://pan.pl/en/ethics-in-science/,2026-07-30,redirected-accessible,200,1,text/html; charset=utf-8,23502,,,112419,cd526ad2696e5d6f39f78e747a7ef44054086bac2ae92140591a33c0d05db337,complete received body,initial baseline,human review required,,true,,redirect requires equivalence review
LRS-DB26AF927A025D,Law 4521/2018 Official Gazette,https://www.et.gr/api/DownloadFeksApi?fek_pdf=20180100038,https://et.gr/api/DownloadFeksApi?fek_pdf=20180100038,2026-07-30,http-error,404,1,text/html; charset=UTF-8,,,,128299,9d42fa921a67a0de3d9ba8b81fe066162a3e8058a6d302bbae86d942e856144b,complete received body,initial baseline,human review required,,true,,redirect requires equivalence review | HTTP 404
LRS-DB58757204C316,Chief Scientist,https://chiefscientist.gov.cy/the-chief-scientist/role-and-mission,https://chiefscientist.gov.cy/the-chief-scientist/role-and-mission/,2026-07-30,redirected-accessible,200,1,text/html; charset=UTF-8,,,,139010,9c7e3a899748aaac14a22b952a36cd14aaf86d5b87fcf8deb21cc2f72e707b73,complete received body,initial baseline,human review required,,true,,redirect requires equivalence review
LRS-DB846E803508EC,NEAA Ethics Committee,https://www.neaa.government.bg/en/home-en/115-english/about-us/structure/951-ethics-committee,https://www.neaa.government.bg/en/home-en/115-english/about-us/structure/951-ethics-committee,2026-07-30,accessible,200,0,text/html; charset=UTF-8,10247,,,42360,71ceb6f3f2dac548ecac1c2098aba6a0b238c9ca414a7380819d004cbf1f41f9,complete received body,initial baseline,not assessed,,true,,
LRS-DBB38306E1B771,HUN-REN organisational and operational regulations,https://hun-ren.hu/data/hun-ren/intezetek/szmsz/HUN-REN_Organisational_and_Operational_Regulations.pdf,https://hun-ren.hu/data/hun-ren/intezetek/szmsz/HUN-REN_Organisational_and_Operational_Regulations.pdf,2026-07-30,accessible,200,0,application/pdf,764677,"""69ce83fe-bab05""","Thu, 02 Apr 2026 14:58:06 GMT",764677,fe264db6014618c3e3810dee13875e6def91c17cab8068458df99efe725ef764,complete received body,initial baseline,not assessed,,true,,
LRS-DBBF2A0810101C,HFRI supporting research article,https://www.elidek.gr/en/2020/12/24/h-f-r-i-supporting-research-enhancing-innovation-2,https://www.elidek.gr/en/2020/12/24/h-f-r-i-supporting-research-enhancing-innovation-2,2026-07-30,http-error,404,0,text/html; charset=UTF-8,,,,269070,82896201644fa64a99acbd85541733bf265bba9d2c6ce96ddabc39f51c93e593,complete received body,initial baseline,not assessed,,true,,HTTP 404
LRS-DBBF9A296BFDE5,KPI rectorate note on Code of Honor authorship case,https://kpi.ua/node/18259,https://kpi.ua/node/18259,2026-07-30,accessible,200,0,text/html; charset=UTF-8,,"W/""1785438575""","Thu, 30 Jul 2026 19:09:35 GMT",166369,84a80532734beecbed886909edb0a2ac75585a2758314a5ade233fab6279fe99,complete received body,initial baseline,not assessed,,true,,
LRS-DBCB20C1258853,SOU 2017:10 proposes a new order for good practice and misconduct,https://www.riksdagen.se/sv/dokument-och-lagar/dokument/statens-offentliga-utredningar/ny-ordning-for-att-framja-god-sed-och-hantera_h5b310/html,https://www.riksdagen.se/sv/dokument-och-lagar/dokument/statens-offentliga-utredningar/ny-ordning-for-att-framja-god-sed-och-hantera_h5b310/html/,2026-07-30,redirected-accessible,200,1,text/html; charset=utf-8,,"""czjnf4rd28x95x""",,1000000,6834c02a1dfe26c38e1b898455505e0a2912d780239a0676f5ca4438941f54c3,first 1000000 bytes,initial baseline,human review required,,true,,redirect requires equivalence review
LRS-DBE9993823677A,Representative VAK dissertation card,https://vak.gisnauka.ru/adverts-list/advert-card/183051,https://vak.gisnauka.ru/adverts-list/advert-card/183051,2026-07-30,network-error,,0,,,,,0,,none,initial unavailable baseline,not assessed,,true,fetch failed,network access failed
LRS-DCC6214B28B821,Latvian Council of Science Scientific Expertise Commission,https://www.lzp.gov.lv/lv/zinatniskas-ekspertizes-komisija,https://www.lzp.gov.lv/lv/zinatniskas-ekspertizes-komisija,2026-07-30,accessible,200,0,text/html; charset=UTF-8,,"W/""1785438576""","Thu, 30 Jul 2026 19:09:36 GMT",184607,74075da6d139236cdab8577da0c9e8ee899af6fd5fa2187d4691ff99e7ae8e90,complete received body,initial baseline,not assessed,,true,,
LRS-DCD24A59DCDA9A,Higher education in Monaco,https://monservicepublic.gouv.mc/thematiques/education/enseignement/enseignement-superieur,https://monservicepublic.gouv.mc/thematiques/education/enseignement/enseignement-superieur,2026-07-30,accessible,200,0,text/html; charset=UTF-8,,,,1000000,3e793c91164dfb086522caaf26393dd44262f039966ea14933860abd10d8c62e,first 1000000 bytes,initial baseline,not assessed,,true,,
LRS-DCD4777D5840A0,CNECSDTI regulation is approved,https://legislatie.just.ro/Public/DetaliiDocumentAfis/287937,https://legislatie.just.ro/Public/DetaliiDocumentAfis/287937,2026-07-30,network-error,,0,,,,,0,,none,initial unavailable baseline,not assessed,,true,fetch failed,network access failed
LRS-DCD63BBF876238,Overview-linked VAK file URL,https://vak.gov.by/sites/default/files/2022-09/%D0%9F%D0%9E%D0%A1%D0%A2%D0%90%D0%9D%D0%9E%D0%92%D0%9B%D0%95%D0%9D%D0%98%D0%95%20%D0%92%D0%90%D0%9A%20%E2%84%96%203%202020%20%D0%B3..docx,https://vak.gov.by/sites/default/files/2022-09/%D0%9F%D0%9E%D0%A1%D0%A2%D0%90%D0%9D%D0%9E%D0%92%D0%9B%D0%95%D0%9D%D0%98%D0%95%20%D0%92%D0%90%D0%9A%20%E2%84%96%203%202020%20%D0%B3..docx,2026-07-30,network-error,,0,,,,,0,,none,initial unavailable baseline,not assessed,,true,fetch failed,network access failed
LRS-DD096DEA763AB3,Ethics Committee rules of procedure,https://www.gov.me/dokumenta/9a9fa22e-306e-4e47-8e52-c60c67338b7e,https://www.gov.me/dokumenta/9a9fa22e-306e-4e47-8e52-c60c67338b7e,2026-07-30,accessible,200,0,text/html; charset=utf-8,488676,"W/""774e4-t6sc38TZQtx9diPneGAeFeCy/AA""",,488676,9da1d591b16e20af39e4be7ddeba524950d89f64862fa007b567cf9749f8cd7d,complete received body,initial baseline,not assessed,,true,,
LRS-DD106D585F0809,JCU Ethics Commission,https://www.jcu.cz/cz/univerzita/organy/eticka-komise-ju,https://www.jcu.cz/cz/univerzita/organy/eticka-komise-ju,2026-07-30,accessible,200,0,text/html; charset=utf-8,,,"Thu, 30 Jul 2026 19:09:38 GMT",337650,27976c3ffd0398437cd8281144a5ed99c369be2a2b1a8a2ef16716649b425f84,complete received body,initial baseline,not assessed,,true,,
LRS-DD3F40EAE6305C,AZLP request route for personal-data rights violations,https://azlp.mk/gragjani/nasoki/%d0%b1%d0%b0%d1%80%d0%b0%d1%9a%d0%b5-%d0%b7%d0%b0-%d1%83%d1%82%d0%b2%d1%80%d0%b4%d1%83%d0%b2%d0%b0%d1%9a%d0%b5-%d0%bd%d0%b0-%d0%bf%d0%be%d0%b2%d1%80%d0%b5%d0%b4%d0%b0-%d0%bd%d0%b0-%d0%bf%d1%80%d0%b0,https://azlp.mk/gragjani/nasoki/%d0%b1%d0%b0%d1%80%d0%b0%d1%9a%d0%b5-%d0%b7%d0%b0-%d1%83%d1%82%d0%b2%d1%80%d0%b4%d1%83%d0%b2%d0%b0%d1%9a%d0%b5-%d0%bd%d0%b0-%d0%bf%d0%be%d0%b2%d1%80%d0%b5%d0%b4%d0%b0-%d0%bd%d0%b0-%d0%bf%d1%80%d0%b0/,2026-07-30,redirected-accessible,200,1,text/html; charset=UTF-8,49645,"""c1ed-6573bd37b9563""","Wed, 22 Jul 2026 23:52:03 GMT",378432,5025e8cbe15b02c92de9ff225c14d065fcf4d82e25ab7d86d4dea47290162531,complete received body,initial baseline,human review required,,true,,redirect requires equivalence review
LRS-DD45B73218A5D6,RD 1045/2025,https://www.boe.es/diario_boe/txt.php?id=BOE-A-2025-23547,https://www.boe.es/diario_boe/txt.php?id=BOE-A-2025-23547,2026-07-30,accessible,200,0,text/html; charset=UTF-8,,,,38297,6e0851c8d5b09f08d77108c455f8e1533dbda32a4a1dced3e4225d0893689f61,complete received body,initial baseline,not assessed,,true,,
LRS-DD5C302E36597D,Cabinet of Ministers approves the National Open Science Plan,https://mon.gov.ua/static-objects/mon/sites/1/nauka/2023/01/26/National-Open-Science-Plan-Ukraine.pdf,https://mon.gov.ua/static-objects/mon/sites/1/nauka/2023/01/26/National-Open-Science-Plan-Ukraine.pdf,2026-07-30,http-error,403,0,text/html; charset=UTF-8,,,,5928,be8a97b4f6d169218164b4cf2465f038b1595cb10d0365969f4c3150e4b39bcf,complete received body,initial baseline,not assessed,,true,,HTTP 403
LRS-DD8DA5351297D8,2025 Ethics Committee annual report,https://wapi.gov.me/download/11e0e41b-2d82-4076-882b-5c1ef9b3e460?version=1.0,https://wapi.gov.me/download/11e0e41b-2d82-4076-882b-5c1ef9b3e460?version=1.0,2026-07-30,accessible,200,0,application/pdf,697502,,,697502,fe0360144296bba86a7e940e4b967bc1a1e039baa3f92a38c86ee9de9fda19d0,complete received body,initial baseline,not assessed,,true,,
LRS-DD9E0A4E567D7C,Commission page,https://unibuc.ro/despre-ub/organizare/comisii/comisia-de-etica,https://unibuc.ro/despre-ub/organizare/comisii/comisia-de-etica/,2026-07-30,redirected-accessible,200,1,text/html; charset=UTF-8,63149,,,368436,8d9e7da512c160c57728e724231960e3973519ce2d2c911ca3f39e0a5e7ccba5,complete received body,initial baseline,human review required,,true,,redirect requires equivalence review
LRS-DDCD81E8E54AE4,Endorsement of the Danish Code 2026,https://ufsn.dk/english/research-and-innovation/framework-for-research-and-innovation/integrity-in-research/endorsement-of-the-danish-code-of-conduct-for-research-integrity-2026,https://ufsn.dk/english/research-and-innovation/framework-for-research-and-innovation/integrity-in-research/endorsement-of-the-danish-code-of-conduct-for-research-integrity-2026,2026-07-30,accessible,200,0,text/html; charset=utf-8,,,,48080,8bec8d35ced1852ba56965fb26664ff25b4682a11c661c0ea1318c07317b5844,complete received body,initial baseline,not assessed,,true,,
LRS-DDF93034051BC1,ZonMw 2026 grant terms take effect,https://www.zonmw.nl/sites/zonmw/files/2026-04/General-Terms-and-Conditions-Governing-Grants-of-ZonMw-2026_0.pdf,https://www.zonmw.nl/sites/zonmw/files/2026-04/General-Terms-and-Conditions-Governing-Grants-of-ZonMw-2026_0.pdf,2026-07-30,accessible,200,0,application/pdf,,"""568e6-65081a01a2272-gzip""","Tue, 28 Apr 2026 09:12:07 GMT",354534,4bc6a82b6080fa407af3e3d5ee22fafd60db181c08ed36cf2b400d0a761e7a71,complete received body,initial baseline,not assessed,,true,,
LRS-DE1ACC5B0C4850,Latvian Council of Science expert commissions,https://www.lzp.gov.lv/lv/ekspertu-komisijas,https://www.lzp.gov.lv/lv/ekspertu-komisijas,2026-07-30,accessible,200,0,text/html; charset=UTF-8,,"W/""1785438579""","Thu, 30 Jul 2026 19:09:39 GMT",197443,53b6e70de0c90c0a3bc0423d20e09fc51d36b6d280c06f707eaf57fc664314d4,complete received body,initial baseline,not assessed,,true,,
LRS-DE20E0B9EF24CB,Leiden CWI Dutch committee files,https://www.organisatiegids.universiteitleiden.nl/universitaire-commissies/commissie-wetenschappelijke-integriteit,https://www.organisatiegids.universiteitleiden.nl/universitaire-commissies/commissie-wetenschappelijke-integriteit,2026-07-30,accessible,200,0,text/html;charset=UTF-8,,,,384987,b2ae4344b76613c0a519eb85cf6dc80968adecb9ea0e209aa2827b0525267248,complete received body,initial baseline,not assessed,,true,,
LRS-DE26DB6EE28E6A,Comenius University ethics committee,https://uniba.sk/en/about/university-bodies/ethics-committee-of-comenius-university-in-bratislava,https://uniba.sk/en/about/university-bodies/ethics-committee-of-comenius-university-in-bratislava,2026-07-30,accessible,200,0,text/html; charset=utf-8,6031,,,23088,a0f8b046519325330b4e949995123eceffde82fbf70fa759607426dfc3eee56f,complete received body,initial baseline,not assessed,,true,,
LRS-DE67F044AF9683,Karadeniz Teknik Üniversitesi,https://www.ktu.edu.tr/en/ethicalcommittees,https://www.ktu.edu.tr/en/ethicalcommittees,2026-07-30,accessible,200,0,text/html; charset=UTF-8,,,,206639,c3b104540f10816f45228416d9a5c631f4afc0042ecc868af3e30bcd8a3a4e4f,complete received body,initial baseline,not assessed,,true,,
LRS-DE76B82C726EF6,Genome Research Council,https://biomed.lu.lv/about-us/associated-organizations/genome-research-council,https://biomed.lu.lv/about-us/associated-organizations/genome-research-council/,2026-07-30,redirected-accessible,200,1,text/html; charset=UTF-8,10648,,,42914,f17c0989354411deab28cb4cb498b908e53e2316ac871203766181e148f64766,complete received body,initial baseline,human review required,,true,,redirect requires equivalence review
LRS-DE77F88412B252,OeAWI download area,https://oeawi.at/en/downloads,https://oeawi.at/en/downloads/,2026-07-30,redirected-accessible,200,1,text/html; charset=UTF-8,,,,135014,f7f577f7e0b22c07f469899f636db0fbc51404dc1e1699dec6e753176901d98a,complete received body,initial baseline,human review required,,true,,redirect requires equivalence review
LRS-DEC5300CF52C2E,SEEU Rule on the Work of the Student Ombudsperson,https://www.seeu.edu.mk/files/2019-2020/34/Rule%20on%20the%20Work%20of%20the%20Student%20Ombudsperson%20MM.pdf,https://www.seeu.edu.mk/files/2019-2020/34/Rule%20on%20the%20Work%20of%20the%20Student%20Ombudsperson%20MM.pdf,2026-07-30,accessible,200,0,application/pdf,135684,"""696f6d2e-21204""","Tue, 20 Jan 2026 11:55:26 GMT",135684,d9b1eebd180839298a02e8c6cdd3ca1edd2f7a99b6f11e0618b3662e65ecd7a1,complete received body,initial baseline,not assessed,,true,,
LRS-DEC5BAE4B6FBB5,Russian Science Foundation,https://rscf.ru/fondfiles/PotE_rus.pdf,https://rscf.ru/fondfiles/PotE_rus.pdf,2026-07-30,network-error,,0,,,,,0,,none,initial unavailable baseline,not assessed,,true,fetch failed,network access failed
LRS-DED288741CF43B,LISER Research Ethics Committee,https://liser.lu/research-ethics-committee,https://liser.lu/research-ethics-committee,2026-07-30,accessible,200,0,text/html; charset=utf-8,,,,368737,0e470d97c02bf0fa7bdf1f4b333888382f8ec4c2e6928f1759b1f80f0cf629d4,complete received body,initial baseline,not assessed,,true,,
LRS-DED2D070CD33C7,Academic Ethics Committee,https://taltech.ee/en/about-the-university/academic-ethics-committee,https://taltech.ee/en/about-the-university/academic-ethics-committee,2026-07-30,http-error,403,0,text/html; charset=UTF-8,,,,5837,f332f4be911695f0ab9be81b0265f453b11016954e66f11ba2b8ec9ff267000c,complete received body,initial baseline,not assessed,,true,,HTTP 403
LRS-DEE39BAB1DC423,CSB home,https://bioetica.sm/,https://bioetica.sm/,2026-07-30,accessible,200,0,text/html; charset=UTF-8,,,,146123,cb3520b1b8395c31a0a32697f4cbb0754e799a8b5eb9900554a1db2b861dd751,complete received body,initial baseline,not assessed,,true,,
LRS-DF38B9DD85F9F8,Law No. 361-Z on responsible treatment of animals,https://pravo.by/document?guid=12551&p0=H12400361,https://pravo.by/document/?guid=12551&p0=H12400361,2026-07-30,redirected-accessible,200,1,text/html; charset=UTF-8,,,,9897,b71046415aa39f397d664aa999ddd1122ae5e3c012bc6d5a77c5b67e0a278140,complete received body,initial baseline,human review required,,true,,redirect requires equivalence review
LRS-DF38E9CBF870EE,Rector ordinance 229,https://monitor.uw.edu.pl/Lists/Uchway/Attachments/5626/M.2020.421.Zarz.229.pdf,https://monitor.uw.edu.pl/Lists/Uchway/Attachments/5626/M.2020.421.Zarz.229.pdf,2026-07-30,network-error,,0,,,,,0,,none,initial unavailable baseline,not assessed,,true,fetch failed,network access failed
LRS-DF41BAA4625173,2023 ethics committee annual summary,https://www.humanforschung-schweiz.ch/fileadmin/humres/documents/Jahresberichte/Jahresbericht_2023_EN.pdf,https://www.humanforschung-schweiz.ch/fileadmin/humres/documents/Jahresberichte/Jahresbericht_2023_EN.pdf,2026-07-30,accessible,200,0,application/pdf,1844769,"""1c2621-62c34189d8539""","Tue, 21 Jan 2025 09:35:23 GMT",1000000,4daded2da8e5a5b6beb16db920a1fb60a3349ba1c88892570d629b0af98cec23,first 1000000 bytes,initial baseline,not assessed,,true,,
LRS-DF637FECD40028,Ethics Committee and Ethics Commission,https://www.medfak.ni.ac.rs/index.php/en/about-faculty/organs/eth-committee,https://www.medfak.ni.ac.rs/index.php/en/about-faculty/organs/eth-committee,2026-07-30,accessible,200,0,text/html; charset=utf-8,,,,33167,aa747a44ad699ff95a5b32f50201c004ec03d156a16f7b04b99d3085c163bb53,complete received body,initial baseline,not assessed,,true,,
LRS-DFB1AB4EFB213C,ANVUR data and publications,https://www.anvur.it/en/data-and-publications,https://www.anvur.it/en/data-and-publications,2026-07-30,http-error,403,0,text/html; charset=UTF-8,,,,5782,586d86b74be90dfcf69008e74420e8d7ee1223910c2da97b895209dab1e83693,complete received body,initial baseline,not assessed,,true,,HTTP 403
LRS-DFDBEBA21B2A3F,Medicinski fakultet,https://med.unibl.org/wp-content/uploads/2024/12/Statute-of-the-University-of-Banja-Luka-2022-engl.pdf,https://med.unibl.org/wp-content/uploads/2024/12/Statute-of-the-University-of-Banja-Luka-2022-engl.pdf,2026-07-30,accessible,200,0,application/pdf,376787,"""6773e7ee-5bfd3""","Tue, 31 Dec 2024 12:47:42 GMT",376787,98777e19eac1044652f0bddbe635cabe9cb7d625de9301d0f8e2d205ad0adc7a,complete received body,initial baseline,not assessed,,true,,
LRS-DFFE5D399D6BB5,DkIT Research Integrity,https://www.dkit.ie/about/policies/research-integrity,https://www.dkit.ie/about/policies/research-integrity,2026-07-30,http-error,403,0,text/html; charset=UTF-8,,,,5778,ac732b997bed58e73b623fbe615a5aacead20681cee59b14d5d26a76012ba777,complete received body,initial baseline,not assessed,,true,,HTTP 403
LRS-E004182BDA9935,Academic Integrity Complaints Regulations,https://www.uva.nl/binaries/content/assets/uva/en/about-the-uva/uva-profile/rules-and-regulations/research/klachtenregeling-wi-engels-2014-2.pdf,https://www.uva.nl/binaries/content/assets/uva/en/about-the-uva/uva-profile/rules-and-regulations/research/klachtenregeling-wi-engels-2014-2.pdf,2026-07-30,accessible,200,0,application/pdf;charset=UTF-8,65663,"""1419597531173""","Mon, 24 Mar 2014 14:01:38 GMT",65663,4f47f95d3e8264b080c4ccc58dca834f6285c04a12433ef10a5fce10f0f631c6,complete received body,initial baseline,not assessed,,true,,
LRS-E00C907EA98166,Royal Society grants policies and positions,https://royalsociety.org/grants/about-grants,https://royalsociety.org/grants/about-grants/,2026-07-30,redirected-accessible,200,1,text/html; charset=utf-8,103022,,,103022,ba989159c419d2a4d19306fbcae158acaba751dee9802a98fbc15fc7394b4bff,complete received body,initial baseline,human review required,,true,,redirect requires equivalence review
LRS-E0326CEC7A4C8C,Conducting ethical research,https://www.vr.se/english/applying-for-funding/requirements-terms-and-conditions/conducting-ethical-research.html,https://www.vr.se/english/applying-for-funding/requirements-terms-and-conditions/conducting-ethical-research.html,2026-07-30,accessible,200,0,text/html;charset=UTF-8,,,,70888,80ae520a2d35857678e10811e87332870e35e731fb1652a2d2b8d3af501b9350,complete received body,initial baseline,not assessed,,true,,
LRS-E0335E17175095,ARIS stable-financing general act,https://www.aris-rs.si/sl/akti/25/SA-stabil-financ-zrd-jan25.asp,https://www.aris-rs.si/sl/akti/25/SA-stabil-financ-zrd-jan25.asp,2026-07-30,http-error,404,0,text/html; charset=UTF-8,,,,129297,451a25c9ca8e209bbf5a72be912bfecdf0532491c2434268e4270ccd27d8aed7,complete received body,initial baseline,not assessed,,true,,HTTP 404
LRS-E04D5C3991C1B5,AQUA Strategic Plan 2026-2028 PDF,https://www.aqua.ad/sites/default/files/2024-10/Strategic%20Plan%202026-2028_1.pdf,https://www.aqua.ad/sites/default/files/2024-10/Strategic%20Plan%202026-2028_1.pdf,2026-07-30,http-error,404,0,text/html; charset=UTF-8,,"W/""1785438584""","Thu, 30 Jul 2026 19:09:44 GMT",33731,5cc074eb0b92942fbc88bcf43d038503820a82463ea2f21e5728a5da0b8bb47e,complete received body,initial baseline,not assessed,,true,,HTTP 404
LRS-E06AFA66DAF221,UKIM Law Faculty self-evaluation report,https://ukim.edu.mk/wp-content/uploads/2025/06/prf-izveshtaj.pdf,https://ukim.edu.mk/wp-content/uploads/2025/06/prf-izveshtaj.pdf,2026-07-30,accessible,200,0,application/pdf,2007002,"""1e9fda-637e841f6a0f7""","Thu, 19 Jun 2025 08:08:58 GMT",1000000,c0f06bf3faca7bef305ee5c6d4a702ca9d2ba0b69ecf627133c1ad4cbefa8fdf,first 1000000 bytes,initial baseline,not assessed,,true,,
LRS-E08B84EBE5D902,IRIS,https://iris.research.org.cy/file/public/a0788374-e165-ea11-8143-005056ab0fd1,https://iris.research.org.cy/file/public/a0788374-e165-ea11-8143-005056ab0fd1,2026-07-30,accessible,200,0,application/pdf; charset=utf-8,,,,454114,05ae36d2951f53a18fd44c902e4729c5558714c7cdba42297d9c2355ea0a8b1c,complete received body,initial baseline,not assessed,,true,,
LRS-E0BFBFF78BF9CC,Basic Law enters into force,https://www.gesetze-im-internet.de/englisch_gg/englisch_gg.html,https://www.gesetze-im-internet.de/englisch_gg/englisch_gg.html,2026-07-30,accessible,200,0,text/html,57823,"""40fc6-63d2bd9d877bc-gzip""","Mon, 25 Aug 2025 07:53:27 GMT",266182,3cbafb0d16ab8a97c0958f6b51d855af5254db41b6bea02ae8f321ebc20ce0e8,complete received body,initial baseline,not assessed,,true,,
LRS-E0D0348AC77A0F,VCWI formally established,https://vcwi.be/nl/vlaamse-commissie-voor-wetenschappelijke-integriteit,https://vcwi.be/nl/vlaamse-commissie-voor-wetenschappelijke-integriteit,2026-07-30,accessible,200,0,text/html; charset=utf-8,,,,13995,4c0ed83d4f747485a6406d63f0d6c395976b11404fca7cccf3c42554415bc415,complete received body,initial baseline,not assessed,,true,,
LRS-E0D3A864A277AE,CYQAA complaints policy,https://www.dipae.ac.cy/index.php/en/cyqaa-en/complaints-policy-en,https://www.dipae.ac.cy/index.php/en/cyqaa-en/complaints-policy-en,2026-07-30,accessible,200,0,text/html; charset=utf-8,,,"Thu, 30 Jul 2026 19:09:45 GMT",100912,91326ff0b8c06faa94c9065bceb6c6b758709c530fbf60da643dd73ee0c9b290,complete received body,initial baseline,not assessed,,true,,
LRS-E0D54D5FC36D67,Circular no. 2017-040,https://www.enseignementsup-recherche.gouv.fr/fr/bo/17/Hebdo12/MENR1705751C.htm,https://www.enseignementsup-recherche.gouv.fr/fr/bo/17/Hebdo12/MENR1705751C.htm,2026-07-30,http-error,403,0,text/html; charset=UTF-8,,,,5804,3a29ed607300b04f3e17f72909c69b1418e2e55d5a806224cc3573e42ed4bc12,complete received body,initial baseline,not assessed,,true,,HTTP 403
LRS-E0E5954E0E5AA6,CCD homepage,https://www.centralecommissiedierproeven.nl/,https://www.centralecommissiedierproeven.nl/,2026-07-30,accessible,200,0,text/html; charset=utf-8,,,,265774,2e25ce07bd2e0268726e74458b5f64ba9010aaa2c3413c00dd94b47db7218027,complete received body,initial baseline,not assessed,,true,,
LRS-E0F04DC9FA65E5,UAK legislation page,https://www.uak.gov.tr/page/mevzuat-ZgTRU,https://www.uak.gov.tr/page/mevzuat-ZgTRU,2026-07-30,network-error,,0,,,,,0,,none,initial unavailable baseline,not assessed,,true,fetch failed,network access failed
LRS-E0F0F5BEA22EF3,Law 4957/2022 Official Gazette,https://www.et.gr/api/DownloadFeksApi?fek_pdf=20220100141,https://et.gr/api/DownloadFeksApi?fek_pdf=20220100141,2026-07-30,http-error,404,1,text/html; charset=UTF-8,,,,128299,9d42fa921a67a0de3d9ba8b81fe066162a3e8058a6d302bbae86d942e856144b,complete received body,initial baseline,human review required,,true,,redirect requires equivalence review | HTTP 404
LRS-E14A72C4E77750,Utrecht scientific integrity complaints regulation 2023,https://www.uu.nl/sites/default/files/Klachtenregeling-Wetenschappelijke-Integriteit-Universiteit-Utrecht.pdf,https://www.uu.nl/sites/default/files/Klachtenregeling-Wetenschappelijke-Integriteit-Universiteit-Utrecht.pdf,2026-07-30,accessible,200,0,application/pdf,113420,,"Wed, 23 Apr 2025 11:25:37 GMT",113420,ac6da414a914d6d12dbe25fc9ae0bab0bd700b2210549f6a74c2976f16808e00,complete received body,initial baseline,not assessed,,true,,
LRS-E164ABF7F3FBAE,COMETS,https://comite-ethique.cnrs.fr/,https://comite-ethique.cnrs.fr/,2026-07-30,network-error,,0,,,,,0,,none,initial unavailable baseline,not assessed,,true,fetch failed,network access failed
LRS-E16CEF182617F1,Academy history/about page,https://science.org.ge/?lang=en&page_id=2491,https://science.org.ge/?lang=en&page_id=2491,2026-07-30,network-error,,0,,,,,0,,none,initial unavailable baseline,not assessed,,true,fetch failed,network access failed
LRS-E174BD4AE91D52,IRIS portal,https://iris.research.org.cy/,https://iris.research.org.cy/,2026-07-30,accessible,200,0,text/html; charset=utf-8,,,,10862,0021b5b0c27d51ea554d1395b4ed9633daefc361c2fa11c7c1c36f5cb602f8d2,complete received body,initial baseline,not assessed,,true,,
LRS-E19B304A3CF8C2,University of Zurich confidential ombudsperson contact form,https://www.research.uzh.ch/en/procedures/integrity/kontakt_vertrauensperson.html,https://www.research.uzh.ch/en/procedures/integrity/kontakt_vertrauensperson.html,2026-07-30,accessible,200,0,text/html;charset=UTF-8,11580,,,79485,6040564d6de2a9f82766e9fa61edc3eb8bc444aa3d443836375942e0fcbfaea5,complete received body,initial baseline,not assessed,,true,,
LRS-E1A2C0399B396F,UL 19 June 2024 project-results publication decision,https://www.lu.lv/par-mums/akademiskas-etikas-komisija/19062024-par-atbildibu,https://www.lu.lv/par-mums/akademiskas-etikas-komisija/19062024-par-atbildibu,2026-07-30,accessible,200,0,text/html; charset=utf-8,10979,"""e798b7b60c9d25e59c267c370d411512-gzip""",,62119,0bc2c6a87758f205fb17ff901f9af1c515b2b1199696285a3b1a55fc727a857c,complete received body,initial baseline,not assessed,,true,,
LRS-E1A49B10A96DFE,Azerbaijan University ethics policy,https://au.edu.az/en/sdg/ethics-policy,https://au.edu.az/en/sdg/ethics-policy,2026-07-30,accessible,200,0,text/html; charset=UTF-8,,,,88936,a1c8c1c9c1dab55269c8f19a1c4665b1f19cd9cea9d6dcfd7fc93a856511c8ea,complete received body,initial baseline,not assessed,,true,,
LRS-E1B18C23702C6D,Information from the sixth meeting of NKVIE,https://vaia.gov.sk/wp-content/uploads/2026/04/Informacia-zo-6.-zasadnutia-Narodnej-komisie-pre-vyskumnu-integritu-a-etiku.pdf,https://vaia.gov.sk/wp-content/uploads/2026/04/Informacia-zo-6.-zasadnutia-Narodnej-komisie-pre-vyskumnu-integritu-a-etiku.pdf,2026-07-30,accessible,200,0,application/pdf,,"""20f69-64f00b34bba32""","Thu, 09 Apr 2026 05:58:06 GMT",135017,ac1acccd116a8a83385933987d4a358e058538ee1ef2725acabd50474e24e654,complete received body,initial baseline,not assessed,,true,,
LRS-E1FD37331EEAC2,Higher education ministry page,https://www.hm.ee/en/education-research-and-youth-affairs/general-education/higher-education,https://www.hm.ee/en/education-research-and-youth-affairs/general-education/higher-education,2026-07-30,http-error,403,0,text/html; charset=UTF-8,,,,5837,4fa0c74cdfba63559f94e6e84ac8659701c3d255dc81b6d66782f5b33c93a98a,complete received body,initial baseline,not assessed,,true,,HTTP 403
LRS-E21835771B8304,UCC Ethics Committee,https://www.ucc.ie/en/academicgov/secretary/council/academic-council-handbook/uccethicscommittee,https://www.ucc.ie/en/academicgov/secretary/council/academic-council-handbook/uccethicscommittee/,2026-07-30,redirected-accessible,200,2,text/html; charset=UTF-8,11891,"""c632-6557677d8c2b8-gzip""","Tue, 30 Jun 2026 10:59:25 GMT",50738,9b241ae1627a895e87a4ced8989295a850180e74b3564497b5128e826e30cc72,complete received body,initial baseline,human review required,,true,,redirect requires equivalence review
LRS-E237F3FFE29812,Lund deviations from good research practice,https://www.staff.lu.se/research-and-education/research-support/research-ethics-and-animal-testing-ethics/deviations-good-research-practice,https://www.staff.lu.se/research-and-education/research-support/research-ethics-and-animal-testing-ethics/deviations-good-research-practice,2026-07-30,accessible,200,0,text/html; charset=UTF-8,21816,,"Thu, 30 Jul 2026 10:14:14 GMT",185121,21c150e73201e7ada74943b60fb25bdfa928b30dfbaa413e36aff48d9d71f85c,complete received body,initial baseline,not assessed,,true,,
LRS-E23876CE119675,KAA University of Mitrovica page,https://akreditimi.rks-gov.net/university-of-mitrovica-isa-boletini,https://akreditimi.rks-gov.net/university-of-mitrovica-isa-boletini/,2026-07-30,redirected-accessible,200,1,text/html; charset=UTF-8,15416,,,95554,679870703bab819ca0588dc5eb7be82cded6940f6297becd91d51fbfe6d9ed03,complete received body,initial baseline,human review required,,true,,redirect requires equivalence review
LRS-E2450D4624FD52,UNSA Senate accepts the Ethics Council 2023 work report,https://www.unsa.ba/sites/default/files/dodatak/2025-03/Zapisnik%20sa%205.%20redovne%20sjednice%20Senata%20-%2026.02.2025..pdf,https://www.unsa.ba/sites/default/files/dodatak/2025-03/Zapisnik%20sa%205.%20redovne%20sjednice%20Senata%20-%2026.02.2025..pdf,2026-07-30,accessible,200,0,application/pdf,744957,"""b5dfd-631567054ea56""","Thu, 27 Mar 2025 17:39:41 GMT",744957,89937f5cbe443e50e59abd8c28c580938459e65ab7af7c7287978121d21268d8,complete received body,initial baseline,not assessed,,true,,
LRS-E27B7FD01E0FAF,Medical University Plovdiv Academic Ethics Commission rules,https://mu-plovdiv.bg/wp-content/uploads/2022/03/%D0%9F%D1%80%D0%B0%D0%B2%D0%B8%D0%BB%D0%BD%D0%B8%D0%BA-%D0%BD%D0%B0-%D0%9A%D0%90%D0%95-2022.pdf,https://mu-plovdiv.bg/wp-content/uploads/2022/03/%D0%9F%D1%80%D0%B0%D0%B2%D0%B8%D0%BB%D0%BD%D0%B8%D0%BA-%D0%BD%D0%B0-%D0%9A%D0%90%D0%95-2022.pdf,2026-07-30,accessible,200,0,application/pdf,,,"Thu, 10 Mar 2022 12:13:24 GMT",397141,4feb45bc31c2077a39a33e345fb896f77ba10174c00398b990a0fd325127338a,complete received body,initial baseline,not assessed,,true,,
LRS-E280E64DF83A25,SOU 1999:4 God sed i forskningen published,https://www.regeringen.se/rattsliga-dokument/statens-offentliga-utredningar/1999/02/sou-19994,https://www.regeringen.se/rattsliga-dokument/statens-offentliga-utredningar/1999/02/sou-19994,2026-07-30,accessible,200,0,text/html; charset=utf-8,,,"Thu, 30 Jul 2026 19:09:47 GMT",196368,4cf039037d9b36cd227ea99b01cbd68f60a1fcf7ee8dbd0e21b2e45fb6b9f4a4,complete received body,initial baseline,not assessed,,true,,
LRS-E293C7DE52C816,NASRI national R&D programmes,https://nasri.gov.al/programet-kombetare-te-kerkimit-dhe-zhvillimit,https://nasri.gov.al/programet-kombetare-te-kerkimit-dhe-zhvillimit/,2026-07-30,redirected-accessible,200,1,text/html; charset=UTF-8,,,,196574,8be328fa214b9f238d044d84ed4b04837af87a453a56ae6b62646053dfeb6e21,complete received body,initial baseline,human review required,,true,,redirect requires equivalence review
LRS-E29ABBFEF85FE0,EPA research call terms example,https://www.epa.ie/publications/research/previous-call-documents/documents-for-epa-calls-announced-in-2023/EPA_Research_Call_2023_Guidelines_and_Terms_and_Conditions.pdf,https://www.epa.ie/publications/research/previous-call-documents/documents-for-epa-calls-announced-in-2023/EPA_Research_Call_2023_Guidelines_and_Terms_and_Conditions.pdf,2026-07-30,http-error,404,0,text/html; charset=UTF-8,,,,39173,0c12d85b9336cd0bbe1c9e8a1fce4fb945d5fac07c93dc05e5a220ba5ff4dd5c,complete received body,initial baseline,not assessed,,true,,HTTP 404
LRS-E2CE6E2E160B21,Yükseköğretim Kurulu,https://www.yok.gov.tr/tr/page/mevzuat-aYrMB,https://www.yok.gov.tr/tr/page/mevzuat-aYrMB,2026-07-30,accessible,200,0,text/html; charset=UTF-8,,,,219198,f4d36046edab1dfac8fa50257ca0c1fe2df55f117996e785ac0f1ba2a98a0123,complete received body,initial baseline,not assessed,,true,,
LRS-E2E1A96C8A9EFD,National Council July-December 2024 report,https://www.nacionalensovetzavoinid.com.mk/images/dokumenti/Izvestaj%20juli%202024%20-dekemvri%202024.pdf,https://www.nacionalensovetzavoinid.com.mk/images/dokumenti/Izvestaj%20juli%202024%20-dekemvri%202024.pdf,2026-07-30,accessible,200,0,application/pdf,289402,,"Tue, 18 Mar 2025 17:02:21 GMT",289402,3fec80448f6eb423ab2e24fbdcd76180e80f16049c3e4df2ac3dfb8fee78eaae,complete received body,initial baseline,not assessed,,true,,
LRS-E2EC972A73219A,DFG press release 08/2026,https://www.dfg.de/de/aktuelles/neuigkeiten-themen/pressemitteilungen/2026/pressemitteilung-nr-08,https://www.dfg.de/de/aktuelles/neuigkeiten-themen/pressemitteilungen/2026/pressemitteilung-nr-08,2026-07-30,accessible,200,0,text/html;charset=UTF-8,28126,,,352817,e4aa91c211768c10569ed7c8a1e2b56eb5f745082dc05e625878e0087d515312,complete received body,initial baseline,not assessed,,true,,
LRS-E3218A0BF15682,Department for Development of State Scientific Attestation,https://www.minobrnauki.gov.ru/about/deps/daninpr/orsgna,https://www.minobrnauki.gov.ru/about/deps/daninpr/orsgna,2026-07-30,network-error,,0,,,,,0,,none,initial unavailable baseline,not assessed,,true,fetch failed,network access failed
LRS-E324528279B186,TAI Human Research Ethics Committee 2025 decisions,https://www.tai.ee/sites/default/files/2026-01/tai_inimuuringute_eetikakomitee_otsused_2025.docx,https://www.tai.ee/sites/default/files/2026-01/tai_inimuuringute_eetikakomitee_otsused_2025.docx,2026-07-30,accessible,200,0,application/vnd.openxmlformats-officedocument.wordprocessingml.document,56735,"""dd9f-6482c4242e77f""","Mon, 12 Jan 2026 07:59:47 GMT",56735,e36c42f788837baaf0bf7a36d5bcd749d94723ab948a2113953e2628610b19c7,complete received body,initial baseline,not assessed,,true,,
LRS-E3288C366BC710,Alþingi,https://www.althingi.is/lagas/nuna/2006063.html,https://www.althingi.is/lagas/nuna/2006063.html,2026-07-30,accessible,200,0,text/html;charset=UTF-8,,,"Thu, 30 Jul 2026 19:09:49 GMT",107138,a4255db0722167bcd50d9d674828099bb0d8355c337f29e2195851724c728ce5,complete received body,initial baseline,not assessed,,true,,
LRS-E351C6630C6D11,CBS Research Practice Committee and Named Person,https://www.cbs.dk/en/research/cbs-research-profile/research-practice-committee-and-named-person,https://www.cbs.dk/en/research/cbs-research-profile/research-practice-committee-and-named-person,2026-07-30,http-error,404,0,text/html; charset=UTF-8,,"""1785438589""","Thu, 30 Jul 2026 19:09:49 GMT",61664,b7da455616695da046d6d317f6ced65f3ab8c6bfd7915ef417ff62865ffe76f9,complete received body,initial baseline,not assessed,,true,,HTTP 404
LRS-E355E08DFCA2BE,2025 annual report page,https://www.gov.me/clanak/izvjestaj-o-radu-treceg-saziva-etickog-komiteta-za-2025-godinu,https://www.gov.me/clanak/izvjestaj-o-radu-treceg-saziva-etickog-komiteta-za-2025-godinu,2026-07-30,accessible,200,0,text/html; charset=utf-8,552041,"W/""86c69-xuUWgY2r6oYAtZC/ap5GABZ+61g""",,552041,6757d5622e83e83c6577b576a6cef695467f4eb13a520148367035df1663fab9,complete received body,initial baseline,not assessed,,true,,
LRS-E3ACA621089D02,inED Ethics Committee,https://ined.ese.ipp.pt/pt/comissao-de-etica,https://ined.ese.ipp.pt/pt/comissao-de-etica,2026-07-30,accessible,200,0,text/html; charset=UTF-8,,,,34969,7bbbed974463613f1cf5fa8a90802314dc9224be4e24e07d23e09656f90452aa,complete received body,initial baseline,not assessed,,true,,
LRS-E3AD28CAA04A6C,Ethics Committee of the Tampere Region,https://www.tuni.fi/en/research/responsible-science-and-research/research-integrity/ethics-committee-of-the-tampere-region,https://www.tuni.fi/en/tau/responsible-research/ethics-committee-of-the-tampere-region,2026-07-30,redirected-accessible,200,2,text/html; charset=utf-8,,"""iiz87tggoi7du2""",,344855,92654314adf6f9de5c273d5beff0946e7e3718fb0b67cb97b77e34efc86d3093,complete received body,initial baseline,human review required,,true,,redirect requires equivalence review
LRS-E3F8532CED89F1,UAK FAQ,https://www.uak.gov.tr/documents/documents/69e87ae05e8cd.pdf,https://www.uak.gov.tr/documents/documents/69e87ae05e8cd.pdf,2026-07-30,network-error,,0,,,,,0,,none,initial unavailable baseline,not assessed,,true,fetch failed,network access failed
LRS-E49583B0ED6168,SEEU Rule on Receiving Corruption Allegations,https://www.seeu.edu.mk/files/2019-2020/19/Rule%20on%20receiving%20corruption%20allegantions%20MM.pdf,https://www.seeu.edu.mk/files/2019-2020/19/Rule%20on%20receiving%20corruption%20allegantions%20MM.pdf,2026-07-30,accessible,200,0,application/pdf,129259,"""696f6d3d-1f8eb""","Tue, 20 Jan 2026 11:55:41 GMT",129259,2f14575bb688bd06f529423098f00b7f386065e37bff9297b6358f623509bf51,complete received body,initial baseline,not assessed,,true,,
LRS-E4A3035447D820,Independent degree-awarding organizations page,https://minobrnauki.gov.ru/press-center/news/novosti-ministerstva/76985,https://minobrnauki.gov.ru/press-center/news/novosti-ministerstva/76985,2026-07-30,network-error,,0,,,,,0,,none,initial unavailable baseline,not assessed,,true,fetch failed,network access failed
LRS-E4A61EC1C0BBD8,About AZOP,https://azop.hr/about-the-agency,https://azop.hr/about-the-agency/,2026-07-30,redirected-accessible,200,1,text/html; charset=UTF-8,,,,125285,7ef32e03989481923948e8e29708c6c66d97fa2903f3eb80f1b66af5f86ac5a5,complete received body,initial baseline,human review required,,true,,redirect requires equivalence review
LRS-E4B905C8013BB9,Consolidated higher-education law PDF,https://www.aqua.ad/sites/default/files/2024-01/36_17-002_decret_legislatiu_30_05_18_text_refos_llei_12_2008_ensenyament_superior.pdf,https://www.aqua.ad/sites/default/files/2024-01/36_17-002_decret_legislatiu_30_05_18_text_refos_llei_12_2008_ensenyament_superior.pdf,2026-07-30,http-error,404,0,text/html; charset=UTF-8,,"W/""1785438590""","Thu, 30 Jul 2026 19:09:50 GMT",33782,62f3f2df39b1ec25a6ba6d703bc4bd0159646db3b33e7f6a63b35ab49a1e4ab3,complete received body,initial baseline,not assessed,,true,,HTTP 404
LRS-E4CD2BFB3902D1,Ofis directory records 187 RIS,https://www.ofis-france.fr/annuaire,https://www.ofis-france.fr/annuaire/,2026-07-30,redirected-accessible,200,1,text/html; charset=UTF-8,,,,265035,41e93ced015ff23452c55fd7f2d0f56de38b59076e3b4e488d8ffbd07c0b39af,complete received body,initial baseline,human review required,,true,,redirect requires equivalence review
LRS-E4E92FDC95FD9B,UP Ethics Council procedure 2025,https://uni-pr.edu/desk/inc/media/F71970D5-A5C4-4F96-AA1F-EEAC3CDB131A.pdf,https://uni-pr.edu/desk/inc/media/F71970D5-A5C4-4F96-AA1F-EEAC3CDB131A.pdf,2026-07-30,accessible,200,0,application/pdf,644092,"""cb42ed543c86dc1:0""","Thu, 15 Jan 2026 16:30:59 GMT",644092,93a973f4df5cc82ae19324fc7d2054f2164948bf844d85a01a85b96b67033481,complete received body,initial baseline,not assessed,,true,,
LRS-E505E82FC2F802,University of Ruse regulations page,https://www.uni-ruse.bg/en/directorates/SRS/regulations,https://www.uni-ruse.bg/en/directorates/SRS/regulations,2026-07-30,accessible,200,0,text/html; charset=utf-8,,,"Thu, 30 Jul 2026 19:09:50 GMT",86941,b8809e7a8b708cb9f772d925a5b285502b9c2a0176ff9fea6381ed81683808bf,complete received body,initial baseline,not assessed,,true,,
LRS-E50CD36B06A61F,CCNE created,https://www.ccne-ethique.fr/fr/le-comite/les-missions,https://www.ccne-ethique.fr/fr/le-comite/les-missions,2026-07-30,accessible,200,0,text/html; charset=utf-8,,"W/""1785438139""","Thu, 30 Jul 2026 19:02:19 GMT",28099,3d45804cdc1e43da4536905592534292adec1bdc15fa9e7330443d0d6a113baf,complete received body,initial baseline,not assessed,,true,,
LRS-E51474470388F7,MFHEA Quality Assurance Committee,https://mfhea.mt/quality-assurance-committee,https://mfhea.mt/quality-assurance-committee,2026-07-30,http-error,403,0,text/html; charset=UTF-8,,,,5736,27192116c98c74a565bf16401280525e9a0721038983c9f599c0451e5a4be7d0,complete received body,initial baseline,not assessed,,true,,HTTP 403
LRS-E5A724E9DC8812,Vinnova harmonized funding terms,https://www.vinnova.se/en/news/2025/01/term-for-funding-is-harmonized-between-authorities,https://www.vinnova.se/en/news/2025/01/term-for-funding-is-harmonized-between-authorities,2026-07-30,accessible,200,0,text/html; charset=utf-8,,,,99659,661b2147fa69724822acbc87bc069f9556d3c0f0a6479702be121c79279fa64f,complete received body,initial baseline,not assessed,,true,,
LRS-E5AB1802B3B7EC,About LARI,https://lari.lu/about,https://lari.lu/about/,2026-07-30,redirected-accessible,200,1,text/html; charset=UTF-8,23320,,,148877,4bd52e9bd37ff39ea02828718dc7e2925d451eabc92fbb2a0d5378cc4aa49bc2,complete received body,initial baseline,human review required,,true,,redirect requires equivalence review
LRS-E5B2214BB50DD4,Imperial research integrity framework,https://www.imperial.ac.uk/research-and-innovation/about-imperial-research/research-integrity-investigations/misconduct/research-integrity-framework,https://www.imperial.ac.uk/research-and-innovation/about-imperial-research/research-integrity-investigations/misconduct/research-integrity-framework/,2026-07-30,redirected-accessible,200,1,text/html; charset=UTF-8,27244,,,175950,5d7c367a642f11e0697a845e051d6e35c7acc20e58b8edc077e99735eb359641,complete received body,initial baseline,human review required,,true,,redirect requires equivalence review
LRS-E5B5F03312F3DD,COPAT English site,https://copat.gov.az/en,https://copat.gov.az/en,2026-07-30,accessible,200,0,text/html; charset=UTF-8,,,,32264,c38da7d4639019bd67e2cca4adcc1a54acddd39a5533cfc87bfd2a472a3cc761,complete received body,initial baseline,not assessed,,true,,
LRS-E5DB55D9149768,HESC about page,https://degrees.hesc.am/en/about-us,https://degrees.hesc.am/en/about-us,2026-07-30,accessible,200,0,text/html; charset=UTF-8,,,,38025,94f8713e05fcf83ecd283ee9c6bfc9d09f0c2cef747f966d1623363c6db1a1b4,complete received body,initial baseline,not assessed,,true,,
LRS-E604838EFA3231,HRZZ Regulation on the Conditions and the Grant Award Procedure,https://hrzz.hr/wp-content/uploads/2020/08/REGULATION-ON-THE-CONDITIONS-AND-THE-GRANT-AWARD-PROCEDURE.pdf,https://hrzz.hr/wp-content/uploads/2020/08/REGULATION-ON-THE-CONDITIONS-AND-THE-GRANT-AWARD-PROCEDURE.pdf,2026-07-30,accessible,200,0,application/pdf,242455,"""3b317-5f2cf986-147332;;;""","Fri, 07 Aug 2020 06:49:42 GMT",242455,5380aa32f941c4b7c4e37cfb36a815547eef9872275d1a3b09f3f691506c3695,complete received body,initial baseline,not assessed,,true,,
LRS-E61870AE4F262F,Action plan for promoting research integrity,https://marjan.unist.hr/UserDocsImages/Portals/0/EasyDNNNewsDocuments/14800/6.%20Akcijski%20plan_znanstvenoistrazivacka_cestitost_2022.pdf,https://marjan.unist.hr/UserDocsImages/Portals/0/EasyDNNNewsDocuments/14800/6.%20Akcijski%20plan_znanstvenoistrazivacka_cestitost_2022.pdf,2026-07-30,accessible,200,0,application/pdf,347605,"""0327f5e5656d81:0""","Fri, 22 Apr 2022 14:36:36 GMT",347605,8fea7827be0455e8912d436a5db80bd464e00fa2a5a3d739f38eaf25247426ec,complete received body,initial baseline,not assessed,,true,,
LRS-E6229D094E54CB,UAM approves its Code of Good Practice in Research,https://www.uam.es/uam/media/doc/1606869643805/codigo-de-buenas-practicas-en-investigacion-20-02-2013-2.pdf,https://www.uam.es/uam/media/doc/1606869643805/codigo-de-buenas-practicas-en-investigacion-20-02-2013-2.pdf,2026-07-30,accessible,200,0,application/pdf,,,"Thu, 30 Jul 2026 19:09:52 GMT",351117,97194e7532cdaf238ee7d3a9829e23487e0e7211ae0618912e7e551ad2b259e9,complete received body,initial baseline,not assessed,,true,,
LRS-E62A328F6BF6C8,Ley 14/2007 creates the biomedical research and bioethics framework,https://www.boe.es/buscar/act.php?id=BOE-A-2007-12945,https://www.boe.es/buscar/act.php?id=BOE-A-2007-12945,2026-07-30,accessible,200,0,text/html; charset=UTF-8,,,,283239,a60b60a147c38f0fe8940a99a8dab444e5c41480664f008b6d21410cd5b27839,complete received body,initial baseline,not assessed,,true,,
LRS-E63BD3BCF0B3EF,REKEBET page,https://ett.okfo.gov.hu/rekebet,https://ett.okfo.gov.hu/rekebet/,2026-07-30,redirected-accessible,200,1,text/html; charset=UTF-8,13128,,,51429,086a2dadae155d3e8544be0a11bbaed927bfb10a8908a0378f9957e713dcc495,complete received body,initial baseline,human review required,,true,,redirect requires equivalence review
LRS-E63EF65A107C46,MUR doctoral reform page,https://www.mur.gov.it/it/pnrr/misure-e-componenti/m4c1/riforma-41-riforma-dei-dottorati,https://www.mur.gov.it/it/pnrr/misure-e-componenti/m4c1/riforma-41-riforma-dei-dottorati,2026-07-30,http-error,403,0,text/html; charset=UTF-8,,,,5971,de51b066cff97dcee8f5eb8ab30bd013b65df9b9589f59c23c74a2f076eb9de7,complete received body,initial baseline,not assessed,,true,,HTTP 403
LRS-E687C687F3DE5B,Faculty governance and management,https://stomfak.ukim.edu.mk/en/about-faculty/governance-and-management,https://stomfak.ukim.edu.mk/en/about-faculty/governance-and-management/,2026-07-30,redirected-accessible,200,1,text/html; charset=UTF-8,,,,115603,84eb5d65d8caf23b8b0f6d31337b60a2fe88da8e5862695fbcfb8701810772b4,complete received body,initial baseline,human review required,,true,,redirect requires equivalence review
LRS-E68BB1E56C0DA1,Nottingham annual statement 2025,https://www.nottingham.ac.uk/research/documents/ethics-and-integrity/2025-uon-annual-statement-on-research-integrity.pdf,https://www.nottingham.ac.uk/research/documents/ethics-and-integrity/2025-uon-annual-statement-on-research-integrity.pdf,2026-07-30,accessible,200,0,application/pdf,770555,,"Tue, 10 Mar 2026 11:58:57 GMT",770555,f0fd5615739882fe493944439c87a2916d90ffabd6729a6116944750c9cd97d3,complete received body,initial baseline,not assessed,,true,,
LRS-E69054FDDCCE82,University of Iceland,https://english.hi.is/about-ui/governance/regulations-ui,https://english.hi.is/about-ui/governance/regulations-ui,2026-07-30,accessible,200,0,text/html; charset=UTF-8,31349,"""1785438593-br""","Thu, 30 Jul 2026 19:09:53 GMT",318837,c3516a66f3942d24d71857423af67b41e6768d5efcf1517b966e4c695a88ec8d,complete received body,initial baseline,not assessed,,true,,
LRS-E6A5554B491E79,AAK regulation on scientific titles,https://aak.gov.az/upload/page/elmiad_asasname1.pdf,https://aak.gov.az/upload/page/elmiad_asasname1.pdf,2026-07-30,accessible,200,0,application/pdf,263328,"""5f86b207-404a0""","Wed, 14 Oct 2020 08:08:39 GMT",263328,b5dc0314c8c1d2d241ab48580d9f47cb23dfb504fa740d1695174ecfda78dc44,complete received body,initial baseline,not assessed,,true,,
LRS-E6C14D99464654,FCT complaints channel FAQ,https://www.fct.pt/en/faq/canal-de-denuncias-rgpdi/denuncias,https://www.fct.pt/faq/canal-de-denuncias-rgpdi/denuncias/,2026-07-30,redirected-accessible,200,1,text/html; charset=UTF-8,13742,,"Thu, 30 Jul 2026 19:09:54 GMT",107519,bdb6b90b49486cfae817c1f6386d76dde3bd8198171d2b18f01747952d07edc0,complete received body,initial baseline,human review required,,true,,redirect requires equivalence review
LRS-E6CEE911B2E9F1,Max Planck rules and procedure,https://www.mpg.de/199493/regeln-zur-sicherung-guter-wissenschaftlicher-praxis-und-verfahrensordnung-bei-verdacht-auf-wissenschaftliches-fehlverhalten.pdf,https://www.mpg.de/199493/regeln-zur-sicherung-guter-wissenschaftlicher-praxis-und-verfahrensordnung-bei-verdacht-auf-wissenschaftliches-fehlverhalten.pdf,2026-07-30,accessible,200,0,application/pdf,667577,,"Tue, 16 Dec 2025 12:48:27 GMT",667577,3b612b2a3a0cbb76b58c9f7aea748f22715b8d0e5ffbc72303bb7325b5f7e70c,complete received body,initial baseline,not assessed,,true,,
LRS-E6D4898F227F37,UKIM AI Declaration,https://ukim.edu.mk/en/nauka/policies/ai-declaration,https://ukim.edu.mk/en/nauka/policies/ai-declaration/,2026-07-30,redirected-accessible,200,1,text/html; charset=UTF-8,,,,275623,74e8cfbc19e83ac8a971e6dcfb0a9f9c6645f293c006e7be9ca37adcd62d2a2c,complete received body,initial baseline,human review required,,true,,redirect requires equivalence review
LRS-E6EE92A0C6B74C,Clinical trials act,https://api.sejm.gov.pl/eli/acts/DU/2023/605/text.html,https://api.sejm.gov.pl/eli/acts/DU/2023/605/text.html,2026-07-30,accessible,200,0,text/html;charset=utf-8,,,,815719,b0c4d8b1898e31bf7ed7ad1206eb3714d26f28f5da61954d32473556de21a0aa,complete received body,initial baseline,not assessed,,true,,
LRS-E6F4AAC5F5D9DC,CSIS regulation,https://www.frs-fnrs.be/docs/CSIS-REGLEMENT.pdf,https://www.frs-fnrs.be/docs/CSIS-REGLEMENT.pdf,2026-07-30,accessible,200,0,application/pdf,543634,"""688b2c3d-84b92""","Thu, 31 Jul 2025 08:41:33 GMT",543634,34a68fbc4980e3a2c576e222a4147b57de39f17d07d748ad7c663a805f27217f,complete received body,initial baseline,not assessed,,true,,
LRS-E712E18D0D837C,NEAA,https://www.neaa.government.bg/en/legislation,https://www.neaa.government.bg/en/legislation,2026-07-30,accessible,200,0,text/html; charset=UTF-8,9831,,,41878,e4fa24cf5edb583cd2d716e1d4917b228830b4a558511d0e08798ad3068a5aac,complete received body,initial baseline,not assessed,,true,,
LRS-E7160DC64CFA38,UNL TU/e case publication 2018,https://www.universiteitenvannederland.nl/files/publications/2018%20TUE%20Openbaar%20maken%20resultaten%20-%20gedeeltelijk%20gegrond.pdf,https://www.universiteitenvannederland.nl/files/publications/2018%20TUE%20Openbaar%20maken%20resultaten%20-%20gedeeltelijk%20gegrond.pdf,2026-07-30,accessible,200,0,application/pdf,92907,"""652fd480-16aeb""","Wed, 18 Oct 2023 12:50:08 GMT",92907,86ff2c0bf1400de3183542120c9ed53eeeab7281a2397f4dbaff1f34a09a1d41,complete received body,initial baseline,not assessed,,true,,
LRS-E7605E1E9D4926,Faculty Ethics Committee,https://mf.unsa.ba/en/fakultet/odbori/eticki-odbor,https://mf.unsa.ba/en/fakultet/odbori/eticki-odbor/,2026-07-30,redirected-accessible,200,1,text/html; charset=UTF-8,,,,92750,47b070c3ab02e2b80fe8ad3aca48bb8bb861a251d812f3af66a97c1fdbc12b7d,complete received body,initial baseline,human review required,,true,,redirect requires equivalence review
LRS-E7673C3C1C77ED,KTU ethics committees page,https://ktu.edu.tr/tr/etikkurullar,https://ktu.edu.tr/tr/etikkurullar,2026-07-30,accessible,200,0,text/html; charset=UTF-8,,,,208217,717f9f09334dc14f3271e4b8722b4878a111be8bf9f4940677390e1f0b959467,complete received body,initial baseline,not assessed,,true,,
LRS-E820B1E561DD63,BPOS portal,https://bpos.bg/,https://bpos.bg/,2026-07-30,accessible,200,0,text/html,1760,"""1dc65b1715fefe0""","Fri, 05 Dec 2025 06:36:10 GMT",1760,0e242c9755c54542f9e0b048b5e07fae2aa8b04ac6e7d016b47deaf59220169b,complete received body,initial baseline,not assessed,,true,,
LRS-E824EFB77906C1,CNBC opinions archive,https://www.bioethics.gov.cy/moh/cnbc/cnbc.nsf/dmlopinions_arch_gr/dmlopinions_arch_gr?Count=1000&Expand=3&OpenDocument=&Start=1,https://www.gov.cy/bioethics/,2026-07-30,http-error,403,1,text/html,,,,7828,1cbc242efd862188c841aed0a82581dfe4259972edcc5adfa2aaebd1884bd00d,complete received body,initial baseline,human review required,,true,,redirect requires equivalence review | HTTP 403
LRS-E8254AB1D5B7D0,Institute of Mechanics BAS ethics-committee documents,https://www.imbm.bas.bg/index.php/bg_BG/ethics-committee-documents,https://www.imbm.bas.bg/index.php/bg_BG/ethics-committee-documents,2026-07-30,network-error,,0,,,,,0,,none,initial unavailable baseline,not assessed,,true,fetch failed,network access failed
LRS-E82EB458576608,Charles University Ethics Commission archive exposes current statements and minutes,https://cuni.cz/UK-5554.html,https://cuni.cz/UK-5554.html,2026-07-30,accessible,200,0,text/html; charset=UTF-8,,,,78745,8586ace8a5764ebd4c6eb59610fbb65eea43bc8b31345ba8e78b7456a50e1dc7,complete received body,initial baseline,not assessed,,true,,
LRS-E844B113B463F6,Code of Ethics PDF,https://www.unirsm.sm/wp-content/uploads/2024/02/CODICE-ETICO-UNIRSM-giu-2023.pdf,https://www.unirsm.sm/wp-content/uploads/2024/02/CODICE-ETICO-UNIRSM-giu-2023.pdf,2026-07-30,accessible,200,0,application/pdf,54504,"""d4e8-620bf199fa840""","Wed, 28 Aug 2024 14:23:21 GMT",54504,d0ae8ce16785427ea580d485aad42a008af2005057a541d53cd55d5e61d601b5,complete received body,initial baseline,not assessed,,true,,
LRS-E8488BCBF2841E,Project authorisations and licensing,https://www.ruokavirasto.fi/en/animals/laboratory-animals/project-authorisations-and-licensing,https://www.ruokavirasto.fi/en/animals/laboratory-animals/project-authorisations-and-licensing,2026-07-30,accessible,200,0,text/html; charset=utf-8,,,,44243,052e4b15b472b482ef9770185963833298cc024ebec04549e0036fc78f738e27,complete received body,initial baseline,not assessed,,true,,
LRS-E865C91B9ECA82,CRUE,https://www.crue.org/que-es-crue,https://www.crue.org/que-es-crue/,2026-07-30,redirected-accessible,200,1,text/html; charset=UTF-8,,,,126653,72c3ccdd0de22938a302477c04b5728e35b3520c695a8a89e6fc41d52645db67,complete received body,initial baseline,human review required,,true,,redirect requires equivalence review
LRS-E8757285B5E310,Agricultural University of Iceland regulations,https://branda.lbhi.is/utgefid_efni/REG-0146.pdf,https://branda.lbhi.is/utgefid_efni/REG-0146.pdf,2026-07-30,accessible,200,0,application/pdf,405806,"""5f8c7902e9db1:0""","Tue, 17 Sep 2024 18:22:32 GMT",405806,1f8213e63fd0551059ab5802dfe0a756f355bc76027ea09ffcc763c0ed4d1875,complete received body,initial baseline,not assessed,,true,,
LRS-E88F561608E13B,NIBRT Research Integrity,https://www.nibrt.ie/research/research-integrity-nibrt-2,https://www.nibrt.ie/research/research-integrity-nibrt-2/,2026-07-30,redirected-accessible,200,1,text/html; charset=UTF-8,,,,170013,2818d2e749a9c5ea1b92732577560a0dd603e6a07356fb7b785a0f44a9275314,complete received body,initial baseline,human review required,,true,,redirect requires equivalence review
LRS-E8CC87FFB09A91,Npof,https://npof.se/en,https://npof.se/en,2026-07-30,network-error,,0,,,,,0,,none,initial unavailable baseline,not assessed,,true,fetch failed,network access failed
LRS-E8FBFF2C0BEE76,Icelandic Medicines Agency development page,https://www.ima.is/development,https://www.ima.is/development/,2026-07-30,redirected-accessible,200,1,text/html; charset=UTF-8,,,,52086,c7753ce3e2045547dcdb075387be67fb247da0ca8a610e01caded2b1193ab603,complete received body,initial baseline,human review required,,true,,redirect requires equivalence review
LRS-E90D5F3EE817B2,CNPD,https://cnpd.public.lu/content/cnpd/en/commission-nationale.html,https://cnpd.public.lu/content/cnpd/en/commission-nationale.html,2026-07-30,accessible,200,0,text/html; charset=utf-8,40242,,,40242,04b84b7f530a97b1fb366744252933dff273180288121cf7c5e8080ed136b73b,complete received body,initial baseline,not assessed,,true,,
LRS-E936756BBC5132,Ilia ETHICS page,https://iliauni.edu.ge/en/iliauni/units/developmentoffice/mimdinare-proeqtebi/erasmus/institutional-development-projects/responsible-conduct-of-research-research-integrity-and-ethics-in-georgian-universities-ethics,https://iliauni.edu.ge/en/iliauni/units/developmentoffice/mimdinare-proeqtebi/erasmus/institutional-development-projects/responsible-conduct-of-research-research-integrity-and-ethics-in-georgian-universities-ethics,2026-07-30,accessible,200,0,text/html; charset=UTF-8,,,,35146,910ee1cd73bc130420fc0f5dcb305ba83a18171893f70d739550ecaae84ae25f,complete received body,initial baseline,not assessed,,true,,
LRS-E95D669B05F21F,UvA CWI annual report 2024,https://www.uva.nl/binaries/content/assets/uva/nl/onderzoek/wetenschappelijke-integriteit/jaarverslag-cwi-2024.pdf,https://www.uva.nl/binaries/content/assets/uva/nl/onderzoek/wetenschappelijke-integriteit/jaarverslag-cwi-2024.pdf,2026-07-30,accessible,200,0,application/pdf;charset=UTF-8,265341,"""1756363930720""","Mon, 19 May 2025 08:00:17 GMT",265341,54f2e78bd8583b6971dbbde8f6f4c6ce5b21c02ec651b1e86a0f7967f253fbca,complete received body,initial baseline,not assessed,,true,,
LRS-E95DBD9A6BEFA2,Responsible Research page,https://www.unist.hr/responsible-research/16752,https://www.unist.hr/responsible-research/16752,2026-07-30,accessible,200,0,text/html; charset=utf-8,13042,,,36943,8677bb99b784813a524031dd499b7082004c3b956dd848628a14c78f3b81cf54,complete received body,initial baseline,not assessed,,true,,
LRS-E96885D28009E1,Research Ethics at UM,https://www.um.edu.mt/research/ethics/researchethicsatum,https://www.um.edu.mt/research/ethics/researchethicsatum/,2026-07-30,redirected-accessible,200,1,text/html,10905,"""b285-6574483aba916-gzip""","Thu, 23 Jul 2026 10:13:58 GMT",45701,c51a6fecce5a6c0ed59f78d878dbaf46631fc763cb975a752bdc168d89b0b0a0,complete received body,initial baseline,human review required,,true,,redirect requires equivalence review
LRS-E968D31D0BADCB,HEA good-practice principles revised,https://hea.ie/policy/research-policy/hea-principles-of-good-practice-in-research-within-irish-higher-education-institutions,https://hea.ie/policy/research-policy/hea-principles-of-good-practice-in-research-within-irish-higher-education-institutions/,2026-07-30,redirected-accessible,200,1,text/html; charset=UTF-8,35173,,,149862,00fd8bb3bcef17fd3c63af59b83861356fa57209d59d4afb227ed29ebe91eef1,complete received body,initial baseline,human review required,,true,,redirect requires equivalence review
LRS-E99F18EF705AB4,EOF National Ethics Committee archive,https://old.eof.gr/web/guest/eed,https://old.eof.gr/web/guest/eed,2026-07-30,accessible,200,0,text/html;charset=UTF-8,12373,,,66130,61b98c0fe8e682349fe7da87c728d4eb0a3ff0860e0e4e10164f4ea1fbf2bd65,complete received body,initial baseline,not assessed,,true,,
LRS-E9B9BD394D0E47,cnecsdti.research.gov.ro,https://cnecsdti.research.gov.ro/codul-national-de-etica,https://cnecsdti.research.gov.ro/codul-national-de-etica,2026-07-30,network-error,,0,,,,,0,,none,initial unavailable baseline,not assessed,,true,fetch failed,network access failed
LRS-E9BC712EE508A5,NAQA academic-integrity normative documents page,https://naqa.gov.ua/%D0%BD%D0%BE%D1%80%D0%BC%D0%B0%D1%82%D0%B8%D0%B2%D0%BD%D1%96-%D0%B4%D0%BE%D0%BA%D1%83%D0%BC%D0%B5%D0%BD%D1%82%D0%B8-%D1%89%D0%BE%D0%B4%D0%BE-%D0%B0%D0%BA%D0%B0%D0%B4%D0%B5%D0%BC%D1%96%D1%87%D0%BD,https://naqa.gov.ua/%D0%BD%D0%BE%D1%80%D0%BC%D0%B0%D1%82%D0%B8%D0%B2%D0%BD%D1%96-%D0%B4%D0%BE%D0%BA%D1%83%D0%BC%D0%B5%D0%BD%D1%82%D0%B8-%D1%89%D0%BE%D0%B4%D0%BE-%D0%B0%D0%BA%D0%B0%D0%B4%D0%B5%D0%BC%D1%96%D1%87%D0%BD/,2026-07-30,redirected-accessible,200,1,text/html; charset=UTF-8,,,,84103,3a9b0a729a52208cad538aa94a6f84169b8fc9e09ce9ea4c99a04cb844b8d404,complete received body,initial baseline,human review required,,true,,redirect requires equivalence review
LRS-E9D1C2C199A1AA,Research integrity advisers at Aalto University,https://www.aalto.fi/en/services/research-integrity,https://www.aalto.fi/en/services/research-integrity,2026-07-30,accessible,200,0,text/html; charset=UTF-8,,"W/""1785438597""","Thu, 30 Jul 2026 19:09:57 GMT",116904,2bb756905352915b5b782fe0943d20447d9879268ca34217bca18f1ac87da156,complete received body,initial baseline,not assessed,,true,,
LRS-E9EB90E4A80D8A,KAA law adoption news,https://akreditimi.rks-gov.net/kosovo-accreditation-agency-welcomes-the-adoption-of-the-law-on-kaa,https://akreditimi.rks-gov.net/kosovo-accreditation-agency-welcomes-the-adoption-of-the-law-on-kaa/,2026-07-30,redirected-accessible,200,1,text/html; charset=UTF-8,16187,,,100367,2bc319f8bda9084cb47f61357103dadf0f509594a414558b93e1c1cf1784ea33,complete received body,initial baseline,human review required,,true,,redirect requires equivalence review
LRS-EA49236EE69029,ΙδΕΚ,https://www.research.org.cy/wp-content/uploads/RESTART-2016-2020-Work-Programme_EN-V10.pdf,https://www.research.org.cy/wp-content/uploads/RESTART-2016-2020-Work-Programme_EN-V10.pdf,2026-07-30,accessible,200,0,application/pdf,1333046,,"Fri, 15 Jul 2022 13:39:13 GMT",1000000,ab5a27dba8b260a861b5cf5a88676b05c74e08158a489816e4beb688cd85a020,first 1000000 bytes,initial baseline,not assessed,,true,,
LRS-EA4C6A64DAB97A,New NGWI launched,https://www.vereniginghogescholen.nl/actueel/actualiteiten/nieuwe-gedragscode-wetenschappelijke-integriteit-voor-nederlandse-wetenschap,https://www.vereniginghogescholen.nl/actueel/actualiteiten/nieuwe-gedragscode-wetenschappelijke-integriteit-voor-nederlandse-wetenschap,2026-07-30,accessible,200,0,text/html; charset=utf-8,,"W/""fec4856c92570d8a2679aebe3f8242d7""",,19579,fec4856c92570d8a2679aebe3f8242d7e44dcab928d2d4eca86249efa05f7392,complete received body,initial baseline,not assessed,,true,,
LRS-EAAF7D5EF46910,DCM No. 607 creates AKKSHI,https://nasri.gov.al/wp-content/uploads/2019/04/Tabela-e-AKKSHI-baza-ligjore-15.04.2019.pdf,https://nasri.gov.al/wp-content/uploads/2019/04/Tabela-e-AKKSHI-baza-ligjore-15.04.2019.pdf,2026-07-30,accessible,200,0,application/pdf,767242,,"Mon, 15 Apr 2019 12:55:44 GMT",767242,4ac774b8ae8b7bc0d957a682d589336238043906403fbee42102d3f6b14f7eea,complete received body,initial baseline,not assessed,,true,,
LRS-EB1F809B9968F0,Clinical-trials ethics committee page,https://www.health.gov.sk/?Eticka-komisia-pre-klinicke-skusanie,https://www.health.gov.sk/?Eticka-komisia-pre-klinicke-skusanie,2026-07-30,accessible,200,0,text/html; charset=utf-8,120071,,,120071,0627939b1d57ace786b67c37263a9523cf84d1457338137bba1da34bfb900eb6,complete received body,initial baseline,not assessed,,true,,
LRS-EB37E0516AC3DB,Rosselkhoznadzor preclinical-study checklist form,https://www.fsvps.gov.ru/checks/forms/index?formId=10,https://www.fsvps.gov.ru/checks/forms/index?formId=10,2026-07-30,network-error,,0,,,,,0,,none,initial unavailable baseline,not assessed,,true,fetch failed,network access failed
LRS-EBB0DB01B08C30,Hadmek,https://hadmek.tarimorman.gov.tr/Sayfa/Detay/644,https://hadmek.tarimorman.gov.tr/Sayfa/Detay/644,2026-07-30,accessible,200,0,text/html; charset=utf-8,42459,,,42459,3248f584736f8009b94f876851e8c6c478c4a1a3da4ec5032908326b8e5c6594,complete received body,initial baseline,not assessed,,true,,
LRS-EBC5F4ACB3716E,LOWI Regulations 2022,https://lowi.nl/wp-content/uploads/2022/02/LOWI-Regulations-2022.pdf,https://lowi.nl/wp-content/uploads/2022/02/LOWI-Regulations-2022.pdf,2026-07-30,accessible,200,0,application/pdf,207170,"""32942-5d8990ddc4fa1""","Tue, 22 Feb 2022 10:45:57 GMT",207170,8ff0479e15ef93eca51e85c639a1694f538d222738f5e07155df22b8584bfb10,complete received body,initial baseline,not assessed,,true,,
LRS-EBEA977E3FE011,DFG Rules of Procedure,https://www.dfg.de/resource/blob/339200/dfg-80-01-v0524-en.pdf,https://www.dfg.de/resource/blob/339200/dfg-80-01-v0524-en.pdf,2026-07-30,accessible,200,0,application/pdf,230674,"""fb237806d946bb46c57cb9d0d841f401""",,230674,d88ed27b702810284c56011291ef319f541567eec02dde3c968f836473ee6f2d,complete received body,initial baseline,not assessed,,true,,
LRS-EC2160DB0276B8,University of Freiburg Redlichkeit in der Wissenschaft,https://uni-freiburg.de/forschung/qualitaetssicherung/gute-wissenschaftliche-praxis/redlichkeit-in-der-wissenschaft,https://uni-freiburg.de/forschung/qualitaetssicherung/gute-wissenschaftliche-praxis/redlichkeit-in-der-wissenschaft/,2026-07-30,redirected-accessible,200,1,text/html; charset=UTF-8,,,,971013,c88eefe7107a6374a0042059e2b33580675f54f1fa405a76749914e93474a08d,complete received body,initial baseline,human review required,,true,,redirect requires equivalence review
LRS-EC31BB781DC443,AEM physician ethics and investigation notice,https://pharma.az/en/news/attention-to-doctors-wishing-to-conduct-live-broadcasts-during-surgeries,https://pharma.az/en/news/attention-to-doctors-wishing-to-conduct-live-broadcasts-during-surgeries/,2026-07-30,redirected-accessible,200,1,text/html,,,"Sun, 26 Jul 2026 15:32:34 GMT",125695,e873ec2ad61121f12d8a21c95ff4d26cf803c262251ddee763bcd85bd734857d,complete received body,initial baseline,human review required,,true,,redirect requires equivalence review
LRS-EC438BFF6A0C2A,TUBITAK UBYT 2026 procedure,https://tubitak.gov.tr/sites/default/files/2026-02/79_YK_islenmis_hali_UBYT_usul_esaslari.pdf,https://tubitak.gov.tr/sites/default/files/2026-02/79_YK_islenmis_hali_UBYT_usul_esaslari.pdf,2026-07-30,accessible,200,0,application/pdf,414321,"""69a557c5-65271""","Mon, 02 Mar 2026 09:26:29 GMT",414321,a9ffd3b40a23999423a2f7e1bd5f1e1cb185d2f07fed7b92505aa5791be0d270,complete received body,initial baseline,not assessed,,true,,
LRS-EC66A43D00E01C,SEEU Important Documents,https://www.seeu.edu.mk/en/about/important-documents,https://www.seeu.edu.mk/en/about/important-documents,2026-07-30,accessible,200,0,text/html; charset=utf-8,,,,47370,3aceeafa2df60bb68b7a669801f9285eb60ea6b5036ac6847274c1bfbacafe10,complete received body,initial baseline,not assessed,,true,,
LRS-EC6ED345D22CCF,University of Strasbourg scientific-integrity referent,https://www.unistra.fr/fr/universite/engagements/referents/referent-lintegrite-scientifique,https://www.unistra.fr/fr/universite/engagements/referents/referent-lintegrite-scientifique,2026-07-30,accessible,200,0,text/html; charset=UTF-8,,"W/""1785114837""","Mon, 27 Jul 2026 01:13:57 GMT",363427,931a77d179ef2f82ba67c0d8cd53f2e10d8e36ff2cbcfe785bcf36c7785318af,complete received body,initial baseline,not assessed,,true,,
LRS-EC766FA00AB7B8,NAQA about page,https://en.naqa.gov.ua/about-us,https://en.naqa.gov.ua/about-us/,2026-07-30,redirected-accessible,200,1,text/html; charset=UTF-8,,,,84524,a873386904ed4dd27e6c7af47c0a42182e450d4f61e29af6aca3594bd40d77b0,complete received body,initial baseline,human review required,,true,,redirect requires equivalence review
LRS-ECFE7F07DC44A4,Ilia Faculty Research Ethics Committee,https://nsm.iliauni.edu.ge/en/faculty-research-ethics-committee,https://nsm.iliauni.edu.ge/en/faculty-research-ethics-committee/,2026-07-30,redirected-accessible,200,1,text/html; charset=UTF-8,30316,"""317762-1785263524;br""",,190542,fee3f7ab57f8b6e77d96408716854755963b1a9b8f2613dd50d7a321edfd5991,complete received body,initial baseline,human review required,,true,,redirect requires equivalence review
LRS-ED0180BCD2AF7F,Animal Experimentation Ethics Committee,https://www.uni.lu/en/about/governance/aeec,https://www.uni.lu/en/about/governance/aeec,2026-07-30,accessible,202,0,text/html; charset=UTF-8,2087,,,2087,d9c14ba0a30b7edfa630cf42191b2ba82a5a720a544d8f7780e60b6f445b8fae,complete received body,initial baseline,not assessed,,true,,
LRS-ED061B0BBB0FB3,Ministry page on animals for scientific purposes,https://www.minagric.gr/en/citizen-menu/animals-scient-purp,https://www.minagric.gr/en/citizen-menu/animals-scient-purp,2026-07-30,accessible,200,0,text/html; charset=utf-8,34444,,"Thu, 30 Jul 2026 19:10:03 GMT",162203,601f2db6ba7a7e087723e04a56fc5e464b5c9696a371ce480363290c0d4d18ff,complete received body,initial baseline,not assessed,,true,,
LRS-ED2056A868D5D3,FNR funding policies,https://www.fnr.lu/our-funding-policies,https://www.fnr.lu/our-funding-policies,2026-07-30,accessible,200,0,text/html; charset=UTF-8,,,,251570,8cb260d8d5b3fe90a349546845061b0528ccdf475d19e44024b254981ee49fb5,complete received body,initial baseline,not assessed,,true,,
LRS-ED4688CC55581F,OWID annual report 2024,https://ombudsgremium.de/wp-content/uploads/2025/06/Jahresbericht-2024_Ombudsman-fuer-die-Wissenschaft.pdf,https://ombudsgremium.de/wp-content/uploads/2025/06/Jahresbericht-2024_Ombudsman-fuer-die-Wissenschaft.pdf,2026-07-30,accessible,200,0,application/pdf,949522,"""e7d12-636d0bfbbf392""","Thu, 05 Jun 2025 10:40:58 GMT",949522,9ae1a9b048a2b12ca0fb7e261cc4aeba5f348042d198415c2e53b10a5fe772f5,complete received body,initial baseline,not assessed,,true,,
LRS-ED6A5277C6FA21,Animal Protection Law,https://likumi.lv/ta/en/en/id/14940,https://likumi.lv/ta/en/en/id/14940,2026-07-30,accessible,200,0,text/html; charset=utf-8,,,,110860,134a4ddd7386177523feecac5d00d174e3e9e30fc18b8e0d092f2c731d7f6940,complete received body,initial baseline,not assessed,,true,,
LRS-ED6A6B5BBDF6E7,Law on Academic Integrity,https://www.gov.me/en/documents/5825374f-0da5-41df-8d52-f9273d88a44b,https://www.gov.me/en/documents/5825374f-0da5-41df-8d52-f9273d88a44b,2026-07-30,accessible,200,0,text/html; charset=utf-8,449847,"W/""6dd37-JNDylZw/tm9OfCro/UDwM24FYeg""",,449847,8cf94de32f9ae1835ed190fd1b5b2d8b57210b05069033e60d6070f239e9e86c,complete received body,initial baseline,not assessed,,true,,
LRS-ED6E14DF3E32A1,Manchester annual statement 2024/25,https://documents.manchester.ac.uk/display.aspx?DocID=76849,https://documents.manchester.ac.uk/display.aspx?DocID=76849,2026-07-30,accessible,200,0,application/pdf,427699,,,427699,880f0aa814d9da1e109ed0bcaffc18e8ca6a0e40267a29ac9b6d5d6e6e8aa23c,complete received body,initial baseline,not assessed,,true,,
LRS-EDB7555716D315,State services quality page,https://minobrnauki.gov.ru/press-center/news/nauka-i-obrazovanie/97615,https://minobrnauki.gov.ru/press-center/news/nauka-i-obrazovanie/97615,2026-07-30,network-error,,0,,,,,0,,none,initial unavailable baseline,not assessed,,true,fetch failed,network access failed
LRS-EDBA8B1D816384,Garante Privacy English home,https://www.garanteprivacy.it/web/garante-privacy-en/home_en,https://www.garanteprivacy.it/web/garante-privacy-en/home_en,2026-07-30,accessible,200,0,text/html;charset=UTF-8,,"""aca2175b""",,100431,22274bf1577dd4ac594aefa3711abc9cf69b7d1d1254d9204fe7367857fee563,complete received body,initial baseline,not assessed,,true,,
LRS-EDCC9260C5BD39,Graduate Academy ombudsperson,https://www.graduateacademy.uni-heidelberg.de/beratung/ombudsperson_en.html,https://www.graduateacademy.uni-heidelberg.de/en/support/ombuds-program,2026-07-30,redirected-accessible,200,2,text/html; charset=utf-8,17758,,,125800,7e5792b7f9deeffbd7f42c3f8f0e5daa33abf0879da10cc1f0322ce023861de1,complete received body,initial baseline,human review required,,true,,redirect requires equivalence review
LRS-EDD5836B9DEA77,Paris Cite EDIS,https://u-pariscite.fr/ethique-deontologie-et-integrite-scientifique,https://u-pariscite.fr/ethique-deontologie-et-integrite-scientifique/,2026-07-30,redirected-accessible,200,1,text/html; charset=UTF-8,,,,400122,1680a63babc305e188ef4d6c1b6baf9659c6965883ee47abb71c61e258c85d0e,complete received body,initial baseline,human review required,,true,,redirect requires equivalence review
LRS-EDD8F7B2E67C23,DTU animal-experiment guidance,https://www.inside.dtu.dk/en/research/good-scientific-conduct/research-ethics/research-involving-animal-experiments,https://www.inside.dtu.dk/en/research/good-scientific-conduct/research-ethics/research-involving-animal-experiments,2026-07-30,http-error,404,0,text/html; charset=utf-8,163792,,,163792,252dd9f37127a535d68732b29a77931bbffeb7725a5e85d5d3467cea9f432dfc,complete received body,initial baseline,not assessed,,true,,HTTP 404
LRS-EDDE385C081DB0,LARI statute amended,https://lari.lu/wp-content/uploads/2025/10/LARI-Statute-amended-17-September-2025.pdf,https://lari.lu/wp-content/uploads/2025/10/LARI-Statute-amended-17-September-2025.pdf,2026-07-30,accessible,200,0,application/pdf,227021,"""68ee7758-376cd""","Tue, 14 Oct 2025 16:16:24 GMT",227021,835ea8f5df4420f623b84e48edfa2d4c81783435f13f458a9367354166ea298f,complete received body,initial baseline,not assessed,,true,,
LRS-EE0440DA4A53B1,RISEBA documents,https://riseba.lv/en/about-us/documents,https://riseba.lv/en/about-us/documents/,2026-07-30,redirected-accessible,200,1,text/html; charset=UTF-8,,,,75629,e8ecb730ef3a51ec49366102306eae390917e197f05fa497a0f6f790680b89cf,complete received body,initial baseline,human review required,,true,,redirect requires equivalence review
LRS-EE06701AF3E1A3,Act on Scientific Research in the Health Sector No. 44/2014,https://www.government.is/library/04-Legislation/Health%20Sector%20Research%20Act%20No%2044%202014%20as%20amended%202019.pdf,https://www.government.is/library/04-Legislation/Health%20Sector%20Research%20Act%20No%2044%202014%20as%20amended%202019.pdf,2026-07-30,accessible,200,0,application/pdf,226658,"""N7dLEB1t0xnlcDqV9idUCvaM/YYt3/XXAsUCPNdBoRw=""","Fri, 07 Nov 2025 16:59:43 GMT",226658,37b74b101d6dd319e5703a95f627540af68cfd862ddff5d702c5023cd741a11c,complete received body,initial baseline,not assessed,,true,,
LRS-EE1F98C306DC3F,Research Ethics FAQs,https://www.um.edu.mt/research/ethics/faqs,https://www.um.edu.mt/research/ethics/faqs/,2026-07-30,redirected-accessible,200,1,text/html,39550,"""23c0a-6574483a06e19-gzip""","Thu, 23 Jul 2026 10:13:57 GMT",146442,8eba19bbf8b81f30f7039e46317296a69b60dd08ca7e6a442681bbeee2e1449c,complete received body,initial baseline,human review required,,true,,redirect requires equivalence review
LRS-EE5E52873FD5FA,JCU Ethics Commission minutes 20 August 2025,https://www.jcu.cz/images/UNIVERZITA/organy/eticka-komise-ju/2025/zapis-z-jednani-ek-ju-20-8-2025.pdf,https://www.jcu.cz/images/UNIVERZITA/organy/eticka-komise-ju/2025/zapis-z-jednani-ek-ju-20-8-2025.pdf,2026-07-30,accessible,200,0,application/pdf,130778,"""68b972aa-1feda""","Thu, 04 Sep 2025 11:06:18 GMT",130778,49576054157aff7030772b589c4fb1b6f6bab06734ce9a70d24a7768da1bd660,complete received body,initial baseline,not assessed,,true,,
LRS-EEB0B10718E596,Animal Welfare Committee,https://mef.unizg.hr/en/znanost-2/eticka-povjerenstva/povjerenstvo-za-dobrobit-zivotinja,https://mef.unizg.hr/en/znanost-2/eticka-povjerenstva/povjerenstvo-za-dobrobit-zivotinja/,2026-07-30,redirected-accessible,200,1,text/html; charset=UTF-8,,,,69617,c49c0512bfd7d788b1bf91629ce600c41bfca2e67ddd6eb3d0d10ff673de652d,complete received body,initial baseline,human review required,,true,,redirect requires equivalence review
LRS-EEBFCE1EFE10DC,Ministry of Science and Innovation,https://nitra.gov.rs/en/nauka/nauka-i-istrazivanje-u-srbiji,https://nitra.gov.rs/en/nauka/nauka-i-istrazivanje-u-srbiji,2026-07-30,accessible,200,0,text/html; charset=utf-8,,,"Thu, 30 Jul 2026 19:10:09 GMT",108097,546e8a2378c3b8a81749829c97c54bfa88c53fb5feaf9218c11f142221695145,complete received body,initial baseline,not assessed,,true,,
LRS-EECB4F2A63FA28,POL-on legal basis page,https://polon.nauka.gov.pl/en/faq/legal-basis,https://polon.nauka.gov.pl/en/faq/legal-basis/,2026-07-30,redirected-accessible,200,1,text/html; charset=UTF-8,6064,,,21267,737299ce4991129f1d601f925263232248762aec666a822080dc4ee5ecf4aea9,complete received body,initial baseline,human review required,,true,,redirect requires equivalence review
LRS-EECE52E78BE6F5,NKUA EHDE term activity report,https://hub.uoa.gr/apologismos-thiteias-tis-epitropis-ithikis-kai-deontologias-tis-erevnas-tou-panepistimiou-athinon,https://hub.uoa.gr/apologismos-thiteias-tis-epitropis-ithikis-kai-deontologias-tis-erevnas-tou-panepistimiou-athinon/,2026-07-30,redirected-accessible,200,1,text/html; charset=UTF-8,26139,,,137973,cc0ff284baa5cb24eaf53ed32eabb184348d7ba330eea1e553553e35e1b5a5e7,complete received body,initial baseline,human review required,,true,,redirect requires equivalence review
LRS-EEF34D6619BAD9,Finnish Code of Conduct for Research Integrity 2023,https://tenk.fi/en/news/ri-2023-guideline-published-three-languages,https://tenk.fi/en/news/ri-2023-guideline-published-three-languages,2026-07-30,accessible,200,0,text/html; charset=UTF-8,,,,29987,8ac48fe88da286d72385c691e0e6769a26137132813eb65e3ddd724afbe46cf3,complete received body,initial baseline,not assessed,,true,,
LRS-EEFAC9345D0E57,Activities of the CAS Ombudsperson,https://www.avcr.cz/en/about-us/cas-structure/CAS-ombudsperson/ombudspersons-activities,https://www.avcr.cz/en/about-us/cas-structure/CAS-ombudsperson/ombudspersons-activities,2026-07-30,accessible,200,0,text/html;charset=UTF-8,56029,,"Thu, 30 Jul 2026 19:10:08 GMT",56029,0ab38dd0fd380910fb596f98877649b1de2885ce333eb730a775368f3243e0c8,complete received body,initial baseline,not assessed,,true,,
LRS-EF1650973B596E,IRB organization page,https://www.irb.hr/O-IRB-u/Organizacija,https://www.irb.hr/O-IRB-u/Organizacija,2026-07-30,accessible,200,0,text/html; charset=UTF-8,,,,42979,a53a19e91ea12b5d159640cc81289fc0ed403d322f0012bd43937c4d5a0120a2,complete received body,initial baseline,not assessed,,true,,
LRS-EF24F1EE4CE421,Tilburg Research Integrity Committee,https://www.tilburguniversity.edu/about/conduct-and-integrity/scientific-integrity/committee,https://www.tilburguniversity.edu/about/conduct-and-integrity/scientific-integrity/committee,2026-07-30,accessible,200,0,text/html; charset=UTF-8,,,"Thu, 30 Jul 2026 19:10:08 GMT",46589,984574594187de33268f864e1ee97824c629bcbf6cc7170c082e87912a13d4d9,complete received body,initial baseline,not assessed,,true,,
LRS-EF2C0AE10485AF,Code of Academic Integrity,https://www.kg.ac.rs/eng/KODEKS_AKADEMSKOG_INTEGRITETA_ENG_10102016.pdf,https://en.kg.ac.rs/KODEKS_AKADEMSKOG_INTEGRITETA_ENG_10102016.pdf,2026-07-30,network-error,,1,,,,,0,,none,initial unavailable baseline,not assessed,,true,fetch failed,network access failed
LRS-EF89740C8F0657,EOF clinical studies page,https://www.eof.gr/en/%CE%BA%CE%BB%CE%B9%CE%BD%CE%B9%CE%BA%CE%AD%CF%82-%CE%B4%CE%BF%CE%BA%CE%B9%CE%BC%CE%AD%CF%82,https://www.eof.gr/en/%CE%BA%CE%BB%CE%B9%CE%BD%CE%B9%CE%BA%CE%AD%CF%82-%CE%B4%CE%BF%CE%BA%CE%B9%CE%BC%CE%AD%CF%82/,2026-07-30,redirected-accessible,200,1,text/html; charset=utf-8,41149,,,146227,b77703f6b0d36a6d0e8646fb4af4cad807b796eddf665c21f1270351b2155536,complete received body,initial baseline,human review required,,true,,redirect requires equivalence review
LRS-EF995CCCCE6A56,Vojvodina Secretariat entry point,https://www.vojvodina.gov.rs/en/sitemap,https://www.vojvodina.gov.rs/en/sitemap,2026-07-30,accessible,200,0,text/html; charset=utf-8,,"""26948-4Ipsu9C9IXlFc4/Gg5M3jv5LDpw""",,158024,799faa047fc83e70dbc514c18ecd14b7de6db08f856c87ac01f393b7fff1ee83,complete received body,initial baseline,not assessed,,true,,
LRS-EFA379C2E6A9F5,Connected institutions,https://www.vcwi.be/nl/aangesloten-instellingen,https://www.vcwi.be/nl/aangesloten-instellingen,2026-07-30,accessible,200,0,text/html; charset=utf-8,,,,21313,c9574f8722dd2b21b2636f82fca4e58f9f9285d6f6b0890fa7c5fd28d3cb6609,complete received body,initial baseline,not assessed,,true,,
LRS-EFB965E61138CE,EPFL ordinance on suspected scientific misconduct,https://www.epfl.ch/about/overview/wp-content/uploads/2019/09/3.3.3_probite_scientifique_en.pdf,https://www.epfl.ch/about/overview/wp-content/uploads/2019/09/3.3.3_probite_scientifique_en.pdf,2026-07-30,accessible,200,0,application/pdf,151990,"""67fcaa0d-251b6""","Mon, 14 Apr 2025 06:24:13 GMT",151990,cad8afe0e92abdb9c8b9513579703b2edb574463dd911d436e9ab12faed5b8a7,complete received body,initial baseline,not assessed,,true,,
LRS-EFC6A7BA9984B8,KTU Code of Academic Ethics,https://en.ktu.edu/documents/code-of-academic-ethics,https://en.ktu.edu/documents/code-of-academic-ethics/,2026-07-30,redirected-accessible,200,1,text/html; charset=UTF-8,,,,81847,86fdcdee2c8b87ba56fc8b584eb7339bf27bfcb3b4107e631ce4179902b86840,complete received body,initial baseline,human review required,,true,,redirect requires equivalence review
LRS-F01BBFA735DF31,Granskingsutvalget statements archive,https://www.forskningsetikk.no/om-oss/komiteer-og-utvalg/granskingsutvalget/uttalelser,https://www.forskningsetikk.no/om-oss/komiteer-og-utvalg/granskingsutvalget/uttalelser,2026-07-30,accessible,200,0,text/html; charset=utf-8,,,,30078,88e2e443e56777cc79412e257d5531d53d4c4392dc1bfd8b5b2ad90d7198621b,complete received body,initial baseline,not assessed,,true,,
LRS-F039D75688B3C9,Bioethics.gov.cy,https://www.bioethics.gov.cy/moh/cnbc/cnbc.nsf/page11_en/page11_en?OpenDocument=,https://www.gov.cy/bioethics/,2026-07-30,http-error,403,1,text/html,,,,7942,fc64677235d0daca9e25b15abe136ce1e1654c8d1ae3b741401ebc4cef5fef18,complete received body,initial baseline,human review required,,true,,redirect requires equivalence review | HTTP 403
LRS-F052CD3F435054,UEFISCDI consultative councils page,https://uefiscdi.gov.ro/consilii-consultative-cdi,https://uefiscdi.gov.ro/consilii-consultative-cdi,2026-07-30,accessible,200,0,text/html; charset=UTF-8,137918,,,137918,c2e0742cd0eb24bf055d350dde231c1f0462881fff56abbb55cf25b932a8b567,complete received body,initial baseline,not assessed,,true,,
LRS-F05B1D379AA258,OWID contact page,https://ombudsgremium.de/kontakt-2,https://ombudsgremium.de/kontakt-2/,2026-07-30,redirected-accessible,200,1,text/html; charset=UTF-8,,,,431874,8de543b3b23191617bbb915d5502727d4f30208e735aed7e94348165784b557e,complete received body,initial baseline,human review required,,true,,redirect requires equivalence review
LRS-F06C8D50234784,National Strategy for Open Science 2021-2028,https://otvorenaveda.cvtisr.sk/narodna-strategia-otvorenej-vedy,https://otvorenaveda.cvtisr.sk/narodna-strategia-otvorenej-vedy/,2026-07-30,redirected-accessible,200,1,text/html; charset=UTF-8,,,,119068,4a153f7e22eb4f5fa9fac914defbe26ba7d3e599c6bcad1ff5c8276d1404b37d,complete received body,initial baseline,human review required,,true,,redirect requires equivalence review
LRS-F07EB85894293E,Academic Integrity Committee,https://www.organisatiegids.universiteitleiden.nl/en/university-committees/academic-integrity-committee,https://www.organisatiegids.universiteitleiden.nl/en/university-committees/academic-integrity-committee,2026-07-30,network-error,,0,,,,,0,,none,initial unavailable baseline,not assessed,,true,fetch failed,network access failed
LRS-F09D1CE0F2B761,TUKEB page,https://ett.okfo.gov.hu/tukeb,https://ett.okfo.gov.hu/tukeb/,2026-07-30,redirected-accessible,200,1,text/html; charset=UTF-8,24708,,,96512,e185ff423497e27ab708299cca7be3b6fa8e6e03adeeb020bf4e8508e60fbf95,complete received body,initial baseline,human review required,,true,,redirect requires equivalence review
LRS-F0AC18F5E4A59F,LIH Quality Framework for Doctoral Training,https://files.lih.lu/research-support-service/doctoral-training/LIH-QFDT-complete-version.pdf,https://files.lih.lu/research-support-service/doctoral-training/LIH-QFDT-complete-version.pdf,2026-07-30,accessible,200,0,application/pdf,382372,"""5d5a4-522c80cc63d84""","Fri, 23 Oct 2015 16:24:46 GMT",382372,1ea32977d2697ad1488690970aea2ae19ede5560b718b7d2b151b5fe6a5ef71d,complete received body,initial baseline,not assessed,,true,,
LRS-F0C22581B898E9,"Npof annual report records 32 matters, 42 decisions and 11 misconduct findings",https://npof.se/en/about-us/publications,https://npof.se/en/about-us/publications,2026-07-30,network-error,,0,,,,,0,,none,initial unavailable baseline,not assessed,,true,fetch failed,network access failed
LRS-F0CC37B481B734,AAK foreign scientific-degree recognition database,https://aak.gov.az/academic_degree,https://aak.gov.az/academic_degree,2026-07-30,accessible,200,0,text/html; charset=UTF-8,,,,121612,b654562138b8b6252b0593a1121a74016f1593fb3db986221bc8c5ee469e9c16,complete received body,initial baseline,not assessed,,true,,
LRS-F0FD346F42E01D,UNL TU/e case publication 2020,https://www.universiteitenvannederland.nl/files/publications/2020%20%20TUe%20%20Plagiaat%2C%20niet%20corrigeren%20van%20fouten%20in%20eigen%20gepubliceerde%20artikel%2C%20overnemen%20van%20resultaten%20van%20collega-onderzoekers%20zonder%20toestemming%2C%20en%20mach.pdf,https://www.universiteitenvannederland.nl/files/publications/2020%20%20TUe%20%20Plagiaat%2C%20niet%20corrigeren%20van%20fouten%20in%20eigen%20gepubliceerde%20artikel%2C%20overnemen%20van%20resultaten%20van%20collega-onderzoekers%20zonder%20toestemming%2C%20en%20mach.pdf,2026-07-30,accessible,200,0,application/pdf,168742,"""652d45ea-29326""","Mon, 16 Oct 2023 14:17:14 GMT",168742,dc3e5cba9129f0e21ae76ae69dd892ea9409304cd98d8ab433c85d44aff94992,complete received body,initial baseline,not assessed,,true,,
LRS-F119C7D07AED30,CPB: planning bureaus have a CWI,https://www.cpb.nl/planbureaus-hebben-commissie-wetenschappelijke-integriteit,https://www.cpb.nl/planbureaus-hebben-commissie-wetenschappelijke-integriteit,2026-07-30,http-error,404,0,text/html; charset=UTF-8,,"""1785438613""","Thu, 30 Jul 2026 19:10:13 GMT",82005,44d8907e52fbeec64f9380b039998b462034d47d414f8716fcd12e508763f5e5,complete received body,initial baseline,not assessed,,true,,HTTP 404
LRS-F127CEC0A04551,LIST commitments and ethics,https://www.list.lu/en/institute/who-we-are/our-commitments,https://www.list.lu/en/institute/who-we-are/our-commitments,2026-07-30,http-error,404,0,text/html; charset=utf-8,,,,35511,bb5ee4c2eba2b01233fb3f9773be6c463c4dc9a2d19aa6836b229bdd51bac8c5,complete received body,initial baseline,not assessed,,true,,HTTP 404
LRS-F13A67832DA6E8,Netherlands Code of Conduct for Research Integrity,https://www.nwo-i.nl/en/nwo-i-themes/research-integrity/netherlands-code-of-conduct-for-research-integrity,https://connect.surfconext.nl/saml2/authenticate?registrationId=oidcng,2026-07-30,redirected-accessible,200,3,text/html;charset=UTF-8,,,,3062,2e14f1b90cc196d40babd185e3b769c84945cf5b374ee1a11cfaf5e66eb44fb4,complete received body,initial baseline,human review required,,true,,redirect requires equivalence review
LRS-F140279B5493BD,MON Attestation Board decisions 3 July 2025,https://mon.gov.ua/news/atestatsiina-kolehiia-mon-provela-cherhove-zasidannia-ukhvaleno-nyzku-vazhlyvykh-rishen,https://mon.gov.ua/news/atestatsiina-kolehiia-mon-provela-cherhove-zasidannia-ukhvaleno-nyzku-vazhlyvykh-rishen,2026-07-30,http-error,403,0,text/html; charset=UTF-8,,,,5958,e0b9eb9402eea78bce64733f9105e311d654624c33868ffedbdfdf58fcebd331,complete received body,initial baseline,not assessed,,true,,HTTP 403
LRS-F187C76F972665,STU ethics committee regulations,https://www.stuba.sk/sk/stu/akademicke-a-samospravne-organy/eticka-komisia-stu/predpisy.html?page_id=14369,https://www.stuba.sk/sk/stu/akademicke-a-samospravne-organy/eticka-komisia-stu/predpisy.html?page_id=14369,2026-07-30,accessible,200,0,text/html; charset=UTF-8,,,,224665,4a0699ca0b9552d32d33992ccf14d210371eb101045247fbbd88ae05fc78bce0,complete received body,initial baseline,not assessed,,true,,
LRS-F1A4137C9B1132,UKRI good research practice policy,https://www.ukri.org/publications/ukri-policy-on-the-governance-of-good-research-practice/policy-on-the-governance-of-good-research-practice,https://www.ukri.org/publications/ukri-policy-on-the-governance-of-good-research-practice/policy-on-the-governance-of-good-research-practice/,2026-07-30,redirected-accessible,200,1,text/html; charset=UTF-8,30591,,,124543,6fffde275eb802027b9ed4bce9fe76ad25e9e82d8b62bd51b6f20762dc963eb3,complete received body,initial baseline,human review required,,true,,redirect requires equivalence review
LRS-F1ADEA66BD959F,AGEPI inventions and patents,https://agepi.gov.md/en/inventions/information-inventions-and-patents,https://agepi.gov.md/en/inventions/information-inventions-and-patents,2026-07-30,accessible,200,0,text/html; charset=utf-8,,"""1785438613-1""","Thu, 30 Jul 2026 19:10:13 GMT",55385,245ac3f8ef8d6440c358d29492aa841c591785148765ec5db1368cf8fde5caa0,complete received body,initial baseline,not assessed,,true,,
LRS-F1E909C1C7C136,Data Protection Authority activity reports,https://www.datenschutzstelle.li/ueber-uns/taetigkeitsberichte,https://www.datenschutzstelle.li/ueber-uns/taetigkeitsberichte,2026-07-30,accessible,200,0,text/html; charset=UTF-8,,,,35309,de08d18ee20fb747a7455c1f2d3486a8b87a7c0c1ae563427467bf2d63d15430,complete received body,initial baseline,not assessed,,true,,
LRS-F2171883715B16,MCAST ARIC ethics and integrity workshop,https://mcast.edu.mt/2024/02/01/aric-organises-ethics-and-integrity-workshops,https://mcast.edu.mt/2024/02/01/aric-organises-ethics-and-integrity-workshops/,2026-07-30,redirected-accessible,200,1,text/html; charset=UTF-8,25563,,,110767,2f7288b4f00093ee62ef247dbe027d46313e94fdabb44782e76ec2fcdd22e2e2,complete received body,initial baseline,human review required,,true,,redirect requires equivalence review
LRS-F27D0A4440D864,Academic ethics commission,https://artstudies.bg/?lang=en&page_id=11774,https://artstudies.bg/?lang=en&page_id=11774,2026-07-30,accessible,200,0,text/html; charset=UTF-8,,,,60295,4a005f000c65caa0f4fd7c6f0e92d919a6b2afd339f24f8862a5201b67540984,complete received body,initial baseline,not assessed,,true,,
LRS-F2841FFA11FDA8,SQE article on self-assessment and accreditation,https://sqe.gov.ua/en/self-assessment-and-accreditation-of-educational-and-professional-programs-in-professional-pre-higher-education-practical-aspects,https://sqe.gov.ua/en/self-assessment-and-accreditation-of-educational-and-professional-programs-in-professional-pre-higher-education-practical-aspects,2026-07-30,http-error,403,0,text/html; charset=UTF-8,,,,6053,f49b617cc400b8db46598f712f13a81d0b2c2dcfbbd3abac2391bfe768042454,complete received body,initial baseline,not assessed,,true,,HTTP 403
LRS-F28D4F45386ABE,EUR regulations and guidelines,https://www.eur.nl/en/about-eur/policy-and-regulations/regulations-and-guidelines/general,https://www.eur.nl/en/about-university/policy-and-regulations/regulations-and-guidelines/general,2026-07-30,redirected-accessible,200,1,text/html; charset=UTF-8,,"W/""1785438252-gzip""","Thu, 30 Jul 2026 19:04:12 GMT",153104,dcb139fe699f39ac6fddecd2154af72bc4aa02ceb7713f03f85ae7e4cc21f002,complete received body,initial baseline,human review required,,true,,redirect requires equivalence review
LRS-F2C1BEE65BCFB8,Ofis installed,https://www.hceres.fr/fr/dossiers-et-communiques/installation-de-loffice-francais-dintegrite-scientifique,https://www.hceres.fr/fr/dossiers-et-communiques/installation-de-loffice-francais-dintegrite-scientifique,2026-07-30,http-error,404,0,text/html; charset=UTF-8,,"""1785438615""","Thu, 30 Jul 2026 19:10:15 GMT",39742,7b1c2673177b19ffb294fe8d2db98c248745092ea49993759db26a6383b741e1,complete received body,initial baseline,not assessed,,true,,HTTP 404
LRS-F2CF98968EB76D,"UL ethics opinion for scientists, doctoral and residency students",https://www.lu.lv/en/science/research-support/research-ethics/ethics-committee-opinion-on-research-conducted-by-scientists-doctoral-and-residency-students,https://www.lu.lv/en/science/research-support/research-ethics/ethics-committee-opinion-on-research-conducted-by-scientists-doctoral-and-residency-students,2026-07-30,accessible,200,0,text/html; charset=utf-8,12225,"""22fefbd5e1829996f509014b7389925e-gzip""",,68957,2b6f4aa9e7d9b86d0c45ea5483d4ae69372d7d5d8c9a6a83a3e8eb910dd4b841,complete received body,initial baseline,not assessed,,true,,
LRS-F2F590FD859278,Bioetica Andalucia CEI category,https://www.bioetica-andalucia.es/categoria-de-normativa/comite-cei,https://www.bioetica-andalucia.es/categoria-de-normativa/comite-cei,2026-07-30,http-error,500,0,application/json; charset=UTF-8,,,,143,b5df7d0476c99179f1f99183ea4335fc781add2139987742e59dd9055dcc1e93,complete received body,initial baseline,not assessed,,true,,HTTP 500
LRS-F2FEF99327BE73,RIF evaluator guide,https://iris.research.org.cy/file/public/0cdc0178-02d4-ef11-81a9-005056ab00f0,https://iris.research.org.cy/file/public/0cdc0178-02d4-ef11-81a9-005056ab00f0,2026-07-30,accessible,200,0,application/pdf; charset=utf-8,182155,,,182155,e32154d8ef223bed9a7c72d8fdfc583907412717d077737f97e17bd9a05060e2,complete received body,initial baseline,not assessed,,true,,
LRS-F366AAAEA0EB20,Guidelines PDF,https://www.uniroma1.it/sites/default/files/field_file_allegati/linee_guida_integrita_della_ricerca_web.pdf,https://www.uniroma1.it/sites/default/files/field_file_allegati/linee_guida_integrita_della_ricerca_web.pdf,2026-07-30,accessible,200,0,application/pdf,586547,"""8f333-647c92377a1f5""","Wed, 07 Jan 2026 09:44:29 GMT",586547,0222744fb0f2ad6c5d2838300f0c63605effb702acbd874242e33707ae7133a5,complete received body,initial baseline,not assessed,,true,,
LRS-F37051E21EC25F,Mandatory documents PDF,https://en.uw.edu.pl/wp-content/uploads/2024/03/list-of-mandatory-documents-for-applicants.pdf,https://en.uw.edu.pl/wp-content/uploads/2024/03/list-of-mandatory-documents-for-applicants.pdf,2026-07-30,accessible,200,0,application/pdf,108570,"""1a81a-6148b1b1500fb""","Tue, 26 Mar 2024 07:19:07 GMT",108570,ebae8dbf47efd26539418f8e1eb0530632aea04726391cf24772a1ce2f9bff84,complete received body,initial baseline,not assessed,,true,,
LRS-F383495D60D506,ARIS annual report 2025,https://www.aris-rs.si/sl/finan/letpor/25/inc/Revidirano-Letno-porocilo-ARIS-2025.pdf,https://www.aris-rs.si/sl/finan/letpor/25/inc/Revidirano-Letno-porocilo-ARIS-2025.pdf,2026-07-30,http-error,404,0,text/html; charset=UTF-8,,,,129360,1e7e276ad9406b25f4ae1b8c804d90fe51708737579ab6696ca4f205b97b1db4,complete received body,initial baseline,not assessed,,true,,HTTP 404
LRS-F38CE062275B12,OU complaints regulation 2023,https://www.ou.nl/documents/40554/188658/20230501_SVW_U2023_1578-1_Klachtenregeling_WI_Open_Universiteit.pdf,https://www.ou.nl/documents/40554/188658/20230501_SVW_U2023_1578-1_Klachtenregeling_WI_Open_Universiteit.pdf,2026-07-30,accessible,200,0,application/pdf,,,"Mon, 11 Mar 2024 14:50:08 GMT",155243,9d6a6ddf5e3ebae59bddd38c25a4fdae26d63ad7da0d12dd9e40f5853e54e3e6,complete received body,initial baseline,not assessed,,true,,
LRS-F3AA1CB87B3BA6,About LOWI,https://lowi.nl/over-lowi,https://lowi.nl/over-lowi/,2026-07-30,redirected-accessible,200,1,text/html; charset=UTF-8,,,,54741,c507eb92b2b0c19ad753e72ad2098f7b2a93cefec1619f26e3fe50bea421cd1d,complete received body,initial baseline,human review required,,true,,redirect requires equivalence review
LRS-F3AE782EF82FEA,Leibniz good scientific practice and ombuds services,https://www.leibniz-gemeinschaft.de/en/about-us/leibniz-integrity/good-scientific-practice-and-ombuds-services,https://www.leibniz-gemeinschaft.de/en/about-us/leibniz-integrity/good-scientific-practice-and-ombuds-services,2026-07-30,accessible,200,0,text/html; charset=utf-8,11627,,,48203,19c7b25d872d9405ebbf48add222bdab1aea82052aabfa6e6970df6aea109e85,complete received body,initial baseline,not assessed,,true,,
LRS-F3C5DC25B2A9C7,TeB procedures,https://mta.hu/data/dokumentumok/english/background/teb_ugyrend_eng_20120611.pdf,https://mta.hu/data/dokumentumok/english/background/teb_ugyrend_eng_20120611.pdf,2026-07-30,accessible,200,0,application/pdf,117698,"""56bcf3ec-1cbc2""","Thu, 11 Feb 2016 20:49:48 GMT",117698,938f3377fc0ec55e123f4cadec5ed907f0d02a17771c2828093d6408d82f3d7b,complete received body,initial baseline,not assessed,,true,,
LRS-F3C70AD4132E3E,REK applicant page and public-register description,https://rekportalen.no/rek/hvordan-soke,https://rekportalen.no/rek/hvordan-soke/,2026-07-30,redirected-accessible,200,1,text/html; charset=UTF-8,,,,190503,15a1f25d254279b29e3e936b442e04ef0313d8c52c4e6423cd8c15bb9c0f515b,complete received body,initial baseline,human review required,,true,,redirect requires equivalence review
LRS-F40E109CB9D3AB,VAK GIS Nauka attestation orders,https://vak.gisnauka.ru/diplomas-npa-certificates-evidence/orders,https://vak.gisnauka.ru/diplomas-npa-certificates-evidence/orders,2026-07-30,network-error,,0,,,,,0,,none,initial unavailable baseline,not assessed,,true,fetch failed,network access failed
LRS-F41787F8D97174,DEC basics of ethics committees at clinical-trial sites,https://www.dec.gov.ua/materials/osnovy-diyalnosti-komisij-z-pytan-etyky-pry-likuvalno-profilaktychnyh-zakladah-v-yakyh-provodyatsya-klinichni-vyprobuvannya-likarskyh-zasobiv,https://www.dec.gov.ua/materials/osnovy-diyalnosti-komisij-z-pytan-etyky-pry-likuvalno-profilaktychnyh-zakladah-v-yakyh-provodyatsya-klinichni-vyprobuvannya-likarskyh-zasobiv,2026-07-30,network-error,,0,,,,,0,,none,initial unavailable baseline,not assessed,,true,fetch failed,network access failed
LRS-F4282981DAFA51,IMB Ethics Committee,https://imb.am/ethics-committee,https://imb.am/ethics-committee/,2026-07-30,redirected-accessible,200,1,text/html; charset=UTF-8,,,,95100,3f1e0bca161f674a2cd936ea6908e5858648300658586874b9886ed15ad13578,complete received body,initial baseline,human review required,,true,,redirect requires equivalence review
LRS-F438EDF90E25D3,Univerzitet u Sarajevu,https://www.unsa.ba/sites/default/files/inline-files/GEP%20UNSA_eng_final.pdf,https://www.unsa.ba/sites/default/files/inline-files/GEP%20UNSA_eng_final.pdf,2026-07-30,accessible,200,0,application/pdf,1384563,"""152073-5d5dc318099f8""","Tue, 18 Jan 2022 14:36:23 GMT",1000000,7ce01047b4b58ac2e91d0f7e911028f0f657d4915c5f03aa6816cfa8b746adb6,first 1000000 bytes,initial baseline,not assessed,,true,,
LRS-F441DEEC895282,WUT Statutes,https://eng.pw.edu.pl/content/download/5542/44756/file/Statutes%20of%20the%20Warsaw%20University%20Of%20Technology.pdf,https://eng.pw.edu.pl/content/download/5542/44756/file/Statutes%20of%20the%20Warsaw%20University%20Of%20Technology.pdf,2026-07-30,accessible,200,0,application/pdf,1356580,,,1000000,81ae950c1b1c946cc608701ffcee0761499077704e33fc4ef1612a4d799a50f5,first 1000000 bytes,initial baseline,not assessed,,true,,
LRS-F45A8213A53F26,Johannes Gutenberg University Mainz GWP order,https://gwp.uni-mainz.de/jgu-ordnung-zur-sicherung-gwp,https://gwp.uni-mainz.de/jgu-ordnung-zur-sicherung-gwp/,2026-07-30,redirected-accessible,200,1,text/html; charset=UTF-8,,,,278951,80f483c18fc85d756d3ae5ebf0d5299a481cd3a05753bf0674d847220473b20f,complete received body,initial baseline,human review required,,true,,redirect requires equivalence review
LRS-F474542E3DE7C9,Committee Scientific Integrity,https://www.uantwerpen.be/en/research/policy/ethics-integrity/ethics-committees-scientific-integrity/committee-scientific-integrity,https://www.uantwerpen.be/en/research/policy/ethics-integrity/ethics-committees-scientific-integrity/committee-scientific-integrity/,2026-07-30,redirected-accessible,200,2,text/html; charset=UTF-8,,,,19618,4405b9d6f7c2e4c46f723920707f3a277fb19a37c1c8679b0db8505bd5ca0883,complete received body,initial baseline,human review required,,true,,redirect requires equivalence review
LRS-F478BDDC177C4F,CAS Statutes,https://www.avcr.cz/en/about-us/legal-regulations/statutes-of-the-czech-academy-of-sciences,https://www.avcr.cz/en/about-us/legal-regulations/statutes-of-the-czech-academy-of-sciences,2026-07-30,accessible,200,0,text/html;charset=UTF-8,108712,,"Thu, 30 Jul 2026 19:10:18 GMT",108712,4d8f4c31c110e31a190c2be797d9f8c4b945d7f580cbf88f34418612546f893e,complete received body,initial baseline,not assessed,,true,,
LRS-F484495FC7615E,Analytical reviews,https://etikostarnyba.lt/en/analytical-reviews,https://etikostarnyba.lt/en/analytical-reviews/,2026-07-30,redirected-accessible,200,1,text/html,,,"Thu, 30 Jul 2026 13:39:26 GMT",176522,0ed86fbb5b2b20be2108a66e4ff3c7798ea5281071f556abd64f28a7d254e9be,complete received body,initial baseline,human review required,,true,,redirect requires equivalence review
LRS-F4B74047BD3D03,First NRECs established,https://www.nrecoffice.ie/research-ethics-a-to-z-series,https://www.nrecoffice.ie/research-ethics-a-to-z-series/,2026-07-30,redirected-accessible,200,1,text/html; charset=UTF-8,,,"Thu, 30 Jul 2026 11:37:38 GMT",456769,77ddc43fb7681224debdcfa9672208c2c67e1449fca326f24643fc121539fab7,complete received body,initial baseline,human review required,,true,,redirect requires equivalence review
LRS-F4BBB8EBE27F28,NEM guidelines and publications,https://www.forskningsetikk.no/en/guidelines/medical-and-health-research,https://www.forskningsetikk.no/en/guidelines/medical-and-health-research,2026-07-30,accessible,200,0,text/html; charset=utf-8,,,,14249,9ac288e2101aa5f3af0a174392e9314d4c076094a9625cde1d65e2dc29d1fd07,complete received body,initial baseline,not assessed,,true,,
LRS-F4DEC318573978,Research at UFL,https://www.ufl.li/en/research/research-at-ufl,https://www.ufl.li/en/research/research-at-ufl,2026-07-30,accessible,200,0,text/html; charset=utf-8,,,,72471,5d80ca6563940df9e52b5b89865c822d12a036b9d7fcdda15f58f46134deda51,complete received body,initial baseline,not assessed,,true,,
LRS-F4E00F6FF7ED31,Authority Sanitaria,https://www.gov.sm/pub1/GovSM/Authority-Sanitaria.html,https://www.gov.sm/pub1/GovSM/Authority-Sanitaria.html,2026-07-30,accessible,200,0,text/html;charset=UTF-8,4771,,"Thu, 30 Jul 2026 15:52:05 GMT",23841,0b02cde06ab7f7a35f33f25c677f95bcbc34da6b9fe66614209c5ecb1b78f8c5,complete received body,initial baseline,not assessed,,true,,
LRS-F4FA3F862F50F6,KAA Appeals Committee page,https://akreditimi.rks-gov.net/the-appeals-committee,https://akreditimi.rks-gov.net/the-appeals-committee/,2026-07-30,redirected-accessible,200,1,text/html; charset=UTF-8,12720,,,68801,2fd71f8fcf53faae15ee06a21284a1edbe7891737f2386d08cdaac40c675dc51,complete received body,initial baseline,human review required,,true,,redirect requires equivalence review
LRS-F533029ABE48F0,dipae.ac.cy,https://www.dipae.ac.cy/index.php/en/cyqaa-en/about-us-en,https://www.dipae.ac.cy/index.php/en/cyqaa-en/about-us-en,2026-07-30,accessible,200,0,text/html; charset=utf-8,,,"Thu, 30 Jul 2026 19:10:19 GMT",109087,9620b975a1ce9ef84b1546d46b2c7da5794df34e9c19d24b4f1a259409615ffb,complete received body,initial baseline,not assessed,,true,,
LRS-F533B5D3D8CE50,Research-integrity ombuds interview,https://ug.edu.pl/news/pl/1351/rzetelnie-transparentnie-w-poczuciu-podmiotowosci,https://ug.edu.pl/news/pl/1351/rzetelnie-transparentnie-w-poczuciu-podmiotowosci,2026-07-30,accessible,200,0,text/html; charset=UTF-8,10692,"""1785438619-gzip""","Thu, 30 Jul 2026 19:10:19 GMT",32359,18f8c4cec662532f68132686181cb389a8bf0918d6507734581b2e0fb4ac297f,complete received body,initial baseline,not assessed,,true,,
LRS-F53BFDE8FF47CD,Guidelines and Forms,https://sukl.gov.cz/en/ethic-committies/guidelines-and-forms-6,https://sukl.gov.cz/en/ethic-committies/guidelines-and-forms-6/,2026-07-30,redirected-accessible,200,1,text/html; charset=UTF-8,18453,,,101178,5debc05e069fb2e72fc17c1d7728779ad7e97d1a9bb1aa0fac96779a36c7ee90,complete received body,initial baseline,human review required,,true,,redirect requires equivalence review
LRS-F587D5C02803A3,ENRIO Netherlands country report,https://www.enrio.eu/country-reports/netherlands,https://www.enrio.eu/country-reports/netherlands/,2026-07-30,redirected-accessible,200,1,text/html; charset=UTF-8,12630,,,46349,00c8db959d9f5723c930da60e9534883ee48c8183014b53dcb1f66b88ff20e7d,complete received body,initial baseline,human review required,,true,,redirect requires equivalence review
LRS-F5978395562515,AZV CR research support,https://www.azvcr.cz/en/podpora-vyzkumu,https://www.azvcr.cz/podpora-vyzkumu/,2026-07-30,redirected-accessible,200,1,text/html; charset=UTF-8,,,,184983,32cceffc6837e54845c861e8d481fd4b9105e246212d21adae4a46da514498f9,complete received body,initial baseline,human review required,,true,,redirect requires equivalence review
LRS-F5CBC54F3D825C,EUC academic regulations,https://euc.ac.cy/de/academics/academic-regulations,https://euc.ac.cy/de/frankfurt/academics/academic-regulations/,2026-07-30,redirected-accessible,200,1,text/html; charset=UTF-8,,,"Thu, 30 Jul 2026 19:10:25 GMT",381140,a9003036242f765a7dc37d8ad5e278e6c185b59bdefea7faaee795b31b694c45,complete received body,initial baseline,human review required,,true,,redirect requires equivalence review
LRS-F5CBD7BFB3D560,Fribourg introduces compulsory scientific-integrity training components,https://www.unifr.ch/scimed/en/integrity,https://www.unifr.ch/scimed/en/integrity,2026-07-30,accessible,200,0,text/html; charset=UTF-8,,,,52860,86f06c487e5d7fbc8a7d92c9209da6667799e344f04f0e6ccceae0649affa7a3,complete received body,initial baseline,not assessed,,true,,
LRS-F5CD8ACC0197DE,ENRIO Austria country report,https://www.enrio.eu/country-reports/austria,https://www.enrio.eu/country-reports/austria/,2026-07-30,redirected-accessible,200,1,text/html; charset=UTF-8,12161,,,44601,bd91a7cfbd8551a00a9dcdbc5d837ed0cc7942fd32f698580acc70baa05d4a37,complete received body,initial baseline,human review required,,true,,redirect requires equivalence review
LRS-F5CFE1A8B1F575,Agency competencies,https://www.azlp.ba/o_agenciji/nadleznosti/default.aspx?id=459&langTag=en-US&template_id=149,https://www.azlp.ba/o_agenciji/nadleznosti/default.aspx?id=459&langTag=en-US,2026-07-30,http-error,302,6,text/html; charset=utf-8,188,,,188,878d9b44c46596718f32f99bba7b42f3ab2f5dd77c092561c2f3b87e09c2dac4,complete received body,initial baseline,human review required,,true,,redirect requires equivalence review | HTTP 302
LRS-F5D767212B6333,FFG ethics page,https://www.ffg.at/europa/ethik,https://www.ffg.at/europa/ethik,2026-07-30,accessible,200,0,text/html; charset=UTF-8,,,"Thu, 30 Jul 2026 19:10:24 GMT",164818,791940397bfd3ac977be1c9a41f821ea70d3d8b87eba5d4b1fce6a4ea63d6245,complete received body,initial baseline,not assessed,,true,,
LRS-F6036B13C73D72,KAA EQAR registration,https://akreditimi.rks-gov.net/kosovo-accreditation-agency-becomes-a-full-member-of-eqar,https://akreditimi.rks-gov.net/kosovo-accreditation-agency-becomes-a-full-member-of-eqar/,2026-07-30,redirected-accessible,200,1,text/html; charset=UTF-8,17026,,,102541,e359c82d850e1213322d5fce2198647dad8b0616009d6c19aad06a0ddfd48550,complete received body,initial baseline,human review required,,true,,redirect requires equivalence review
LRS-F63F962445576C,Multi-round call PDF,https://back.telethon.it/uploads/2024/01/Call-for-Telethon-Research-Projects_Multiround-21-24_IV-Round.pdf,https://back.telethon.it/uploads/2024/01/Call-for-Telethon-Research-Projects_Multiround-21-24_IV-Round.pdf,2026-07-30,accessible,200,0,application/pdf,711319,"""ada97-621ec7bca0c7e""","Thu, 12 Sep 2024 13:57:13 GMT",711319,bb15493b288fb338749c1e12892152d442418a98376af1a095c85b073dd814a9,complete received body,initial baseline,not assessed,,true,,
LRS-F64868A639661A,UKIM open science policy,https://ukim.edu.mk/wp-content/uploads/2022/05/open_science_policy_ukim_march_2022-en.pdf,https://ukim.edu.mk/wp-content/uploads/2022/05/open_science_policy_ukim_march_2022-en.pdf,2026-07-30,accessible,200,0,application/pdf,588527,"""8faef-61ce481db0640""","Wed, 10 Jul 2024 13:20:17 GMT",588527,1ca723ab37ce390cc2c5ab3043d41a043cef8fb80aba2ec699b5617968bd9403,complete received body,initial baseline,not assessed,,true,,
LRS-F64AA883BEA4C8,UP Prishtina,https://uni-pr.edu/page.aspx?id=2%2c38%2c1979,https://uni-pr.edu/page.aspx?id=2%2c38%2c1979,2026-07-30,accessible,200,0,text/html; charset=utf-8,,,,59927,d910e07f0a651a4ec1e66be417437de5cb1d7b00a6a8f03378bc38160193ca22,complete received body,initial baseline,not assessed,,true,,
LRS-F69A7B351E9428,ENQA CYQAA review 2024,https://www.dipae.ac.cy/archeia/ektheseis/alles_ektheseis/enqacyqaa_external_review_report2024.pdf,https://www.dipae.ac.cy/archeia/ektheseis/alles_ektheseis/enqacyqaa_external_review_report2024.pdf,2026-07-30,accessible,200,0,application/pdf,879153,,"Tue, 07 Jul 2026 08:20:53 GMT",879153,0f56455c67c503076004fb18dce9ba939f74073261cf608216711c2b98af763f,complete received body,initial baseline,not assessed,,true,,
LRS-F6B983B7448462,Horizon Europe project page,https://www.gouv.mc/Gouvernement-Princier/Actualites/Projet-Horizon-Europe,https://www.gouv.mc/actualites/Projet-Horizon-Europe,2026-07-30,http-error,404,1,text/html; charset=UTF-8,,,,1000000,0c14e0298fce7e12d0b1ed07eef7721d11653b76e4f25f183feb046cc8277601,first 1000000 bytes,initial baseline,human review required,,true,,redirect requires equivalence review | HTTP 404
LRS-F6C2EFBAD14FCF,Rules for the Research Practice Committee,https://medarbejdere.au.dk/fileadmin/www.medarbejdere.au.dk/Ansvarlig_forskningspraksis/Rules_for_the_Research_Practice_Committee270821.pdf,https://medarbejdere.au.dk/fileadmin/www.medarbejdere.au.dk/Ansvarlig_forskningspraksis/Rules_for_the_Research_Practice_Committee270821.pdf,2026-07-30,accessible,200,0,application/pdf,,"W/""268d9-5ca88bb30c044""","Fri, 27 Aug 2021 11:24:48 GMT",157913,8a40cca1304ed12f687308a994d0d9ab93a741a02235d483278de42f4e549574,complete received body,initial baseline,not assessed,,true,,
LRS-F6CB622A37F4DB,AAK dissertations and abstracts,https://aak.gov.az/avtoreferat,https://aak.gov.az/avtoreferat,2026-07-30,accessible,200,0,text/html; charset=UTF-8,,,,263389,0727a2605bb1fde2f85a22c9f1aff72860324a8aba3dac1b9b26b9e2c49a28e5,complete received body,initial baseline,not assessed,,true,,
LRS-F6DCEE4403AD44,Acts of the Science Fund,https://fondzanauku.gov.rs/acts-of-the-science-fund?lang=en,https://fondzanauku.gov.rs/acts-of-the-science-fund/?lang=en,2026-07-30,redirected-accessible,200,2,text/html; charset=UTF-8,,,,27883,cf5cf8eb2a210ea02399145a6534af1d9e40922310bd8c3094dff4ac090bd352,complete received body,initial baseline,human review required,,true,,redirect requires equivalence review
LRS-F74F5F343E1433,2017 TeB activity report trace,https://mta.hu/kozgyules2018/beszamolok-elfogadasaval-a-doktori-szabalyzat-modositasaval-folytatodott-a-kozgyules-108707,https://mta.hu/kozgyules2018/beszamolok-elfogadasaval-a-doktori-szabalyzat-modositasaval-folytatodott-a-kozgyules-108707,2026-07-30,accessible,200,0,text/html; charset=UTF-8,,,,55875,c833d4e08cd22d8c298e9007c11e736195c031e3cf245a08049cea86a8bb2480,complete received body,initial baseline,not assessed,,true,,
LRS-F75AE7FE504D7E,Danish National Committee on Health Research Ethics,https://www.videnskabsetik.dk/,https://www.videnskabsetik.dk/,2026-07-30,http-error,429,0,text/html; charset=utf-8,,,,33790,c95fe49c00442abfa19ebe778e50382217cd3a7f644dd00bdd60efd158bab2bc,complete received body,initial baseline,not assessed,,true,,HTTP 429
LRS-F76A7F89D7EA74,University of Thessaly EHDE competences page,https://ehde.uth.gr/%CE%91%CF%81%CE%BC%CE%BF%CE%B4%CE%B9%CF%8C%CF%84%CE%B7%CF%84%CE%B5%CF%82,https://ehde.uth.gr/%CE%91%CF%81%CE%BC%CE%BF%CE%B4%CE%B9%CF%8C%CF%84%CE%B7%CF%84%CE%B5%CF%82,2026-07-30,accessible,200,0,text/html; charset=UTF-8,39328,"""1784884514""","Fri, 24 Jul 2026 09:15:14 GMT",39328,5c2a890719eb3d59ed4753a299086659a099b9f669a29f15aa535a8907c92aa3,complete received body,initial baseline,not assessed,,true,,
LRS-F770D72D8B6489,TKTA accreditation reports,https://tkta.edu.az/p/akkreditasiya-hesabatlari,https://tkta.edu.az/az/p/akkreditasiya-hesabatlari,2026-07-30,http-error,404,1,text/html; charset=utf-8,,"""aggered6bw633""",,7887,7bd8f6c6464ed616c87e847156dfcc721d93fe45b8a54e4ffdbb83323d19703a,complete received body,initial baseline,human review required,,true,,redirect requires equivalence review | HTTP 404
LRS-F77E8D55718B5B,Higher Education Act,https://www.uhr.se/en/start/laws-and-regulations/Laws-and-regulations/The-Swedish-Higher-Education-Act,https://www.uhr.se/en/start/laws-and-regulations/Laws-and-regulations/The-Swedish-Higher-Education-Act,2026-07-30,accessible,200,0,text/html; charset=utf-8,128154,,,128154,a148c1910f7e9f2cf65a88dd1d8967004e144127d8290bcc2226b31e0c0b0e74,complete received body,initial baseline,not assessed,,true,,
LRS-F78D621BB5F44F,Fedlex RIPA,https://www.fedlex.admin.ch/eli/cc/2013/786/en,https://www.fedlex.admin.ch/eli/cc/2013/786/en,2026-07-30,accessible,200,0,text/html,77151,164416676,"Thu, 23 Jul 2026 19:16:53 GMT",77151,3e728a20465ed940d4fcd55a25d62eb329ee9e9be6de660967c2ee75f2090df7,complete received body,initial baseline,not assessed,,true,,
LRS-F78F235FF83526,TU Dublin Code of Conduct for Research,https://www.tudublin.ie/media/website/research/support-for-researchers/documents/TU-Dublin-Code-of-Conduct-for-Research.pdf,https://www.tudublin.ie/media/website/research/support-for-researchers/documents/TU-Dublin-Code-of-Conduct-for-Research.pdf,2026-07-30,accessible,200,0,application/pdf,511579,"""7ce5b-6414eedb6a728""","Thu, 16 Oct 2025 23:25:11 GMT",511579,7d5b38ace234e6155fda8b0ba518eb7a7ca45f8ac27d5199c6197042bf4e1dd2,complete received body,initial baseline,not assessed,,true,,
LRS-F79DC3F7F9C7F7,Animal experimentation telematic database,https://www.salute.gov.it/new/it/tema/prevenzione-e-controllo-malattie-degli-animali/banca-dati-telematica-della-sperimentazione,https://www.salute.gov.it/new/it/tema/prevenzione-e-controllo-malattie-degli-animali/banca-dati-telematica-della-sperimentazione,2026-07-30,accessible,200,0,text/html; charset=UTF-8,,,,12780,8935459b1a74d6bc03d0ecb84bb1757a33c7c92383abd9813e4913c6c10310f1,complete received body,initial baseline,not assessed,,true,,
LRS-F7A0827D3A429B,TUSEB adopts its AYEK regulation,https://files.tuseb.gov.tr/tuseb/files/mevzuat/2024-11-27-10-49-03.pdf,https://files.tuseb.gov.tr/tuseb/files/mevzuat/2024-11-27-10-49-03.pdf,2026-07-30,accessible,200,0,application/pdf,422851,"""673c3-627e2b6dfcf79""","Wed, 27 Nov 2024 10:49:04 GMT",422851,615523ad4ca1cab8ce63f89fbac23ac4726aced97b72c8157bd6d1e9c3c9a15f,complete received body,initial baseline,not assessed,,true,,
LRS-F7AFA102ECF5DB,CERS forms,https://bioetica.sm/modulistica-1,https://bioetica.sm/modulistica-1,2026-07-30,http-error,404,0,text/html; charset=UTF-8,,,,91602,1142d0ec567f32f53d425a0759c39747ace68e13213d0299937feafbabf23904,complete received body,initial baseline,not assessed,,true,,HTTP 404
LRS-F7C274BC8338B7,UP Faculty of Mechanical Engineering committees page,https://fim.uni-pr.edu/page.aspx?id=2%2C107,https://fim.uni-pr.edu/page.aspx?id=2%2C107,2026-07-30,accessible,200,0,text/html; charset=utf-8,,,,78559,0e4033c000c8155fe931df0fa748ac4b89bb9080dfc6f99f49a5c08d82a709ae,complete received body,initial baseline,not assessed,,true,,
LRS-F7C763726EFAC8,DFG Code of Conduct enters into force,https://www.dfg.de/en/basics-topics/basics-and-principles-of-funding/good-research-practice/code-of-conduct,https://www.dfg.de/en/basics-topics/basics-and-principles-of-funding/good-research-practice/code-of-conduct,2026-07-30,accessible,200,0,text/html;charset=UTF-8,25747,,,326213,7e26ffde305bc725d29966a67ed6b5c12ef41bd5a4ec4b5a689e8d3f133d4891,complete received body,initial baseline,not assessed,,true,,
LRS-F7CADB7F62D4A0,Office becomes a COPE member,https://etikostarnyba.lt/en/the-office-has-become-a-cope-member,https://etikostarnyba.lt/en/the-office-has-become-a-cope-member/,2026-07-30,redirected-accessible,200,1,text/html; charset=UTF-8,,,"Thu, 30 Jul 2026 19:10:35 GMT",170144,e20cf718474d1961c9c38d9950ead262ab88a72b64ba3848e489407870464c7b,complete received body,initial baseline,human review required,,true,,redirect requires equivalence review
LRS-F807A3AA6F82B4,Senior Dean research integrity page,https://www.tcd.ie/seniordean/research-integrity,https://www.tcd.ie/seniordean/research-integrity/,2026-07-30,redirected-accessible,200,1,text/html; charset=UTF-8,4896,"""46f6-6579715312b30-gzip""","Mon, 27 Jul 2026 12:44:27 GMT",18166,44c23fe08aa1f792428ba04af7f7e12fc689157e9a1ea8ad81d065254e1d563b,complete received body,initial baseline,human review required,,true,,redirect requires equivalence review
LRS-F809982511C7C3,Law on Higher Education PDF,https://masht.rks-gov.net/wp-content/uploads/2022/09/02-ligji-per-arsimin-e-larte-anglisht.pdf,https://mash.rks-gov.net/,2026-07-30,redirected-accessible,200,1,text/html; charset=UTF-8,49627,,"Thu, 30 Jul 2026 12:39:31 GMT",296151,36dd14a14f566635b78e63aa5b188fb12737490e29c91f8520dbcb2aa5c7a9d7,complete received body,initial baseline,human review required,,true,,redirect requires equivalence review
LRS-F83B6C6D2E06AC,NTUA EHDE regulation PDF,https://www.elke.ntua.gr/wp-content/uploads/2019/11/%CE%9A%CE%B1%CE%BD%CE%BF%CE%BD%CE%B9%CF%83%CE%BC%CE%BF%CC%81%CF%82-%CE%95%CE%97%CE%94%CE%95.pdf,https://www.elke.ntua.gr/wp-content/uploads/2019/11/%CE%9A%CE%B1%CE%BD%CE%BF%CE%BD%CE%B9%CF%83%CE%BC%CE%BF%CC%81%CF%82-%CE%95%CE%97%CE%94%CE%95.pdf,2026-07-30,accessible,200,0,application/pdf,271920,"""42630-5965fd65c8380""","Sat, 02 Nov 2019 16:47:26 GMT",271920,1dba556181275a55ff31974b04f1034228cbc41cca42d121b0acaa1debb9e342,complete received body,initial baseline,not assessed,,true,,
LRS-F83CAAFB430DDF,Swedish Medical Products Agency clinical trials route,https://www.lakemedelsverket.se/en/permission-approval-and-control/clinical-trials/medicinal-products-for-human-use/clinical-trials-regulation-eu-536-2014/from-start-to-outcome-of-clinical-trials-according-to-regulation-536-2014,https://www.lakemedelsverket.se/en/permission-approval-and-control/clinical-trials/medicinal-products-for-human-use/clinical-trials-regulation-eu-536-2014/from-start-to-outcome-of-clinical-trials-according-to-regulation-536-2014,2026-07-30,accessible,200,0,text/html; charset=utf-8,,,,200831,d85168885091e3bf7015cf74a0f808fefe13467320ce0b542ee09e2184019b67,complete received body,initial baseline,not assessed,,true,,
LRS-F84A8FD721A9EA,ASCCA Open Science Policy,https://ascca.gov.az/en/pages/open_science_policy,https://ascca.gov.az/en/pages/open_science_policy,2026-07-30,accessible,200,0,text/html; charset=UTF-8,,,,62241,64c4d4b80c0f5e698b7904efce45becd78042aa8485333ab2e75ad10e62feea3,complete received body,initial baseline,not assessed,,true,,
LRS-F8777574A1EF8E,ANCD / NARD founded,https://ancd.gov.md/en/content/nard,https://ancd.gov.md/en/content/nard,2026-07-30,accessible,200,0,text/html; charset=UTF-8,,"W/""1785397644""","Thu, 30 Jul 2026 07:47:24 GMT",111719,6f51507708bc8a6712c404e12bf17c7d47afa96a0719862ea11b8bd15cf17d89,complete received body,initial baseline,not assessed,,true,,
LRS-F88073C6CD36F4,Data Sharing Agreement LARI - member organisations,https://lari.lu/wp-content/uploads/2025/02/Data-Sharing-Agreement-LARI-Member-Organizations-signed.pdf,https://lari.lu/wp-content/uploads/2025/02/Data-Sharing-Agreement-LARI-Member-Organizations-signed.pdf,2026-07-30,accessible,200,0,application/pdf,986225,"""67a4ae52-f0c71""","Thu, 06 Feb 2025 12:42:58 GMT",986225,571882e4c4586ec34dea35d14eb63abb724c73f90804d902fb8f267f5b29fde5,complete received body,initial baseline,not assessed,,true,,
LRS-F8876A20650424,ANMDMR clinical and device pages,https://www.anm.ro/medicamente-de-uz-uman/studii-clinice,https://www.anm.ro/medicamente-de-uz-uman/studii-clinice/,2026-07-30,redirected-accessible,200,1,text/html; charset=UTF-8,20150,,,110452,b8fc206da45c9a7f97c6d217b554bda1fde51fdf7cd2c5cf2ec19887d1864d62,complete received body,initial baseline,human review required,,true,,redirect requires equivalence review
LRS-F8939736DAB592,VH format publication complaints on website,https://www.vereniginghogescholen.nl/system/knowledge_base/attachments/files/000/001/356/original/Format_publicatie_klachten_op_VH_website.pdf?1670590122=,https://www.vereniginghogescholen.nl/system/knowledge_base/attachments/files/000/001/356/original/Format_publicatie_klachten_op_VH_website.pdf?1670590122=,2026-07-30,accessible,200,0,application/pdf,172449,"""63932eaa-2a1a1""","Fri, 09 Dec 2022 12:48:42 GMT",172449,d9f45c398eaf5742dca92a515e90f83115b8a468972d1302f317b7093c3b6da3,complete received body,initial baseline,not assessed,,true,,
LRS-F8952566238EBC,CNBC mission,https://www.bioethics.gov.cy/moh/cnbc/cnbc.nsf/page11_en/page11_en?OpenDocument=&print=,https://www.gov.cy/bioethics/,2026-07-30,http-error,403,1,text/html,,,,7843,29aeb995328f5b8b8175eb43fd369b8982bd37422a8365f86a9dd77bc4cc94d1,complete received body,initial baseline,human review required,,true,,redirect requires equivalence review | HTTP 403
LRS-F8A54EB6136FD0,LAS Proceedings Code of Ethics page,https://www.lasproceedings.lv/zinatnieka-etikas-kodekss,https://www.lasproceedings.lv/zinatnieka-etikas-kodekss,2026-07-30,accessible,200,0,text/html; charset=UTF-8,5538,,,24085,7309745eec36a8131beb658e5a776f9ce7085d25154e57599e0b916cfdaa59dc,complete received body,initial baseline,not assessed,,true,,
LRS-F8B53E7D404B53,Danish Code of Conduct 2026,https://ufsn.dk/english/publications/2026/januar/danish-code-of-conduct-for-research-integrity,https://ufsn.dk/english/publications/2026/januar/danish-code-of-conduct-for-research-integrity,2026-07-30,accessible,200,0,text/html; charset=utf-8,,,,47216,3ca0918e894f38c15609bebff7e89154fbcfa000ec3f11624c48f100c96330e8,complete received body,initial baseline,not assessed,,true,,
LRS-F8F069A3DA3809,2023 formal-investigation statistics published,https://www.iua.ie/wp-content/uploads/2025/07/National-Stats-on-Formal-Investigations-of-Research-Misconduct-2023.pdf,https://www.iua.ie/wp-content/uploads/2025/07/National-Stats-on-Formal-Investigations-of-Research-Misconduct-2023.pdf,2026-07-30,accessible,200,0,application/pdf,354926,"""68820bdc-56a6e""","Thu, 24 Jul 2025 10:33:00 GMT",354926,751d244af13120e6e35fcd61fe25b3e66bdb527198c3d7f58d4b8309acfd170d,complete received body,initial baseline,not assessed,,true,,
LRS-F906E4DDCA78F8,TUBITAK generative AI guide,https://tubitak.gov.tr/tr/kurumsal/hakkimizda/uretken-yapay-zeka-rehberi,https://tubitak.gov.tr/tr/kurumsal/hakkimizda/uretken-yapay-zeka-rehberi,2026-07-30,accessible,200,0,text/html; charset=UTF-8,14116,"W/""1785420468""","Thu, 30 Jul 2026 14:07:48 GMT",65042,f56fcf05f86ea494d142509309b328850569873c4c8be7adf4df27ffab83a8e1,complete received body,initial baseline,not assessed,,true,,
LRS-F9096AE501D6A5,English scientific framework page,https://www.universite-paris-saclay.fr/en/about/universite-paris-saclay-scientific-framework/ethics-and-scientific-integrity,https://www.universite-paris-saclay.fr/en/about/universite-paris-saclay-scientific-framework/ethics-and-scientific-integrity,2026-07-30,accessible,200,0,text/html; charset=UTF-8,12224,"""1785438635-gzip""","Thu, 30 Jul 2026 19:10:35 GMT",66833,6947791c88a0a133f0396edfe28ec4f388837fe5a13edb3ccc2ad028f09d5ceb,complete received body,initial baseline,not assessed,,true,,
LRS-F93FCA6433418C,Forte AI guidelines for applicants,https://forte.se/sok-finansiering/bedomning-och-beslut/riktlinjer-for-anvandande-av-ai-verktyg,https://forte.se/sok-finansiering/bedomning-och-beslut/riktlinjer-for-anvandande-av-ai-verktyg,2026-07-30,accessible,200,0,text/html;charset=UTF-8,,,,61711,a2c92c5f887c7f22ceca09af1da5013a532fce149b9c626c3f043fd058691a89,complete received body,initial baseline,not assessed,,true,,
LRS-F95A493CB867CB,AUTH EHDE home,https://ehde.auth.gr/en/home,https://ehde.auth.gr/en/home/,2026-07-30,redirected-accessible,200,1,text/html; charset=UTF-8,23539,,,121925,027e4bfef516a007708acc7d2aed547120da16d4b21813234c819e759516f234,complete received body,initial baseline,human review required,,true,,redirect requires equivalence review
LRS-F9B213CEF08703,King's College London Research Integrity Statement hub,https://www.kcl.ac.uk/research/research-environment/rgei/research-integrity/research-integrity-statement,https://www.kcl.ac.uk/research/research-environment/rgei/research-integrity/research-integrity-statement,2026-07-30,accessible,200,0,text/html; charset=utf-8,107642,"W/""a7a29-fWLFaneLTxyXGTy/IK9g5a70qOk""",,687983,084ffa22379f099cd16babfaf5441166ce05fcc55365ee88380520422fca302d,complete received body,initial baseline,not assessed,,true,,
LRS-FA3D6C25F5B286,Detailed template procedure,https://ukrio.org/detailed-template-procedure-for-the-investigation-of-breaches-of-research-integrity,https://ukrio.org/detailed-template-procedure-for-the-investigation-of-breaches-of-research-integrity,2026-07-30,accessible,200,0,text/html; charset=UTF-8,,"""ce7e1ec15cac4821165dbf6ccf41922a""","Thu, 30 Jul 2026 19:10:36 GMT",59917,e6257159cf6b2f5c3bb74a5ca336eeb19be290feb3dbc816543ff5846a8ded7a,complete received body,initial baseline,not assessed,,true,,
LRS-FA4CE1684CAC5F,Government article on open-science implementation,https://www.gov.si/novice/2023-06-06-vlada-odprla-poti-za-uresnicevanje-odprte-znanosti,https://www.gov.si/novice/2023-06-06-vlada-odprla-poti-za-uresnicevanje-odprte-znanosti,2026-07-30,accessible,200,0,text/html; charset=utf-8,,"W/""85abe309eab57544b7240b0ecb1370d2""",,27005,7e6c0f6bba19a81574f3e0cc6bff929835e2e692c4e019dc36a4f7d2052720ae,complete received body,initial baseline,not assessed,,true,,
LRS-FA58A6FA36B236,Older University of Mitrovica final report,https://akreditimi.rks-gov.net/wp-content/uploads/2020/10/FR-UMIB-Institutional-Accreditation.pdf,https://akreditimi.rks-gov.net/wp-content/uploads/2020/10/FR-UMIB-Institutional-Accreditation.pdf,2026-07-30,accessible,200,0,application/pdf,609469,"""94cbd-5d57661aae440""","Thu, 13 Jan 2022 13:08:25 GMT",609469,a49d8d562572cd93cc871ddcf72ef670270df1c81b4214a43eac268c06278a03,complete received body,initial baseline,not assessed,,true,,
LRS-FA6B0FB0F63B26,University of Elbasan Ethics Council,https://uniel.edu.al/universiteti-ue/keshilli-i-etikes,https://uniel.edu.al/universiteti-ue/keshilli-i-etikes,2026-07-30,accessible,200,0,text/html; charset=utf-8,,,"Thu, 30 Jul 2026 19:10:38 GMT",64691,a987b35817c402dd66e02b9abafe4cdefcb1c77417a3d7d6daaa8e259dec45ce,complete received body,initial baseline,not assessed,,true,,
LRS-FA73273580A9DD,Research ethics,https://minside.oslomet.no/en/web/tilsatt/research-ethics,https://minside.oslomet.no/en/web/tilsatt/research-ethics,2026-07-30,accessible,200,0,text/html;charset=UTF-8,,,,105359,794b58c6e15895e6ad7075f07e81b7eb6d9109ee9046e97ee1a0975464e8b5ac,complete received body,initial baseline,not assessed,,true,,
LRS-FA9643F82F6725,HDPA official website,https://www.dpa.gr/en,https://www.dpa.gr/en,2026-07-30,accessible,200,0,text/html; charset=UTF-8,67445,,,67445,d60a536da53b52101982a25a74707ed95c466a8eb1605bbd2836332b09132935,complete received body,initial baseline,not assessed,,true,,
LRS-FA9FA39AACF653,Student disciplinary regulation,https://uni-pr.edu/desk/inc/media/B01BD51D-00E1-4F99-A62C-FD858119CE05.pdf,https://uni-pr.edu/desk/inc/media/B01BD51D-00E1-4F99-A62C-FD858119CE05.pdf,2026-07-30,accessible,200,0,application/pdf,221604,"""d954bf820d8da1:0""","Wed, 17 Jul 2024 08:11:47 GMT",221604,cdaf5c0a5b20956bccbf0531a0d395cf1b90b926dd4cc533221b4678cb12c456,complete received body,initial baseline,not assessed,,true,,
LRS-FAA1F43ABD4137,UM Statute,https://unimediteran.net/wp-content/uploads/2024/10/UM_STATUTE.pdf,https://unimediteran.net/wp-content/uploads/2024/10/UM_STATUTE.pdf,2026-07-30,accessible,200,0,application/pdf,537858,"""83502-66ffd078-7621ab8;;;""","Fri, 04 Oct 2024 11:24:40 GMT",537858,c2907333112db89c0f547d95369e830750b8398fc2b3f81167f4e8469b636ef1,complete received body,initial baseline,not assessed,,true,,
LRS-FAD1B9A3A942C0,Cambridge research misconduct procedure,https://www.cam.ac.uk/research/integrity/research-misconduct,https://www.cam.ac.uk/research/integrity/research-misconduct,2026-07-30,accessible,200,0,text/html; charset=UTF-8,38810,"W/""1785425792""","Thu, 30 Jul 2026 15:36:32 GMT",121905,e111cae1c5eea09c4bfe84916b920829956b421b443321da990f0a86914552cd,complete received body,initial baseline,not assessed,,true,,
LRS-FAE0CA6E7FAE4E,Swedish National Data Service,https://snd.gu.se/en,https://snd.se/en,2026-07-30,redirected-accessible,200,1,text/html; charset=UTF-8,,"""1785438638-gzip""","Thu, 30 Jul 2026 19:10:38 GMT",94444,4b6fa9e02f03cdab47100ad218b69bd358919e633cfbb084bb0c663ffff081cc,complete received body,initial baseline,human review required,,true,,redirect requires equivalence review
LRS-FAF889937D5F27,FWO research ethics,https://www.fwo.be/en/about-fwo/research-policy/research-ethics,https://www.fwo.be/en/about-fwo/research-policy/research-ethics,2026-07-30,accessible,200,0,text/html; charset=utf-8,,,,106085,b25893542a692da8464bfe209ede3e14ac773a3e18348b4b6392cad082d7019d,complete received body,initial baseline,not assessed,,true,,
LRS-FAFE8354BD2477,Industrial Property Office competencies,https://indprop.gov.sk/o-urade/o-urade/posobnost-a-kompetencie,https://indprop.gov.sk/o-urade/o-urade/posobnost-a-kompetencie,2026-07-30,accessible,200,0,text/html; charset=UTF-8,,,,74865,daf8c4b0fcac9fe99dc234391a91de31a4dcfd620c15c9b6da37dadca727d06d,complete received body,initial baseline,not assessed,,true,,
LRS-FB00068B401609,Research Ireland Reporting Compliance,https://www.researchireland.ie/funding-policies/reporting-compliance,https://www.researchireland.ie/funding-policies/reporting-compliance,2026-07-30,accessible,200,0,text/html,,"W/""b4ffaba7a678f8bce4c1dcca5c0c083c""","Thu, 30 Jul 2026 13:04:26 GMT",158246,586a2374f9c763a8b8d62b1bd9732595cad6924d980912327b0448bd8e21026d,complete received body,initial baseline,not assessed,,true,,
LRS-FB55ED5B860156,Growth Plan Reform Agenda records academic-integrity gaps,https://mded.gov.md/wp-content/uploads/2025/05/Agenda-_260-en.pdf,https://mded.gov.md/wp-content/uploads/2025/05/Agenda-_260-en.pdf,2026-07-30,accessible,200,0,application/pdf,2669070,"""68381d18-28ba0e""","Thu, 29 May 2025 08:38:48 GMT",1000000,e23c66820cc72fed02e135815fb4915346d7815848331ec1272ae2125a91a95d,first 1000000 bytes,initial baseline,not assessed,,true,,
LRS-FB628F48960001,Harokopio EHDE regulation,https://www.hua.gr/files/2019/KANONISMOS_EHDE_XPKA.pdf,https://www.hua.gr/files/2019/KANONISMOS_EHDE_XPKA.pdf,2026-07-30,accessible,200,0,application/pdf,,"""48459-58ab94dc6a480-gzip""","Fri, 07 Jun 2019 10:29:22 GMT",296025,650a6be001a5847e6b828d1057a1ee57ef4a3a37691e1e37d70d3a5a54798826,complete received body,initial baseline,not assessed,,true,,
LRS-FB69844F319ACD,AZV CR ethics committee FAQ,https://www.azvcr.cz/en/faq/kdy-se-musi-k-projektu-vyjadrovat-eticka-komise-2,https://www.azvcr.cz/faq/kdy-se-musi-k-projektu-vyjadrovat-eticka-komise-2/,2026-07-30,redirected-accessible,200,1,text/html; charset=UTF-8,,,,188479,d710a698662d5db2b58eaf6dfd88b09b1d91a884da405f471b82766e54c35af4,complete received body,initial baseline,human review required,,true,,redirect requires equivalence review
LRS-FB74A5ADBA4C57,BfR animal experiments,https://www.bfr.bund.de/en/notification/questions-and-answers-on-animal-experiments-alternative-methods-and-animal-experiment-numbers-1,https://www.bfr.bund.de/en/notification/questions-and-answers-on-animal-experiments-alternative-methods-and-animal-experiment-numbers-1,2026-07-30,accessible,200,0,text/html; charset=utf-8,,"W/""fc01bf848e11ce88ac7dec2c8052d9ae""",,423970,a8bd60ae5f0bc19cb73407c383c7d36aca1ea916ca581d9ef1da6055706bc718,complete received body,initial baseline,not assessed,,true,,
LRS-FB9962FED28F84,FH St. Poelten good scientific practice statute,https://www.fhstp.ac.at/de/mediathek/pdfs/infoblaetter/gute_wissenschaftliche_praxis.pdf,https://www.ustp.at/de/mediathek/pdfs/infoblaetter/gute_wissenschaftliche_praxis.pdf,2026-07-30,redirected-accessible,200,1,application/json,,,,3315,ee8c9e7396bc7ad245e3fc5f3edae0e0650aaaaddad1e1a96a12dbf4e0ac8f21,complete received body,initial baseline,human review required,,true,,redirect requires equivalence review
LRS-FBBB59D9D86ED4,NRIF terms of reference,https://www.iua.ie/wp-content/uploads/2023/03/ToR-National-RI-Forum-New-Structure-updated-March-2023.pdf,https://www.iua.ie/wp-content/uploads/2023/03/ToR-National-RI-Forum-New-Structure-updated-March-2023.pdf,2026-07-30,accessible,200,0,application/pdf,400344,"""64085b46-61bd8""","Wed, 08 Mar 2023 09:54:14 GMT",400344,60269c7f71add5c0d11629f4dcf103e8ca3c80ce04e48090ca458c1623cfa371,complete received body,initial baseline,not assessed,,true,,
LRS-FBBF4B80F1C7D9,Onderzoek,https://www.gegevensbeschermingsautoriteit.be/professioneel/thema-s/onderzoek,https://www.gegevensbeschermingsautoriteit.be/professioneel/thema-s/onderzoek,2026-07-30,accessible,200,0,text/html; charset=UTF-8,12844,"""33c5c24b68b0e5e209b41f3d66524cde0164df96-gzip""",,71705,284e3cbd4ef7c2005ed1cc56b2d529b7e9e112a7566f4c4573405849e1a8e88f,complete received body,initial baseline,not assessed,,true,,
LRS-FBD71420EE05AC,VCWI annual reports,https://www.vcwi.be/jaarverslagen,https://www.vcwi.be/jaarverslagen,2026-07-30,accessible,200,0,text/html; charset=utf-8,,,,13522,a3e4c308551ebc5be09872c52728d785802332354418eaf1ee8bd071bc9e6a52,complete received body,initial baseline,not assessed,,true,,
LRS-FC03B5691FA103,Fedlex ordinance V-SQWI,https://www.fedlex.admin.ch/eli/cc/2025/611/en,https://www.fedlex.admin.ch/eli/cc/2025/611/en,2026-07-30,accessible,200,0,text/html,77151,164416676,"Thu, 23 Jul 2026 19:16:53 GMT",77151,3e728a20465ed940d4fcd55a25d62eb329ee9e9be6de660967c2ee75f2090df7,complete received body,initial baseline,not assessed,,true,,
LRS-FC17B01C9A5B1C,KAA Accreditation Standards page,https://akreditimi.rks-gov.net/accreditation-standards,https://akreditimi.rks-gov.net/accreditation-standards/,2026-07-30,redirected-accessible,200,1,text/html; charset=UTF-8,13100,,,71396,2c3468ee788b8d6d7feb7422cc68241199336bb9fbfc7b82be866f97631128ca,complete received body,initial baseline,human review required,,true,,redirect requires equivalence review
LRS-FC1A14EFE27BB6,Higher Education Law consolidated 2024,https://akvo.mk/images/PROPISI/ZAKONI-AKTI/01-Zakon-za-visoko-obrazovanie-konsolidiran-2024.pdf,https://akvo.mk/images/PROPISI/ZAKONI-AKTI/01-Zakon-za-visoko-obrazovanie-konsolidiran-2024.pdf,2026-07-30,accessible,200,0,application/pdf,782320,,"Wed, 28 Aug 2024 10:26:18 GMT",782320,ad8353b305b2a62fb28b590d1811c681812ccf5e453989176441ddf881e8d3a5,complete received body,initial baseline,not assessed,,true,,
LRS-FC2D7795665C60,UCY Guidelines for AI at UCY,https://www.ucy.ac.cy/ai/wp-content/uploads/sites/327/2025/08/UCY-Guidelines-for-AI-at-UCY-ENG.pdf,https://www.ucy.ac.cy/ai/wp-content/uploads/sites/327/2025/08/UCY-Guidelines-for-AI-at-UCY-ENG.pdf,2026-07-30,http-error,403,0,text/html; charset=UTF-8,,,,5952,f571e0f09a94c2317e67e00ab1acb8ef61c30d0c49f62b696068cd8f3c7194ba,complete received body,initial baseline,not assessed,,true,,HTTP 403
LRS-FC3F3EB65025D3,Ulusal Tez Merkezi,https://tez.yok.gov.tr/UlusalTezMerkezi,https://tez.yok.gov.tr/UlusalTezMerkezi/,2026-07-30,redirected-accessible,200,1,text/html;charset=utf-8,,,,33811,5060c2636d96733c06445aae90391f0362488fb0d42d1e461111a7dd095043fe,complete received body,initial baseline,human review required,,true,,redirect requires equivalence review
LRS-FC47FDC2D90F8B,University of Sarajevo Code of Ethics provides the UNSA institutional ethics frame,https://www.unsa.ba/sites/default/files/dodatak/2021-02/EK12.pdf,https://www.unsa.ba/sites/default/files/dodatak/2021-02/EK12.pdf,2026-07-30,accessible,200,0,application/pdf,173007,"""2a3cf-5bb0f5a376c37""","Thu, 11 Feb 2021 13:18:16 GMT",173007,0c2f05d6f7eadbba2e94a78f55456094d4a7fe68f253614dbf378b4ebebe49c9,complete received body,initial baseline,not assessed,,true,,
LRS-FC4F5352943AEF,Evaluation of the NGWI,https://storage.knaw.nl/2024-10/Adviesrapport-Evaluatie-Nederlandse-gedragscode-wetenschappelijke-integriteit-2024.pdf,https://storage.knaw.nl/2024-10/Adviesrapport-Evaluatie-Nederlandse-gedragscode-wetenschappelijke-integriteit-2024.pdf,2026-07-30,accessible,200,0,application/pdf,,"W/""7e4618ce727d3f2274e1cab2d2e2df3e""","Tue, 26 Nov 2024 07:09:12 GMT",1000000,b5329038778c5423272aa7bb978e5444788d385c6b4c2cde80a6af74d169f909,first 1000000 bytes,initial baseline,not assessed,,true,,
LRS-FC8EAF8747CF06,Akvo,https://www.akvo.mk/index.php/en,https://www.akvo.mk/index.php/en,2026-07-30,http-error,500,0,text/html; charset=UTF-8,,,,20879,a6b3f4913fdfb574da46d0a68d3486a5d5724640c43d5ad9f9a1a975d01af96a,complete received body,initial baseline,not assessed,,true,,HTTP 500
LRS-FC94FDDFC2998F,APDP/CCIN 2023 annual report,https://apdp.mc/wp-content/uploads/2025/01/Rapport-CCIN-2023.pdf,https://apdp.mc/wp-content/uploads/2025/01/Rapport-CCIN-2023.pdf,2026-07-30,accessible,200,0,application/pdf,11292160,,"Thu, 16 Jan 2025 16:31:19 GMT",1000000,8d78debae7e79369a6e51efd2af06bb0daff949352f8b1384c5a36e0e43c1fcd,first 1000000 bytes,initial baseline,not assessed,,true,,
LRS-FC9FDAE21C79F9,TUM compliance office,https://www.tum.de/en/about-tum/goals-and-values/tum-compliance-office,https://www.tum.de/en/about-tum/goals-and-values/tum-compliance-office,2026-07-30,accessible,200,0,text/html; charset=utf-8,37233,,"Thu, 30 Jul 2026 13:32:53 GMT",389774,55e6afcb4743e808f0e07c10c9cd0e6c240370808c9e0076a3ca6ee6aafc9178,complete received body,initial baseline,not assessed,,true,,
LRS-FCCCA74A0FB827,Ethical review of research on humans,https://www.helsinki.fi/en/research/services-researchers/ethical-review-research/humanities-social-sciences-and-behavioural-sciences,https://www.helsinki.fi/en/research/services-researchers/ethical-review-research/humanities-social-sciences-and-behavioural-sciences,2026-07-30,accessible,200,0,text/html; charset=UTF-8,,"W/""1785438640""","Thu, 30 Jul 2026 19:10:40 GMT",342751,1143afad968edffbb8a799a8446a352f14520c68127d6a79513b295831d17b50,complete received body,initial baseline,not assessed,,true,,
LRS-FCED32DCB2D740,Integrity gains further prominence in quality-assurance governance,https://unibericht.bmbwf.gv.at/2023/83,https://unibericht.bmbwf.gv.at/2023/83/,2026-07-30,redirected-accessible,200,1,text/html,69667,"""537f25d05937db1:0""","Fri, 15 Nov 2024 12:28:02 GMT",69667,ccf1171f1676d5162890d8fc0fca0513cfa0394d05e36e966d9aec77fac364a1,complete received body,initial baseline,human review required,,true,,redirect requires equivalence review
LRS-FD00E8308281DD,POL-on network page,https://polon.nauka.gov.pl/siec-polon/en,https://polon.nauka.gov.pl/siec-polon/en/,2026-07-30,redirected-accessible,200,1,text/html; charset=UTF-8,12009,,,59020,d63d3bff2450088e8cf1478dc3a83a882c127c73720459bd352e682253a6b136,complete received body,initial baseline,human review required,,true,,redirect requires equivalence review
LRS-FD23356A7E521F,NCEQE accreditation page,https://eqe.ge/en/page/parent/519/akreditatsia,https://eqe.ge/en/page/parent/519/akreditatsia,2026-07-30,accessible,200,0,text/html; charset=UTF-8,,,,68399,4c376e7e1595bc3971bb8704bcd3e255c2e0ed55e81113be0304b74adb8ed1f3,complete received body,initial baseline,not assessed,,true,,
LRS-FD3DDD857747EC,National Board for Research and Innovation,https://www.nbri.gov.cy/,https://www.nbri.gov.cy/,2026-07-30,accessible,200,0,text/html; charset=UTF-8,,,"Thu, 30 Jul 2026 16:37:15 GMT",116885,dce180d2c966adb3e5010464242bed863c90ce87f30d0e04454fe75083dfcc77,complete received body,initial baseline,not assessed,,true,,
LRS-FD7DBDCD19F5B8,SQE article on academic integrity and quality education,https://sqe.gov.ua/en/academic-integrity-an-essential-prerequisite-for-providing-a-quality-education,https://sqe.gov.ua/en/academic-integrity-an-essential-prerequisite-for-providing-a-quality-education,2026-07-30,http-error,403,0,text/html; charset=UTF-8,,,,5836,673c2deb882e827b8bc6274d7cf82318876a97a2da6e60f9b601667ad66896f5,complete received body,initial baseline,not assessed,,true,,HTTP 403
LRS-FD88513B4F11B6,FNRS scientific policy,https://www.frs-fnrs.be/en/politique-scientifique,https://www.frs-fnrs.be/en/our-commitments/scientific-policy,2026-07-30,redirected-accessible,200,1,text/html; charset=UTF-8,,,,129536,dac31774929c9f72dfd6c6a8720a115b8a99f99014f23daa2b036f1fcf0c25bd,complete received body,initial baseline,human review required,,true,,redirect requires equivalence review
LRS-FDACBAF71466BF,Code of Ethics and Good Practices,https://imif.lukasiewicz.gov.pl/wp-content/uploads/2024/07/Kodeks_etyki_i_dobrych_praktyk_Siec_Badawcza_Lukasiewicz.pdf,https://imif.lukasiewicz.gov.pl/,2026-07-30,redirected-accessible,200,1,text/html; charset=UTF-8,,,,570272,1dffc8b827b4a26f20bc3f30a5169c586bc783f3e9e41692b3e3a652e41939a1,complete received body,initial baseline,human review required,,true,,redirect requires equivalence review
LRS-FDD2DC4FC64538,ANC legislation page,https://www.research.gov.ro/autoritate/legislatie,https://www.research.gov.ro/autoritate/legislatie,2026-07-30,network-error,,0,,,,,0,,none,initial unavailable baseline,not assessed,,true,fetch failed,network access failed
LRS-FDFAF3FE881E6D,Doctoral programme,https://www.uda.ad/programa-de-doctorat,https://www.uda.ad/programa-de-doctorat/,2026-07-30,redirected-accessible,200,1,text/html; charset=UTF-8,49118,,,304191,20c4056c1374c74c644345b107a62e0d37f691a33d1189cd3b3508be02300511,complete received body,initial baseline,human review required,,true,,redirect requires equivalence review
LRS-FE0B538726FA3A,Act No. 328/2025 adopted,https://openscience.lib.cas.cz/en/policy-en/new-act-on-research-development-innovation-and-knowledge-transfer,https://openscience.lib.cas.cz/en/policy-en/new-act-on-research-development-innovation-and-knowledge-transfer/,2026-07-30,redirected-accessible,200,1,text/html; charset=UTF-8,17827,,,78596,075d2400199d874775d8c9d2cbdc8f1fa48403f2837f6f7acda8179ac3feccd2,complete received body,initial baseline,human review required,,true,,redirect requires equivalence review
LRS-FE35EDAC3AA04C,Ethics Council annual report 2021-2022,https://www.unizg.hr/fileadmin/rektorat/O_Sveucilistu/Tijela_sluzbe/Senat/Odluke/2022-2023/2023-12-13-Odluka_Eticki_savjet.pdf,https://www.unizg.hr/fileadmin/rektorat/O_Sveucilistu/Tijela_sluzbe/Senat/Odluke/2022-2023/2023-12-13-Odluka_Eticki_savjet.pdf,2026-07-30,accessible,200,0,application/pdf,918511,"""660e06-e03ef-60826035b8a07""","Fri, 20 Oct 2023 13:40:18 GMT",918511,e32779ddf282520def4bc6dcb6c78be8183f18c9307ff512fceed639c217a348,complete received body,initial baseline,not assessed,,true,,
LRS-FE44DA68700F01,SEEU Statute,https://www.seeu.edu.mk/files/2019-2020/1/Approved%20Statute%202019.pdf,https://www.seeu.edu.mk/files/2019-2020/1/Approved%20Statute%202019.pdf,2026-07-30,accessible,200,0,application/pdf,569637,"""696f6d3c-8b125""","Tue, 20 Jan 2026 11:55:40 GMT",569637,f6e3e5b1d2ecc3247cd0408bb699fd2ad2562ffa9a6d93d118c124d93baf60aa,complete received body,initial baseline,not assessed,,true,,
LRS-FED2F4D86F1E0D,School of Medicine Ethics Committee,https://mef.sum.ba/o-nama/povjerenstva/eticko-povjerenstvo,https://mef.sum.ba/o-nama/povjerenstva/eticko-povjerenstvo/,2026-07-30,redirected-accessible,200,1,text/html; charset=UTF-8,17570,,,110709,a936749e1cc88e1c0269487a39892f4557c15019f8e00aaa5b21dfe45c94ddcb,complete received body,initial baseline,human review required,,true,,redirect requires equivalence review
LRS-FEDB31E21A7A80,AUTH EHDE regulation,https://ehde.auth.gr/wp-content/uploads/sites/65/2025/10/Regulation.pdf,https://ehde.auth.gr/wp-content/uploads/sites/65/2025/10/Regulation.pdf,2026-07-30,accessible,200,0,application/pdf,4914602,"""4afdaa-6408d550a3921""","Tue, 07 Oct 2025 08:27:01 GMT",1000000,e56211a8effc03162291f0d19e1524aa0ed357562727f36c88728951d5121bf1,first 1000000 bytes,initial baseline,not assessed,,true,,
LRS-FEEDFBBBE7C369,BMC documents,https://biomed.lu.lv/about-us/documents,https://biomed.lu.lv/about-us/documents/,2026-07-30,redirected-accessible,200,1,text/html; charset=UTF-8,10291,,,46612,f5274777155fc9a9749a781cfbc4b5482395fd7607e21494fab6eedc25852275,complete received body,initial baseline,human review required,,true,,redirect requires equivalence review
LRS-FEFB13B921ABC2,Recommendations related to Academic Ethics Codes,https://etikostarnyba.lt/wp-content/uploads/2021/05/V-38-Recommendations-related-to-Academic-Ethics-Codes.pdf,https://etikostarnyba.lt/wp-content/uploads/2021/05/V-38-Recommendations-related-to-Academic-Ethics-Codes.pdf,2026-07-30,accessible,200,0,application/pdf,201274,,"Wed, 19 May 2021 06:03:38 GMT",201274,e7f416e9ab4c72e46bd3349b984215387f91b2796c857ef7de59fd7d0141d30e,complete received body,initial baseline,not assessed,,true,,
LRS-FF1D3A4B4BCAB4,ALVA animal-use annual report 2024,https://agriculture.public.lu/dam-assets/veroeffentlichungen/berichte/tiere/2024-alva-tiere-laboranalyse.pdf,https://agriculture.public.lu/dam-assets/veroeffentlichungen/berichte/tiere/2024-alva-tiere-laboranalyse.pdf,2026-07-30,accessible,200,0,application/pdf,720227,,,720227,41aff4a932423f92193a8ddc8e4301132963b8dcc9c532fc81ede8f1b7b5da00,complete received body,initial baseline,not assessed,,true,,
LRS-FF5D09D7815045,Experimental animals,https://pta.agri.ee/en/animals/experimental-animals,https://pta.agri.ee/en/animals/experimental-animals,2026-07-30,http-error,403,0,text/html; charset=UTF-8,,,,5837,a4d44da65c2a5178ceba470619066963cdc9a8708f4a605215e3e13263a5aed7,complete received body,initial baseline,not assessed,,true,,HTTP 403
LRS-FF60D34DABC280,Health Ethics Committee,https://healthethicscommittee.gov.mt/en,https://healthethicscommittee.gov.mt/en,2026-07-30,http-error,403,0,text/html; charset=UTF-8,,,,5702,f134ecdca75e66e8035f3a0d8b4669cdacb05c5a10b5c8cb14160439e8e70e7b,complete received body,initial baseline,not assessed,,true,,HTTP 403
LRS-FF6DCCA8BBB958,Scientific Research Coordination Council establishment note,https://ica.az/en/elmi-t%C9%99dqiqatlarin-elaq%C9%99l%C9%99ndirilm%C9%99si-surasi-yaradilib,https://ica.az/en/elmi-t%C9%99dqiqatlarin-elaq%C9%99l%C9%99ndirilm%C9%99si-surasi-yaradilib/,2026-07-30,redirected-accessible,200,1,text/html; charset=UTF-8,,,,71682,29b49025728b8e85589019d00d3360fd70c5b496906e5f64fe2587e3e5e4f180,complete received body,initial baseline,human review required,,true,,redirect requires equivalence review
LRS-FF93B4B889B4C6,VAK dissertation-councils tab,https://vak.minobrnauki.gov.ru/dc,https://vak.minobrnauki.gov.ru/dc,2026-07-30,network-error,,0,,,,,0,,none,initial unavailable baseline,not assessed,,true,fetch failed,network access failed
LRS-FFAB4010A1BBA5,Open access procedure document,https://lmt.lrv.lt/public/canonical/1736489852/3941/ATVIROSIOS%2BPRIEIGOS%2BTVARKOS%2BAPRA%C5%A0AS.pdf,https://lmt.lrv.lt/public/canonical/1736489852/3941/ATVIROSIOS%2BPRIEIGOS%2BTVARKOS%2BAPRA%C5%A0AS.pdf,2026-07-30,http-error,403,0,text/html; charset=UTF-8,,,,5957,604930a7005f4f8cdb90fa887852413724fd1783e13feec53e58c9a8f03f55ff,complete received body,initial baseline,not assessed,,true,,HTTP 403
LRS-FFB5703D93495A,Sanquin research code,https://www.sanquin.nl/en/research/about-research/research-code,https://www.sanquin.nl/en/research/about-research/research-code,2026-07-30,accessible,200,0,text/html; charset=UTF-8,,"W/""1785438644""","Thu, 30 Jul 2026 19:10:44 GMT",29097,f0b1a7ad94055b1aeb8e8c831f6f31a398ac2a1892fdc4b7c697b3d3c3d07d46,complete received body,initial baseline,not assessed,,true,,
LRS-FFC1658EF1E470,CNBC members,https://www.bioethics.gov.cy/moh/cnbc/cnbc.nsf/page12_en/page12_en%3FOpenDocument,https://www.gov.cy/bioethics/,2026-07-30,http-error,403,1,text/html,,,,7850,2ebc2c9bf9edb522b3473d5e638a0ad547514b33fcf269739bd8c3dc9d3e53a8,complete received body,initial baseline,human review required,,true,,redirect requires equivalence review | HTTP 403
LRS-FFC8D71A23F1F7,Terms and conditions for grants,https://www.vr.se/english/applying-for-funding/requirements-terms-and-conditions/terms-and-conditions-for-our-grants.html,https://www.vr.se/english/applying-for-funding/requirements-terms-and-conditions/terms-and-conditions-for-our-grants.html,2026-07-30,accessible,200,0,text/html;charset=UTF-8,,,,100414,ba91435314b98a65c859fc5b5e6a96174a5d87612aeb19cec09d888ddb78621a,complete received body,initial baseline,not assessed,,true,,
LRS-FFD54DED1F7C50,ENRIO Annual Report 2024,https://www.enrio.eu/wp-content/uploads/2025/04/ENRIO-ANNUAL-REPORT-2024.pdf,https://www.enrio.eu/wp-content/uploads/2025/04/ENRIO-ANNUAL-REPORT-2024.pdf,2026-07-30,accessible,200,0,application/pdf,586046,"""8f13e-633eace4a05f0""","Tue, 29 Apr 2025 13:30:36 GMT",586046,f1f80e3e235721e2b2ac3eb9f76adcdbd1069301acf40b35aa24824980b7690d,complete received body,initial baseline,not assessed,,true,,
LRS-FFED95BDEA9C5C,KAA monitoring and post-accreditation regulation,https://akreditimi.rks-gov.net/wp-content/uploads/Regulation-KAA-Nr.04-2025-on-Monitoring-and-Post-Accreditation-procedures-KAA-.pdf,https://akreditimi.rks-gov.net/wp-content/uploads/Regulation-KAA-Nr.04-2025-on-Monitoring-and-Post-Accreditation-procedures-KAA-.pdf,2026-07-30,accessible,200,0,application/pdf,339080,"""52c88-639e35b657880""","Mon, 14 Jul 2025 13:08:34 GMT",339080,5df10d87854773a58a1c9574e4416ca15d37a0b16e50f1569056c71cc0ac6226,complete received body,initial baseline,not assessed,,true,,
